record_index,accession_number,title,year,doi,article_link,urls,abstract
3177,rayyan-628422093,"Sweetpotato whitefly control by Naturalis-L, the fungus Beauveria bassiana, in furrow and sub-drip irrigated upland cotton",1994,,http://europepmc.org/abstract/AGR/IND20454880,http://europepmc.org/abstract/AGR/IND20454880,"Sundance Farms of Coolidge, AZ was the primary study site with DPL 5415 cotton. For the furrow irrigation test, a field was divided into two 15-acre halves. Beauveria bassiana (as Naturalis-L) was applied to one half of the field (15 sub-sampling plots, 3 X 5). The synthetic pyrethroids bifenthrin (as Capture) and zeta-cypermethrin (as Mustang) were applied to the second half (5 and 10 ac, subplots of 1 X 5 and 2 X 5, respectively) as a standard for comparison. For the sub-drip irrigated test, 2 fields were used. In field one, 15 ac were treated with B. bassiana and in the second field, bifenthrin was applied to 5 and zeta-cypermethrin to 10 ac. Sub-plot divisions were similar to the furrow irrigation test. Label application were used at 25-30 gal/ac applied with a ground sprayer (JD 6000 HI CYCLE) with inverted Y drops on the boom at 70-90 psi. Five applications were made by ground in August and September. All life stages of sweetpotato whitefly (SPWF) Bemisia tabaci were sampled. For SPWF egg counts in drip-irrigated cotton, mean number/cm2 were 0.07, 0.04, and 0.10 for B. bassiana, bifenthrin, and zeta-cypermethrin treatments, respectively. Differences among means were not significant. For SPWF egg counts in furrow-irrigated cotton, mean number/cm2 were 4.60, 1.24, and 1.50 for B. bassiana, bifenthrin, and zeta-cypermethrin, respectively; differences between means for drip versus furrow irrigation were significant at P < 0.05. By 2-way ANOVA, the B. bassiana egg mean in furrow irrigation (4.60) was significantly different from all other means at P < 0.001 - interaction. For SPWF large immature counts in drip-irrigated cotton, mean number/cm2 were 0.02, 0.03, and 0.04 for B. bassiana, bifenthrin, and zeta-cypermethrin, respectively; differences among means were not significant. For SPWF large immature counts in furrow-irrigated cotton, mean number/cm2 were 0.45, 0.40, and 0.45 for B. bassiana, bifenthrin, and zeta-cypermethrin, respectively; differences between means for drip versus furrow irrigation were significant at P < 0.05. There was no interaction. For furrow irrigation, mean counts per cm2 of large immatures at the end of the season were 6.6, 5.9, 6.9, and 5.9 for B. bassiana, bifenthrin, and zeta-cypermethrin, and a ""best agricultural practices field"", respectively; differences among means were not significant. However, for an untreated field (received one insecticide treatment-late season) the mean was 41.3 and was significantly different from the other means at P < 0.001. The yields, in bales, for the treated fields were all > 2.8 and was < 2.1 for the untreated field; these differences were significant at P < 0.05. None of the cotton, neither leaves nor lint showed signs of stickiness in treated plots. An additional experiment was conducted in small plots at the USDA, ARS Western Cotton Research Laboratory, also with DPL 5415. A split plot design (3 rows X 16 ft) with 5 plots and 4 replicates per treatment received three 5-7 day interval applications of B. bassiana for one treatment and the other was the control. This test was done in September to present a ""worst case scenario"" in terms of SPWF numbers. For B. bassiana treated plots, mean number of eggs /cm2 were 39.11 versus 46.67 for the control plots; means were not significantly different. However, for the mean number of large immatures, 1.33 for B. bassiana treated plots and 3.64, the difference was highly significant at P < 0.001 and represented a percent reduction of 63%. This work also showed that sub-drip irrigated cotton supported significantly lower populations of SPWF than did furrow-irrigated cotton."
4317,rayyan-628423265,The effects and persistence of the fungus Beauveria bassiana (Mycotrol) and imidacloprid (Provado) on tarnished plant bug mortality and feeding,1997,,http://europepmc.org/abstract/AGR/IND20612544,http://europepmc.org/abstract/AGR/IND20612544,"The effectiveness of Mycotrol WP and Provado 1.6F were tested alone and in combination to control adult tarnished plant bug. Mycotrol WP contains the natural insect pathogen Beauveria bassiana which can infect a wide host range. Provado 1.6F contains imidacloprid which possesses activity against sucking insects. When Mycotrol and Provado were applied together at half of the maximum recommended rate for both insecticides, control was equal to that of Provado alone at maximum rate and greater than Mycotrol alone at maximum rate. Provado significantly increased tarnished plant bug mortality for at least 48 hours after spray. Mycotrol significantly increased mortality for 24 hours after spraying. Results from feeding trials suggested that plant bugs exposed to Provado showed an immediate decrease in feeding while those treated with Mycotrol only decreased feeding seven days after exposure."
490,rayyan-628415920,Effects of Biorational Pesticides on Four Coccinellid Species (Coleoptera: Coccinellidae) having Potential as Biological Control Agents in Interiorscapes,2000,10.1603/0022-0493-93.3.732,https://doi.org/10.1603/0022-0493-93.3.732,https://app.dimensions.ai/details/publication/pub.1020467884,"The direct toxicity of insecticidal soap, horticultural oil, Azatin, an extract from the Neem tree containing azadiractin, and BotainiGard, a commercial formulation of the entomopathogenic fungus Beauveria bassiana, was assessed on adults of four species of coccinellids--Hippodamia convergens (Guerin-Meneville), Coleomegilla maculata (DeGeer), Harmonia axyridis Pallas, and Cryptolaemus montrouzieri Mulsant. All biorationals caused less mortality than a conventional pesticide, carbaryl (Sevin). Horticultural oil (Sunspray ultrafine oil) consistently had no effect on beetle survivorship. Insecticidal soap (M-Pede) significantly reduced survival in all replicates for C. maculata and in at least one of the three replicates for the other three coccinellid species. Beauveria bassiana (BotaniGard) significantly reduced survival of C. montrouzieri at 72 h after spray in all three replicates. Azatin reduced survivorship in only one species, C. maculata, in only one of the three replicates."
2896,rayyan-628421802,Mycoinsecticides for aphid management : a biorational approach,2000,,http://europepmc.org/theses/ETH/523877,"[""http://europepmc.org/theses/ETH/523877"", ""https://ethos.bl.uk/OrderDetails.do?uin=uk.bl.ethos.523877""]","This study considered a novel approach to selecting isolates of Hyphomycete fungi as mycoinsecticides for biological control of aphids in arable crops in the UK. The approach was designed to select isolates which were compatible with both the biotic and abiotic environment. Aphis fabae was chosen as a representative target aphid for bioassays, based on results of preliminary experiments. Eighteen isolates of fungi were screened at a single concentration of 1x 108 conidia ml1 against apterous adult A. fabae, which were incubated at 23C. Spray applications were made using an electrostatic rotary atomiser in both laboratory and field experiments. Isolates that originated from aphid hosts were most pathogenic to A. fabae. Four isolates were selected for further studies; ARSEF 2879 (Beauveria bassiana), HRI 1.72 (Verticillium lecanii), Mycotrol strain GHA (B. bassiana) and Z11 (Paecilomyces fumosoroseus). Isolate HRI 1.72 was most virulent to A. fabae in dose-response assays compared to other isolates; at concentrations of 1x 105 conidia ml1 and above, mortality of aphids due to infection by HRI 1.72 was 100%. Isolates of P. fumosoroseus and V. lecanii were able to grow and germinate better in vitro ... (continues)"
3719,rayyan-628422650,Biological control of greenhouse whitefly (Trialeurodes vaporariorum) with fungal insecticides,2003,,http://europepmc.org/abstract/MED/15149114,http://europepmc.org/abstract/MED/15149114,"The influence of the biological insecticide Botanigard (Beauveria bassiana) on different developmental stages of the greenhouse whitefly (Trialeurodes vaporariorum) has been tested and compared with the influence of Preferal (Paecilomyces fumosoroseus), also a biological product. Six experiments were set up to test the two products on eggs, which were four and seven days old, on larvae of the first, second/third and fourth stage and to test the effect on egg-deposition. These experiments were all conducted on cucumber. Egg-deposition was limited to a small area on the leaf by using leaf cages. To evaluate these tests the number of eggs or larvae developed to the next stage has been counted and compared to the total amount of eggs or larvae on the leaves. The results revealed that Botanigard has an effect on the larval stages. The first larval stage is most sensitive; the next stages have a decreasing sensitivity. There was no influence on the hatching of the eggs, but a treatment short before the hatching could have a residual effect on the new nymphs. When the treatment with Botanigard is performed shortly before a moult or a fungicide treatment, the efficacy of the product decreases significantly. The influence of Preferal on the greenhouse whitefly is, under the same circumstances, less obvious."
4781,rayyan-628423732,Effect of air humidity on the infection potential of hyphomycetous fungi as Mycoinsecticides for Trialeurodes vaporariorum,2003,10.1080/0958315021000073457,https://doi.org/10.1080/0958315021000073457,"[""http://europepmc.org/abstract/AGR/IND43646757"", ""https://doi.org/10.1080/0958315021000073457""]","Two commercial mycoinsecticides, 'Mycotal', based on Verticillium lecanii and 'Naturalis-L', on Beauveria bassiana, were used at dosages recommended by manufacturers to examine effects of a range of medium and high humidities on infection towards Trialeurodes vaporariorum. Two series of bioassays were carried out using special devices. In one series, a non-excised bean leaf was sandwiched in order to create a chamber above the whitefly-infected area. In another series, three potted whole bean plants were maintained in an airtight plastic box. In both series, conducted at 25 degrees C, relative humidity (RH) was controlled by injecting a circulating constant flow of humidity-regulated air which had passed over a salt solution used to maintain targeted air humidity levels (ranging from 53 to 98.5 and 75 to 98.5% RH, respectively). Microclimatic measurements demonstrated that non-excised leaves significantly increased the air humidity in the air circulating in the immediate environment of the leaf surface as well as that of the whole plant. In the first series of assays under all RH conditions tested (from 70 to 98% RH after passage above the leaves), both mycoinsecticides induced high mortality rates (92-100%). The fungal effect occurred early, since at least 70% of whiteflies died as second instars, before the next molt occurred. Fungus-induced mortality appeared to be independent of the expected humidity level. In the second series of assays, mortality rates were high (98-100"
1070,rayyan-628419782,The entomopathogenic fungus Beauveria bassiana and its compatibility with triflumuron: effects on the twospotted spider mite Tetranychus urticae,2003,10.1016/s1049-9644(02)00123-8,https://doi.org/10.1016/s1049-9644(02)00123-8,"[""http://europepmc.org/abstract/AGR/IND23316244"", ""https://doi.org/10.1016/S1049-9644(02)00123-8""]","Laboratory studies were conducted to determine the effects of the mycoinsecticide Naturalis-L (Beauveria bassiana conidial formulation) on the twospotted spider mite Tetranychus urticae. Compatibility of B. bassiana with triflumuron (benzoylphenyl urea typically used as an insecticide, but also with acaricide effects), was also investigated in order to incorporate both in the control of this pest. For each juvenile stage, 180-22,800 viable conidia/mL on deutonymphs, 380-12,160 viable conidia/mL on protonymphs, and 712-7480 viable conidia/mL on larvae were evaluated. For the adult stage, the concentrations ranged from 213 to 54,720 viable conidia/mL. The mortality data used in the analysis were those accumulated after 5 days of treatment for deutonymphs and protonymphs, 7 days for larvae and 9 days for adults. The lethal concentration to kill 50% (LC50) for the juvenile stages was 3184 viable conidia/mL (their probit-log concentration regression lines were the same), and 1949 viable conidia/mL for adults. No significant differences in mortality were observed among egg age classes (24-, 48-, 72-, and 96-h-old eggs) at the tested concentrations (1400-22,800 viable conidia/mL). When B. bassiana was combined with 0.25 g Alsystin (25% triflumuron as a wettable powder)/L, mite egg mortality decreased significantly. Triflumuron reduced mycelial growth but not conidial germination of B. bassiana. This fungus is a possible candidate to be included in integrated pest management programs"
1402,rayyan-628420138,Efficacy of Beauveria bassiana (Hyphomycetes) for control of Russian wheat aphid (Homoptera: Aphididae) on resistant wheat under field conditions,2004,10.1080/09583150410001683501,https://doi.org/10.1080/09583150410001683501,"[""http://europepmc.org/abstract/AGR/IND43731302"", ""https://doi.org/10.1080/09583150410001683501""]","The Russian wheat aphid, Diuraphis noxia (Kurdjumov) (Homoptera: Aphididae) is considered the most important pest of wheat produced under dryland field conditions in South Africa. As part of an integrated pest management strategy, the entomopathogenic hyphomycete Beauveria bassiana (Balsamo) Vuillemin was evaluated in combination with antibiotic host plant resistance under dryland field conditions during 1998 and 1999. A commercial formulation, Mycotrol ES, was applied at a rate of 2.4 L (5 x 10(13) conidia) per hectare +0.1% organosilicone surfactant. During both years, two applications were administered, i.e., on growth stages 31 (first node detectable) and 39 (early flag leaf). An additional treatment, application at growth stage 39 only, was included during 1999. Over the duration of the 1998 trial, ca. 65% fewer aphids were observed on treated plots compared with controls. A similar level of population reduction was observed during the 1999 trial; however, treatment effects were only briefly evident due to a rapid field-wide decline in aphid populations caused by adverse (cool, wet) weather conditions. The early application (GS 31) resulted in some level of control only during 1998. It was hypothesized that this phenomenon was the result of greater exposure to the spray applications and/or greater secondary pick-up of fungal inoculum by the aphids due to the higher level of aphid activity observed on the cultivar employed during that year. In this regard, migration of D."
3941,rayyan-628422880,"Evaluation of Beauveria bassiana applications against adult house fly, Musca domestica, in commercial caged-layer poultry facilities in New York state",2005,10.1016/j.biocontrol.2005.03.011,https://doi.org/10.1016/j.biocontrol.2005.03.011,"[""http://europepmc.org/abstract/AGR/IND43710387"", ""https://doi.org/10.1016/j.biocontrol.2005.03.011""]","Applications of a commercially produced Beauveria bassiana product, balEnce, were compared with pyrethrin treatments for the control of adult house flies in New York high-rise, caged-layer poultry facilities. An integrated fly management program, which included the release of house fly pupal hymenopteran parasitoids, was used at all facilities. Adult house fly populations were lower in B. bassiana-treated facilities during the spray and post-spray periods, as recorded on spot cards. Concurrently, the numbers of house fly larvae recovered in B. bassiana-treated facilities were less than one-half that of the pyrethrin-treated facilities. House fly pupal parasitism levels were low, but similar under both treatment regimes. The numbers of adult and larval Carcinops pumilio, a predatory beetle, recovered from B. bassiana-treated facilities were 43 and 66% greater than from the pyrethrin-treated facilities, respectively."
2871,rayyan-628421777,"Laboratory and glasshouse evaluation of entomopathogenic fungi against the two-spotted spider mite, Tetranychus urticae (Acari: Tetranychidae), on tomato, Lycopersicon esculentum",2005,10.1080/09583150410001720617,https://doi.org/10.1080/09583150410001720617,"[""http://europepmc.org/abstract/AGR/IND43703437"", ""https://doi.org/10.1080/09583150410001720617""]","Forty isolates of entomopathogenic fungi from six genera were assessed against the two-spotted spider mite, Tetranychus urticae, in a single dose, direct application laboratory bioassay on tomato leaflets. Only three isolates caused greater mortality than the control: these were Metarhizium anisopliae 442.99, Hirsutella spp. 457.99, and Verticillium lecanii 450.99. These isolates were assessed in a multiple dose bioassay, together with three isolates cultured from commercial biopesticides as follows: Beauveria bassiana 432.99 (cultured from 'Naturalis-L', Troy Biosciences, Phoenix, TX, USA); Hirsutella thompsonii 463.99 (cultured from 'Mycar', Abbott Laboratories USA); and V. lecanii 19.79 (used in 'Mycotal' Koppert BV, The Netherlands). Beauveria bassiana 432.99, H. thompsonii 463.99, M. anisopliae 442.99, and V. lecanii 450.99 were all pathogenic to T. urticae in this bioassay. In addition, it was found that the mortality caused by B. bassiana 432.99 and Naturalis-L was increased when the mites were exposed to tomato leaflets sprayed previously with conidia suspensions, compared to spraying the mites directly. In a glasshouse experiment, sprays of B. bassiana 432.99, H. thompsonii 463.99, M. anisopliae 442.99, V. lecanii 450.99 and Naturalis-L reduced T. urticae populations in a tomato crop grown according to commercial practice. Naturalis-L reduced T. urticae numbers by up to 97%. In a second glasshouse experiment, single sprays of Naturalis-L and the acaricide fenbutatin"
434,rayyan-628415801,Synergistic interaction between Beauveria bassiana- and Bacillus thuringiensis tenebrionis-based biopesticides applied against field populations of Colorado potato beetle larvae,2005,10.1016/j.jip.2005.09.005,https://doi.org/10.1016/j.jip.2005.09.005,https://app.dimensions.ai/details/publication/pub.1036012633,"Commercial biopesticides based on the fungal pathogen Beauveria bassiana strain GHA and the bacterial pathogen Bacillus thuringiensis tenebrionis were applied alone and in combination (tank mixed) against larval populations of the Colorado potato beetle, Leptinotarsa decemlineata, in small plots of potatoes over three field seasons. Interactions between the two products were evaluated in terms of pest-control efficacy. B. bassiana (formulated as Mycotrol) was applied at low and medium label rates of 1.25 and 2.5 x 10(13) conidia/ha, and B. thuringienis (formulated as Novodor) was applied at low and high label rates of 40.3 and 120.8 x 10(6) Leptinotarsa units/ha. Two weekly applications of the bacterial pesticide alone provided 50-85% control of beetle larvae within 14 days after the initial application, while applications of the mycopesticide alone produced no greater than 25% control. Maximum control, in nearly all tests, was produced by the combination of the two products. The combined treatments produced a statistically significant 6-35% greater reduction in larval populations than would have been predicted had the two biopesticides acted independently. This low-level synergistic interaction was observed during all field seasons and resulted from combinations at all rates, including, in one of two tests, the low rates of each product. These results indicate that B. thuringiensis and B. bassiana have strong potential for integrated biologically based management of Colorado"
1666,rayyan-628420426,Effects of different Beauveria bassiana isolates on field populations of Lygus lineolaris in pigweed (Amaranthus spp.),2006,10.1016/j.biocontrol.2006.08.005,https://doi.org/10.1016/j.biocontrol.2006.08.005,"[""http://europepmc.org/abstract/AGR/IND43862193"", ""https://doi.org/10.1016/j.biocontrol.2006.08.005""]","The tarnished plant bug, Lygus lineolaris (Palisot de Beauvois), is a pest of various fruit, vegetable, fiber, and seed crops; including cotton. Lygus spp. populations often build on alternate host plants before moving to cotton, and in the midsouthern U.S. wild host plants, such as pigweed (Amaranthus spp.), play a major role in L. lineolaris population development. Three isolates of the entomopathogenic fungus Beauveria bassiana (Balsamo) were evaluated for L. lineolaris control in redroot pigweed (Amaranthus retroflexus L.): one from L. lineolaris in Mississippi (TPB3); one from Lygus hesperus (Knight) in California (WTPB2); and one commercial isolate from Mycotrol(R) (GHA). Fungal applications resulted in moderate to high mycosis in adults (33 to 80%) and moderate mycosis in nymphs (36 to 53%) that were collected from field plots at 2 days post-treatment and incubated under laboratory conditions. Although TPB3 was previously found to be more pathogenic in laboratory bioassays, there was not a consistent separation of this isolate from the other two isolates in field trials. Where differences in adult mycosis or mortality were observed, TPB3 was the most pathogenic. However, in one field trial 7 day mortality for nymphs treated with GHA was higher than those treated with TPB3 or WTPB2. Infection rates at 2, 7, and 14 days post-treatment from caged and non-caged adults suggested that movement of adults among plots occurred, which could have masked some treatment effects. Fung"
4045,rayyan-628422986,Influence of temperature on the insecticidal effect of Beauveria bassiana in combination with diatomaceous earth against Rhyzopertha dominica and Sitophilus oryzae on stored wheat,2006,10.1016/j.biocontrol.2006.03.009,https://doi.org/10.1016/j.biocontrol.2006.03.009,"[""http://europepmc.org/abstract/AGR/IND43815051"", ""https://doi.org/10.1016/j.biocontrol.2006.03.009""]","Laboratory experiments were carried out in order to evaluate the insecticidal effect of Beauveria bassiana (Balsamo) Vuillemin formulations against adults of Rhyzopertha dominica (F.) and Sitophilus oryzae (L.) on stored wheat. To assess B. bassiana effect, the formulated product Naturalis was applied at three dose rates, 2500, 5000, and 10,000 ppm. Also, wheat was treated with the diatomaceous earth (DE) formulation SilicoSec (Biofa, Germany), at two dose rates, 0.2 and 0.5 g/kg of wheat either alone or in combination with each fungal rate. Dead adults were counted 24 h, 48 h, 7 days, and 14 days later. The bioassays were conducted at three temperatures, 22, 26, and 30 C and one RH level, 55%. Generally, the increase of temperature increased the insecticidal effect of DE against R. dominica and S. oryzae, but B. bassiana was more effective at 26 C than at 30 C, for both species examined. The simultaneous use of DE in the fungal formulation moderated this negative effect. Both species were almost equally susceptible to SilicoSec. In contrast, R. dominica was more susceptible than S. oryzae to B. bassiana. Some combination treatment had an additive effect on the fungal efficacy by DE while in others a negative effect was observed."
4987,rayyan-628424099,Susceptibility of Agrilus planipennis (Coleoptera: Buprestidae) to Beauveria bassiana and Metarhizium anisopliae.,2006,10.1603/0022-0493-99.4.1096,https://doi.org/10.1603/0022-0493-99.4.1096,https://pubmed.ncbi.nlm.nih.gov/16937660/,"The susceptibility of Agrilus planipennis Fairmaire (Coleoptera: Buprestidae) to selected strains of the entomopathogenic fungi Beauveria bassiana (Balsamo) Vuillemin and Metarhizium anisopliae (Metschnikoff) Sorokin was evaluated through bioassays with direct immersion or foliar exposure under laboratory conditions. Results showed that A. planipennis adults were susceptible to B. bassiana and M. anisoplae. Significant time-mortality response was found for each isolates. Isolate B. bassiana GHA killed A. planipennis adults at a faster rate compared with other isolates tested, with the lowest average time-to-death values. The LC50 values estimated under direct immersion method ranged from 1.7 x 10(5) to 1.9 x 10(7), 3.5 x 10(4) to 5.3 x 10(5), and 4.1 x 10(3) to 2.9 x 10(5) conidia/ml for B. basissiana and from 3.2 x 10(6) to 1.1 x 10(7), 4.5 x 10(3) to 4.5 x 10(5), and 1.4 x 10(2) to 1.2 x 10(5) conidia/ml for M. anisopliae at 4, 5, and 6 d after treatment, respectively. By days 5 and 6, B. bassiana GHA outperformed all other isolates tested except ARSEF 7234, followed by ARSEF 7152, 6393, and 7180. Significant concentration-mortality response was also observed for two B. bassiana GHA formulations, BotaniGard ES and Mycotrol O, and M. anisopliae F52 when insects were treated through foliar exposure. The LC50 values ranged from 114.5 to 309.6, 18.4 to 797.3, and 345.3 to 362.0 conidia/cm2 for BotaniGard, Mycotrol, and M. anisopliae F52, respectively. Based on the results of t"
2791,rayyan-628421696,Comparisons of ecorational and chemical insecticides against crucifer flea beetle (Coleoptera: Chrysomelidae) on canola,2007,10.1603/0022-0493(2007)100[1201:coeaci]2.0.co;2,https://doi.org/10.1603/0022-0493(2007)100[1201:coeaci]2.0.co;2,"[""http://europepmc.org/abstract/MED/17849871"", ""https://scholarworks.montana.edu/bitstreams/5c9960fe-b204-4348-ad9c-72ddf1e83e94/download""]","Studies were done comparing the insecticides SpinTor (spinosad), BotaniGard (Beauveria bassiana), Neemix (azadirachtin), and Surround (kaolin, a clay) with conventional chemical insecticides Capture (bifenthrin) and Helix XTra (thiamethoxam), all applied at seven rates in a 7-d assay to assess their impact on adult crucifer flea beetle, Phyllotreta cruciferae (Goeze) (Coleoptera: Chrysomelidae). Lethal time (LT) required for 25, 50, and 75% mortality (LT25, LT50, and LT75) and relative potencies for the insecticide concentration groupings (0, 1X-1.5X, and 2X- 4X) were estimated for each treatment by using survival functions. P. cruciferae mortality increased in response to increasing concentrations, especially for Helix XTra, Capture and SpinTor. After 2 d of exposure in 2002, mortality ranged from 54 to 78% for Helix XTra, from 60 to 94% for Capture, and from 66 to 92% for SpinTor across concentrations. In 2003, flea beetle mortality ranged from 37 to 60%, from 29 to 63%, and from 23 to 52% on exposure to Helix XTra, Capture, and SpinTor, respectively, for 2 d. The LT50 and relative potencies of the insecticides were in the order of Helix XTra, Capture, and SpinTor BotaniGard, Neemix, and Surround. In 2002, LT50 values were 1 and 2 d for Capture and SpinTor, 2 d for BotaniGard, and 3 d for Neemix and Surround. In 2003, LT50 values occurred between 2 and 4 d after exposure to Helix XTra, Capture, and SpinTor, with LT50 values of 5-7 d on exposure to BotaniGard, Neemix, and"
3659,rayyan-628422583,"Comparative toxicity of botanical and reduced-risk insecticides to Mediterranean populations of Tetranychus urticae and Phytoseiulus persimilis (Acari Tetranychidae, Phytoseiidae)",2008,10.1016/j.biocontrol.2008.06.011,https://doi.org/10.1016/j.biocontrol.2008.06.011,"[""http://europepmc.org/abstract/AGR/IND44106031"", ""https://doi.org/10.1016/j.biocontrol.2008.06.011""]","The two-spotted spider mite Tetranychus urticae and its predator Phytoseiulus persimilis are widely spread throughout the Mediterranean area. Predator-prey interactions in crops may be affected by pesticides used to control other pests, and thus knowledge of pesticide side-effects is essential when managing spider mite populations following integrated pest management (IPM). Toxicological studies evaluating the effects of pesticides on both predator and prey can better predict their impact on mite communities. The botanical and reduced-risk insecticides recommended for the control of aphids, whiteflies and thrips, Biopiren(R) plus (pyrethrins), Confidor(R) (imidacloprid), Naturalis(R) (Beauveria bassiana), Oikos(R) (azadirachtin), Plenum(R) (pymetrozine) and Rotena(R) (rotenone) were evaluated on T. urticae and P. persimilis females in the laboratory. Mite populations were collected on unsprayed vegetables in the Mediterranean area (island of Sardinia). Mite females were treated by micro-immersion and then reared on treated leaves in holding cells. The survival, fecundity and fertility of mites were assessed. All the products affected mite survival and/or fecundity. Pyrethrins and rotenone were more toxic to P. persimilis than to T. urticae; azadirachtin, B. bassiana and pymetrozine showed an opposite tendency. Imidacloprid had a similar impact on predator and prey. Additional toxicological trials were conducted with T. urticae and P. persimilis eggs. Beauveria bassiana was the most effec"
4212,rayyan-628423157,Compatibility of an entomopathogenic fungus with a predator and a parasitoid in the biological control of greenhouse whitefly,2009,10.1080/09583150902803229,https://doi.org/10.1080/09583150902803229,"[""http://europepmc.org/abstract/AGR/IND44220058"", ""https://doi.org/10.1080/09583150902803229""]","An ongoing debate in biological control consists of whether interference between biological agents can disrupt pest control. This study investigated the outcome of interactions between the entomopathogen Beauveria bassiana with the whitefly predator Dicyphus hesperus and the parasitoid Encarsia formosa, as well as their effect on the control of the greenhouse whitefly Trialeurodes vaporariorum on greenhouse tomato crops. Our objective was to determine whether the generalist B. bassiana would disrupt biological control by interfering with D. hesperus or E. formosa. In experimental greenhouses, whitefly, parasitoid and predator populations were established, and over 27 days, tomato plants were sprayed with three applications of the B. bassiana based product BotaniGard (5.13x10(3) conidia/mm2) or water (control). Populations of greenhouse whitefly and biological control organisms were regularly monitored in control and B. bassiana-treated compartments. Overall, 10.6% of all whiteflies in treated compartments were infected, and 0.98% were both infected and parasitized. There were 31.7 and 22.3% fewer immature and adult whiteflies, respectively, on B. bassiana-treated plants relative to controls. Parasitism by E. formosa and predation by D. hesperus occurred at rates of 7.5 and 2.5%, respectively, in B. bassiana-treated compartments, and 5 and 6%, respectively in control compartments. Our study suggests that applications of B. bassiana for short-term biological control of greenhou"
1269,rayyan-628419994,"Biological response of chilli thrips, Scirtothrips dorsalis Hood (Thysanoptera: Thripidae), to various regimes of chemical and biorational insecticides",2010,10.1016/j.cropro.2010.07.011,https://doi.org/10.1016/j.cropro.2010.07.011,"[""http://europepmc.org/abstract/AGR/IND44425198"", ""https://doi.org/10.1016/j.cropro.2010.07.011""]","The chilli thrips Scirtothrips dorsalis (Hood) (Thysanoptera: Thripidae), a new invasive pest in the USA, is an economically important pest of certain vegetable, ornamental and fruit crops in southern and eastern Asia, Oceania and parts of Africa. These crops cannot be protected from the pest without resorting to the use of chemical insecticides. In order to forestall or delay the development of insecticide resistance in S. dorsalis, we continued our focus on the discovery of insecticides with different modes of action for rotational use. In this study we evaluated candidate insecticides to control S. dorsalis on 'Jalapeno' pepper, Capsicum annuum L.; these materials belong to different IRAC mode of action classes as follows: (i) 4A - neonicotinoids, i.e., imidacloprid, thiamethoxam and dinotefuran, (ii) 5 - spinosyns, i.e., spinosad and spinetoram, (iii) 3A - pyrethroids, i.e., -cyfluthrin, esfenvalerate, -cypermethrin and -cyhalothrin and (iv) 8D - borax mixed together with orange oil and detergents in the TriCon(R) formulation. In addition we evaluated the entomopathogenic fungus, Beauveria bassiana (Botanigard(R)) alone and in combination with the borax formulation at 12 of their usual rates of application. Each of the 3 neonicotinoid insecticides when applied either as a single foliar spray or as a soil drench significantly suppressed both adults and larvae for at least 10 days; indeed imidacloprid did so for 15 days. Dinotefuran was more effective as a foliar spray than a"
502,rayyan-628415946,Comparative virulence of Beauveria bassiana isolates against lepidopteran pests of vegetable crops,2010,10.1016/j.jip.2010.01.001,https://doi.org/10.1016/j.jip.2010.01.001,https://app.dimensions.ai/details/publication/pub.1024587495,"Forty-three isolates of the entomopathogenic fungus Beauveria bassiana were screened for virulence against second-instar larvae of diamondback moth (Plutella xylostella) (DBM), European corn borer (Ostrinia nubilalis) (ECB), corn earworm (Helicoverpa zea) (CEW), and fall armyworm (Spodoptera frugiperda) (FAW); 30 of these isolates were tested against beet armyworm (Spodoptera exigua) (BAW). Highly virulent isolates were also tested against black cutworm (Agrotis ipsilon) (BCW), and the most virulent isolate was also assayed against imported cabbage worm (Pieris rapae) (ICW) and cabbage looper (Trichoplusia ni) (CL). All lepidopteran species tested were susceptible to B. bassiana. Corn earworm and beet armyworm were most susceptible to fungal infection, and fall armyworm was least susceptible. Limited testing suggested low susceptibility of black cutworm and cabbage looper. B. bassiana isolate 1200 exhibited virulence against all pest species greater than or equal to commercial strain GHA of B. bassiana currently registered in the USA as BotaniGard. In assays in which larvae were topically sprayed and maintained on the treated substrate for 24h at 100% relative humidity, 6-day (25 degrees C) median lethal concentrations (LC(50)s) of this isolate against CEW, BAW, DBM, FAW, ICW, ECB, CL, and BCW were 4, 5, 7, 11, 12, 98, 125, and 273 conidia/mm(2), respectively. The respective LC(50)s of commercial strain GHA against these pest species were 9, 67, 97, 1213, 29, 1668, 541, and 3"
216,rayyan-628415426,Compatibility among entomopathogenic hyphocreales and two beneficial insects used to control Trialeurodes vaporariorum (Hemiptera: Aleurodidae) in Mediterranean greenhouses,2011,10.1016/j.jip.2011.05.018,https://doi.org/10.1016/j.jip.2011.05.018,https://app.dimensions.ai/details/publication/pub.1042242650,"The effect of the combined use of Encarsia formosa or Macrolophus caliginosus and one of three marketed mycoinsecticides, Mycotal(R) (Leucanicillium muscarium-based), Naturalis-LTM (Beauveria bassiana-based) and PreFeRal(R) (Isaria fumosorosea-based), on the control of the whitefly, Trialeurodes vaporariorum, was studied under laboratory and greenhouse conditions. The results of both types of tests, the bioassays and the greenhouse trials, for all combinations of E. Formosa with each of the three mycoinsecticides showed that the total mortality of larval populations of T. vaporariorum was not affected. The mortality of T. vaporariorum larvae treated in the second instar revealed the capacity for both B. bassiana- and L. muscarium-based formulations and E. formosa to kill the host either separately or in association. Because of its higher pathogenic activity (under our test conditions), L. muscarium provoked a large proportion of mycoses in larvae exposed to parasitization. In contrast, the efficacy of parasitization was higher in larvae treated with B. bassiana and exposed to E. formosa because of a lower pathogenic activity of the fungus. Bioassays carried out with third-instar larvae of T. vaporariorum showed a low susceptibility to both tested fungi. Consequently, mortalities recorded in larvae subjected to the combined treatments by consecutive exposures or at 2-4 days post-parasitization were mainly caused by the development of the parasitoid. Greenhouse trials showed that fu"
4818,rayyan-628423770,Investigation of native isolates of entomopathogenic fungi for the biological control of three citrus pests,2011,10.1080/09583157.2011.608907,https://doi.org/10.1080/09583157.2011.608907,"[""http://europepmc.org/abstract/AGR/IND44628218"", ""https://doi.org/10.1080/09583157.2011.608907""]","The pathogenicity of 15 isolates of Beauveria bassiana (Balsamo) Vuillemin, five isolates of Metarhizium anisopliae (Metschnikoff) Sorokin and one isolate of M. flavoviride (Gams and Rozsypal) were tested under laboratory conditions against the subterranean life stages of the citrus pests, Ceratitis rosa Karsch, C. capitata Wiedemann (Diptera: Tephritidae) and Thaumatotibia leucotreta Meyrick. (Lepidoptera: Tortricidae). When these citrus pests were treated with a concentration of 1x10(7) conidia mL1, fungal isolates had a significantly greater effect on the adults of C. rosa and C. capitata than they did on the puparia of these two fruit fly species. Further, C. rosa and C. capitata did not differ significantly in their response to entomopathogenic fungi when adult and pupal mycosis were considered. Depending on fungal isolate, the percentage of T. leucotreta adults which emerged from fungal treated sand ranged from 5 to 60% and the percentage of pupae with visible signs of mycosis ranged from 21 to 93%. The relative virulence of the four most promising fungal isolates, as well as the commercially available B. bassiana product, BroadBand(R) (Biological Control Products, South Africa), were compared against one another as log-probit regressions of mortality against T. leucotreta which exhibited a dose-dependent response. The estimated LC50 values of the three most virulent B. bassiana isolates ranged from 6.8x10(5) to 2.1X10(6) conidia mL-1, while those of the least pathogenic"
5129,rayyan-628424718,"Preliminary study of genetic variation in Hawaiian isolates of Beauveria bassiana [Hypocreales, Cordycipitaceae].",2011,10.1016/j.jip.2010.12.008,https://doi.org/10.1016/j.jip.2010.12.008,https://pubmed.ncbi.nlm.nih.gov/21167170/,"There have been no previous surveys documenting genetic diversity in Beauveria bassiana (Balsamo) Vuillemin in Hawaii. We used PCR primers and DNA sequencing to genetically characterize 14 isolates of B. bassiana collected from insects in east Hawaii island (the largest Hawaiian island, known as the 'Big Island') and compared these with the 'GHA' strain found in the commercial product BotaniGard(R). Twelve of the 14 Hawaiian isolates were unique and the GHA strain was not among those isolated from the wild. Our data provides evidence that genetic diversity of B. bassiana in Hawaii is high over small spatial scales."
2464,rayyan-628421294,Virulence of commercial strains of Beauveria bassiana and Metarhizium brunneum (Ascomycota: Hypocreales) against adult Xylosandrus germanus (Coleoptera: Curculionidae) and impact on brood,2011,10.1016/j.biocontrol.2011.04.010,https://doi.org/10.1016/j.biocontrol.2011.04.010,"[""http://europepmc.org/abstract/AGR/IND6083854"", ""https://doi.org/10.1016/j.biocontrol.2011.04.010""]","The ambrosia beetle Xylosandrus germanus (Coleoptera: Curculionidae) is an invasive pest with a wide host range and is a serious pest of orchards and nurseries in the eastern and midwestern US. In this study we evaluated the potential of entomopathogenic fungi Beauveria bassiana and Metarhizium brunneum (Ascomycota: Hypocreales) as control agents against this beetle. Three commercially available strains of these fungi were assayed against adult females to determine their virulence and impact on brood production. Among the three strains tested, B. bassiana Naturalis and M. brunneum F52 were more virulent than B. bassiana GHA. Mortality observed 6days post-spray was 6.7A6.7%, 60A5.8% and 61.7A7.9% for GHA, Naturalis and F52, respectively, at the highest dosage tested (approximately 600conidia/mmA2). Inoculation of adult females did not affect their initial tunneling activity, but resulted in reduced numbers forming galleries and producing brood compared to controls. Broods from treated females were smaller in size, and some had up to 100% of the progeny infected. Infection was observed among all beetle life stages. These data show that the impact of inoculating adult females extends beyond their own survival and suggest that infection of offspring could also significantly affect beetle populations in the field."
495,rayyan-628415930,"Evaluation of organically acceptable insecticides as stand-alone treatments and in rotation for managing yellowmargined leaf beetle, Microtheca ochroloma (Coleoptera: Chrysomelidae), in organic crucifer production",2012,10.1002/ps.2297,https://doi.org/10.1002/ps.2297,https://app.dimensions.ai/details/publication/pub.1016105471,"BACKGROUND: Yellowmargined leaf beetle, Microtheca ochroloma, is the most damaging pest of organic crucifer crops in the southern United States. Experiments were conducted over four growing seasons (2007-2010) in Alabama to evaluate some botanical and microbial insecticides approved by the Organic Materials Review Institute (OMRI) against M. ochroloma in organically grown crucifer crops. Insecticides evaluated included PyGanic((R)) (pyrethrum), Aza-Direct((R)) (azadiractin), Entrust((R)) (spinosad), Mycotrol O((R)) (Beauveria bassiana strain GHA) and NOFLY((R)) [Isaria ( = Paecilomyces) fumosoroseus strain FE 9901]. Two experimental organic formulations, Tick-Ex (Metarhizium anisopliae strain F52) and MBI-203 (Chromobacterium subtsugae), and one non-OMRI-listed formulation, Novodor((R)) (Bacillus thuringiensis subspecies tenebrionis), were also evaluated. The insecticides were applied as stand-alone treatments at recommended field rates on a weekly schedule. In 2010, some of the treatments were also evaluated in rotation/alternation with Entrust((R)) . Insecticide efficacy was determined by comparing densities of M. ochroloma larvae and adults and crop damage ratings in treated versus untreated turnip plots."
971,rayyan-628419676,Management of Frankliniella occidentalis (Thysanoptera: Thripidae) with granular formulations of entomopathogenic fungi,2012,10.1016/j.biocontrol.2012.08.004,https://doi.org/10.1016/j.biocontrol.2012.08.004,"[""http://europepmc.org/abstract/AGR/IND601120484"", ""https://doi.org/10.1016/j.biocontrol.2012.08.004""]","Western flower thrips (WFT), Franklinella occidentalis, is a major pest of ornamentals. Mycotized millet grains with entomopathogenic fungi applied to soil of potted marigold plants were tested to target the soil-dwelling stages of thrips. Two experimental fungal isolates, (Beauveria bassiana [ARS7060] and Metarhizium anisopliae [ERL1171]), were compared with the registered B. bassiana strain GHA [commercialized as BotaniGard(R)] and untreated controls in greenhouse caged trials. Mycotized millet grains were mixed into the upper surface of the potting soil in pots of flowering 'Hero Yellow' marigolds (4g/pot). One week after application five mated WFT females were released onto each plant (four plants per cage). At 8weeks post-infestation, the mean total number of thrips per plant was 81% and 90% less in the ERL1171 and ARS 7060 treatments, respectively, than in the control. The mean numbers of thrips per plant for the control and GHA treatments were not significantly different. Plant damage was 60% less on plants treated with the experimental fungi than the control and GHA treatments. At 10weeks post-application, 75-90% of WFT collected from the treatments of the experimental fungi were infected with the fungal species applied. These results demonstrate that soil applications of entomopathogenic fungi can reduce WFT populations significantly and prevent major damage."
125,rayyan-628415299,"Virulence of select entomopathogenic fungi to the brown marmorated stink bug, Halyomorpha halys (Stal) (Heteroptera: Pentatomidae)",2012,10.1002/ps.2310,https://doi.org/10.1002/ps.2310,https://app.dimensions.ai/details/publication/pub.1040227962,"The brown marmorated stink bug. Halyomorpha halys, (BMSB) is an exotic pest causing damage to fruits and vegetables. They also transmit diseases. Integrated pest management strategies are lacking for this invasive. For the first time, information is presented on the virulence of several entomopathogenic fungi against BMSB. Three Beauveria bassiana and two Metarhizium anispoliae isolates were bioassayed against adult BMSB. One B. bassiana isolate was the active ingredient in BotaniGard(R) which produced 85 and 100% mortality in 9 and 12 days post treatment, respectively. Experimental isolates ERL 1170 and ERL 1540 were also efficacious. Metarhizium anispoliae isolates produced lower mortalities than the B. bassiana isolates. Data presented showed the potential for management of BMSB with entomopathogenic fungi."
2482,rayyan-628421313,"Granulate ambrosia beetle, Xylosandrus crassiusculus (Coleoptera: Curculionidae), survival and brood production following exposure to entomopathogenic and mycoparasitic fungi",2013,10.1016/j.biocontrol.2013.07.015,https://doi.org/10.1016/j.biocontrol.2013.07.015,"[""http://europepmc.org/abstract/AGR/IND601120622"", ""https://doi.org/10.1016/j.biocontrol.2013.07.015""]","The granulate ambrosia beetle, Xylosandrus crassiusculus, is one of the most important exotic pests in orchards and nurseries in the US. The beetle has a wide host range, including some of the most popular and valuable trees in nurseries, and is difficult to control using chemical insecticides because of its cryptic habits. In this study we evaluated the susceptibility of X. crassiusculus to three commercial strains of entomopathogenic fungi and also examined gallery formation and brood production among females exposed to these biocontrol agents and a mycoparasitic fungus, Trichoderma harzianum. All three entomopathogens were virulent to X. crassiusculus: Beauveria bassiana strains GHA and Naturalis and Metarhizium brunneum F52 produced 76.77%, 95.61.1%, and 78.97.8% mortality, respectively, among treated adult females at the highest dose (600conidia/mm2) 5days after inoculation. Females exposed to beech stems treated with entomopathogenic fungi at the highest concentration had lower survival rates and produced fewer galleries. All concentrations tested, however, resulted in females with fewer offspring compared to control. Those exposed to T. harzianum strain KRL-AG2 produced galleries with sparse, patchy, or no symbiont growth, many of which had no or few brood present. Some of the females exposed to either B. bassiana or M. brunneum also had galleries with sparse mycelial growth. These results show the potential of entomopathogenic or mycoparasitic fungi in controlling"
2463,rayyan-628421293,"Laboratory and field bioassays on the effects of Beauveria bassiana Vuillemin (Hypocreales: Cordycipitaceae) on red oak borer, Enaphalodes rufulus (Haldeman) (Coleoptera: Cerambycidae)",2013,10.1016/j.biocontrol.2013.02.001,https://doi.org/10.1016/j.biocontrol.2013.02.001,"[""http://europepmc.org/abstract/AGR/IND601120557"", ""https://doi.org/10.1016/j.biocontrol.2013.02.001""]","An unexpected outbreak of a native longhorned beetle, the red oak borer (Enaphalodes rufulus (Haldeman)), occurred in upland oak forests of Arkansas, Missouri and Oklahoma ca. 1999-2005. Few management tools exist for reducing E. rufulus populations. Laboratory bioassays were conducted to determine susceptibility of all E. rufulus life stages to the fungal pathogen Beauveria bassiana Vuillemin. Egg, neonate, early-instar, pupal, and adult stages of E. rufulus were all susceptible to a natural isolate of B. bassiana collected from E. rufulus (ARSEF 7404) or a commercial B. bassiana product, BotaniGard(R). In July 2003, 10 living, E. rufulus-infested northern red oak (Quercus rubra L.) boles were sprayed with a 2 L BotaniGard(R)B. bassiana suspension of 1.31011 viable conidia per 2m of each bole at a forested site in the Ozark National Forest, Franklin County, Arkansas. The following spring, trees were removed and sampled for E. rufulus larvae that had survived or died during the winter. Live E. rufulus larval density in untreated Q. rubra log samples was significantly greater than in treated log samples with means of 16.41.8 (SE) and 4.42.0 larvae per m2 of bark for untreated and treated logs, respectively. Application of B. bassiana spray against early-instar E. rufulus would be most effective in mid-summer of odd-numbered years to target vulnerable early E. rufulus life stages and to reduce structural damage to trees caused by E. rufulus feeding."
5003,rayyan-628424140,Laboratory assessment of Beauveria bassiana (Hypocreales: Clavicipitaceae) strain GHA for control of Listronotus maculicollis (Coleoptera: Curculionidae) adults.,2013,10.1603/ec12476,https://doi.org/10.1603/ec12476,https://pubmed.ncbi.nlm.nih.gov/24498729/,"Bioassays were designed to evaluate Beauveria bassiana (Balsamo) Vuillemin strain GHA against Listronotus maculicollis (Kirby) adults. B. bassiana and its 'inert' carrier oil in the product BotaniGard and the inert carrier oil alone provided 99 and 96% mortality, respectively, in petri dish assays 1 d after treatment when applied in 1 ml water. When the same treatments were applied in 0.5 ml of carrier water, mortality was only 1.4 and 0.7%, respectively, 1 d after treatment. After 10 d in petri dishes, B. bassiana and its inert carrier oil and the inert carrier oil alone applied in 0.5 ml water showed 77 and 9% mortality, respectively. When one-tenth the label dosage of B. bassiana and inert carrier oil was combined with neonicotinoids applied in 1 ml water, there were significant increases in weevil mortality over the neonicotinoids alone 1 d after treatment. When 88.7% of one-tenth the label dosage of inert carrier oil alone was combined with neonicotinoids clothianidin, imidacloprid, and dinotefuran applied in 1 ml water, there was also a significant increases (38%) with clothianidin in weevil mortality over clothianidin alone 1 d after treatment. B. bassiana and its inert carrier oil provided 28, 50, and 78% mortality at the highest label dosage and 47, 76, and 89% mortality at 4x the highest label dosage in turf plug assays at 7, 10, and 14 d after treatment. Addition of 5 or 20% MycoMax (a nutrient source for B. bassiana) did not significantly increase mortality."
2708,rayyan-628421579,Susceptibility of Microtheca ochroloma (Coleoptera: Chrysomelidae) to Botanical and Microbial Insecticide Formulations,2013,10.1653/024.096.0327,https://doi.org/10.1653/024.096.0327,"[""http://europepmc.org/abstract/AGR/IND601273541"", ""https://bioone.org/journals/florida-entomologist/volume-96/issue-3/024.096.0327/Susceptibility-of-Microtheca-ochroloma-Coleoptera-Chrysomelidae-to-Botanical-and-Microbial/10.1653/024.096.0327.pdf""]","The yellowmargined leaf beetle, Microtheca ochroloma Stal (Coleoptera: Chrysomelidae), is a key pest of organic crucifer production in the southern United States. The susceptibility of larvae and adults of M. ochroloma to some botanical and microbial insecticide formulations was evaluated using laboratory leaf-dip bioassays. Insecticides evaluated included OMRI (Organic Material Review Institute) approved formulations of PyGanic(R) (pyrethrum), Entrust(R) (spinosad), Mycotrol O(R) (Beauveria bassiana strain GHA), and NOFLY(R) (Isaria fumosoroseus strain FE 9901). Others were MBI-203 (experimental organic formulation of Chromobacterium subtsugae) and BotaniGard(R) 22WP (conventional formulation of Beauveria bassiana strain GHA). The insecticides were first evaluated at the field recommended rate against M. ochroloma larvae and adults, followed by multiple-concentration assays to determine the LC50 and LT50 for promising formulations. At the field recommended rates, all tested formulations were toxic to the larvae compared to the untreated control, whereas only Entrust(R) and PyGanic(R) were effective against the adults. Entrust(R) and PyGanic(R) caused 100% mortality to the larvae and adults after just 24 h of exposure. The LC50 values of Entrust(R) and PyGanic(R) were 200 and 15 less than the field recommended rates, respectively. MBI-203 was effective against the larvae (100% mortality after 5 days) but not against the adults. The entomopathogenic fungal formulations, Mycotrol(R), NOFLY(R), and B"
448,rayyan-628415835,Direct plantlet inoculation with soil or insect-associated fungi may control cabbage root fly maggots,2014,10.1016/j.jip.2014.05.006,https://doi.org/10.1016/j.jip.2014.05.006,https://app.dimensions.ai/details/publication/pub.1047097238,"A potential Delia radicum biological control strategy involving cauliflower plantlet inoculation with various fungi was investigated in a series of laboratory and glasshouse experiments. In addition to entomopathogenic fungi, fungi with a high rhizosphere competence and fungi with the ability to survive as saprotrophs in soil were tested. The following fungal species were evaluated in the experiments: Trichoderma atroviride, T. koningiopsis, T. gamsii, Beauveria bassiana, Metharhizium anisopliae, M. brunneum and Clonostachys solani. A commercial carbosulfan-based insecticide was used as a positive control. Additionally, two commercial products, one based on B. bassiana (Naturalis) and one on Bacillus thuringiensis (Delfin) were used as reference biocontrol agents. The aims were (i) to assess the pathogenicity of the selected fungal isolates to Delia radicum, (ii) to evaluate the fungal isolates' rhizosphere competence, with the emphasis on the persistence of the original inoculum on the growing roots, (iii) to assess possible endophytic plant tissue colonization, and (iv) to evaluate potential plant growth stimulating effects of the added inoculi. Significant pathogenicity of tested fungi against Delia radicum was confirmed in in vitro and glasshouse experiments. All tested fungi persisted on cauliflower rhizoplane. More importantly, the added fungi were found on thoroughly washed roots outside the original point of inoculation. This provided us with evidence that our tested"
1621,rayyan-628420380,Delayed efficacy of Beauveria bassiana foliar spray applications against Colorado potato beetle: Impacts of number and timing of applications on larval and next-generation adult populations,2015,10.1016/j.biocontrol.2014.12.019,https://doi.org/10.1016/j.biocontrol.2014.12.019,"[""http://europepmc.org/abstract/AGR/IND605328859"", ""https://doi.org/10.1016/j.biocontrol.2014.12.019""]","Spray programs comprising multiple or single foliar applications of the fungal pathogen Beauveria bassiana strain GHA (Bb-GHA) made during morning (AM) vs. evening (PM) hours were tested against Colorado potato beetle Leptinotarsa decemlineata (CPB) in small research plots of potatoes over multiple field seasons, and efficacy against larval and first-generation adult populations was evaluated. The pathogen (formulated as BotaniGard WP(R)) was applied at the rate of 2.51013 conidia in a spray volume of 468-480Lperha. Modes of efficacy were investigated by collecting pre-pupal larvae and holding them in soil cages in the field and laboratory. Results revealed that larval control achievable with multiple-spray programs was poor regardless of environmental moisture conditions, but that emerging adult populations were reduced by an average of 80% (range 58-93%) relative to control populations. Programs comprising a single application of Bb targeted against late-instar larvae reduced adult populations by an average of 60% (range 36-75%). Overall mean differences in efficacy of PM vs. AM applications were not significant in terms of larval control and defoliation damage. Emergence of next-generation adults was significantly lower in the PM vs. AM treatments, but differences were small in terms of percent control. Average yields from the Bb-GHA multiple-spray programs were 18% greater than those from the controls; the mean 5% increase resulting from the Bb-GHA single-spray programs wa"
5040,rayyan-628424244,Laboratory bioassay of Beauveria bassiana against Tetranychus urticae (Acari: Tetranychidae) on leaf discs and potted bean plants.,2015,10.1007/s10493-014-9871-2,https://doi.org/10.1007/s10493-014-9871-2,https://pubmed.ncbi.nlm.nih.gov/25500970/,"Use of the mycopathogen Beauveria bassiana (strain GHA), marketed as BotaniGard((R)) ES, was evaluated as a plant protection strategy against the spider mite Tetranychus urticae Koch, which is considered one of the most economically important and cosmopolitan pests of many crops. Tetranychus urticae were treated with four concentrations of conidia (1 10(5), 1 10(6), 1 10(7), or 1 10(8) conidia/ml), and virulence was assessed on mites held at four relative humidity levels (35, 55, 75, and 95 2 % RH) at 25 1 C. At 1 10(8) spores/ml, the LT50 value was 9.7 h at 95 % RH, which was significantly lower than values for other RH levels. At 1 10(7) spores/ml, the LT50 value was 43.8 h at 95 % RH, which was significantly different from values at 55 and 35 % RH. The efficacy of B. bassiana product was also verified on mites infesting potted bean plants with a concentration of 1 10(8) spores/ml. In double spray treatment where applications were made 2 on days 5 and 10 after mite infestation, the nymphal and adult population of T. urticae were reduced to zero on days 20 and 15, respectively. With a single spray on day 5, the nymphal population was also greatly reduced, but increased rapidly after day 20. Single and double sprays with B. bassiana reduced leaf damage as measured by image analysis by 33 and 94 % compared to no treatment, respectively. These results suggest that 1 10(8) spores/ml was the most effective dose and that two applications, at a 5-day interval,"
5048,rayyan-628424273,"Potential of two entomopathogenic fungi, Beauveria bassiana and Metarhizium anisopliae (Coleoptera: Scarabaeidae), as biological control agents against the June beetle.",2015,10.1093/jisesa/iev029,https://doi.org/10.1093/jisesa/iev029,https://pubmed.ncbi.nlm.nih.gov/25881632/,"The aim of this study was to evaluate the effectiveness of the entomopathogenic fungi (EPF), Beauveria bassiana (Bals.) Vuill. (Deuteromycotina: Hyphomycetes) strain PPRI 5339 [BroadBand, an emulsifiable spore concentrate (EC) formulation] and Metarhizium anisopliae (Metsch.) Sorokin (Hypocreales: Clavicipitaceae) strain F52 [Met52, both EC and granular (GR) formulations] against the larvae of Polyphylla fullo (L.) (Coleoptera: Scarabaeidae). Larvicidal bioassays were performed in foam boxes (100 by 75 by 50 cm; length by width by height), containing moist soil medium with some humus and potato tubers as food. Although the B. bassiana product (min. 4 10(9) conidia/ml) was applied at 100, 150, and 200 ml/100 l water; M. anisopliae strain F52 was applied at 500, 1,000, and 1,500 g/m(3) of moist soil medium for GR (9 10(8) cfu/g) and 75, 100, and 125 ml/100 l water for EC (5.5 10(9) conidia/ml) formulation. Both fungi were pathogenic to larvae of the pest; however, young larvae (1st and 2nd instars) were more susceptible to infection than older ones (3rd instar). Mortality rates of young and older larvae varied with conidial concentration of both fungi and elapsed time after application. The B. bassiana product was more effective than both of the formulations of the M. anisopliae product, causing mortalities up to 79.8 and 71.6% in young and older larvae, respectively. The highest mortality rates of young and older larvae caused by the M. anisopliae product were 74.1 and"
4992,rayyan-628424109,"Virulence of BotaniGard((R)) to Second Instar Brown Marmorated Stink Bug, Halyomorpha halys (Stal) (Heteroptera: Pentatomidae).",2015,10.3390/insects6020319,https://doi.org/10.3390/insects6020319,https://pubmed.ncbi.nlm.nih.gov/26463187/,"The brown marmorated stink bug, Halyomorpha halys (Stal) (BMSB) is an exotic invasive insect originating in East Asia, currently causing significant damage to fruits, vegetables and other crops throughout most of the Mid-Atlantic states of the U.S. It also is a nuisance pest, entering homes in the fall in search of suitable overwintering sites. Two formulations of BotaniGard((R)) with a strain of Beauveria bassiana (GHA) as the active ingredient were tested against second instar BMSB. Both the wettable powder and the emulsifiable suspension formulations were efficacious at 1 107 conidia mL(-1), causing 67%-80% mortality 9 days post treatment and 95%-100% after 12 days. The wettable powder formulation was slightly more efficacious."
1892,rayyan-628420676,Effect of seed treatment duration on growth and colonization of Vicia faba by endophytic Beauveria bassiana and Metarhizium brunneum,2016,10.1016/j.biocontrol.2016.09.008,https://doi.org/10.1016/j.biocontrol.2016.09.008,"[""http://europepmc.org/abstract/AGR/IND605840169"", ""https://doi.org/10.1016/j.biocontrol.2016.09.008""]","The effect of increased duration of seed treatment with two fungal entomopathogens, Beauveria bassiana (NATURALIS) and Metarhizium brunneum (BIPESCO5), on the growth and colonization of broad bean (Vicia faba) was assessed in two replicate greenhouse experiments. The plants were inoculated by soaking seeds in a concentration of 1107conidiaml1 of each of the two fungal strains or in sterile distilled water containing 0.1% Tween 80 for 2, 8, and 16h. Percent seed germination and seedling emergence as well as primary root length were determined seven days post inoculation. Effects of fungal strain and seed treatment duration on plant height, number of leaf pair, fresh root and shoot weight were measured 14 and 28days post inoculation. Seed treatment with either fungal strain significantly enhanced almost all measured plant growth parameters. Overall, plant growth was also significantly enhanced as seed treatment duration increased; irrespective of fungal strain. Percent colonization of different plant parts (root, leaf, and stem) sampled 14 and 28days post inoculation increased as the duration of seed treatment increased as well. The increase in colonization rate due to increased seed treatment duration varied significantly among plant parts, but not among both sampling dates. Our study demonstrates that M. brunneum can systemically colonize different plant parts and improve plant growth when applied as a seed treatment. This was also confirmed for the well-known endophytic B."
746,rayyan-628419436,Effects of entomopathogenic fungi on Encarsia formosa Gahan. (Hymenoptera: Aphelinidae) activity and behavior,2016,10.1016/j.biocontrol.2016.05.011,https://doi.org/10.1016/j.biocontrol.2016.05.011,"[""http://europepmc.org/abstract/AGR/IND605248237"", ""https://doi.org/10.1016/j.biocontrol.2016.05.011""]","The effects of a previously selected entomopathogenic fungus, Beauveria bassiana AL1 strain, and the B. bassiana-based mycoinsecticide Naturalis were evaluated on the Trialeurodes vaporariorum-Encarsia formosa system. The parasitoid's ability to recognize uninfected and infected hosts was examined by evaluation of E. formosa tropism in 'choice' conditions and its activity (residence time on leaf, searching time, handling hosts time and hosts acceptance) in no-choice conditions. Finally, the role of E. formosa in transmitting the mycoses from infected to uninfected host populations was estimated. E. formosa showed no differential tropism in 'choice' conditions. It was able neither to locate the host at distance nor to discriminate between infected and uninfected hosts. E. formosa was able to vector fungal propagules from contaminated to uncontaminated hosts during its activity. The results of these laboratory experiments have clarified some biological and behavioral aspects of pathogen-host-parasitoid interactions."
406,rayyan-628415733,Effects of four commercial fungal formulations on mortality and sporulation in house flies (Musca domestica) and stable flies (Stomoxys calcitrans),2016,10.1111/mve.12201,https://doi.org/10.1111/mve.12201,https://app.dimensions.ai/details/publication/pub.1035909337,"The house fly Musca domestica L. (Diptera: Muscidae) and stable fly Stomoxys calcitrans (L.) (Diptera: Muscidae) are major pests of livestock. Biological control is an important tool in an integrated control framework. Increased mortality in filth flies has been documented with entomopathogenic fungi, several strains of which are commercially available. Three strains of Beauveria bassiana (Balsamo-Crivelli) Vuillemin (Hypocreales: Cordycipitaceae) and one strain of Metarhizium brunneum (Petch) (Hypocreales: Clavicipitaceae) were tested in commercial formulations for pathogenicity against house flies and stable flies. There was a significant increase in mortality of house flies with three of the formulations, BotaniGard(R) ES, Mycotrol(R) O, and Met52(R) EC, during days 4-9 in comparison with balEnceTM and the control. In stable flies, mortality rates were highest with Met52(R) EC, followed by Mycotrol(R) O, BotaniGard(R) ES and, finally, balEnceTM. There was a significant fungal effect on sporulation in both house flies and stable flies. Product formulation, species differences and fungal strains may be responsible for some of the differences observed. Future testing in field situations is necessary. These commercial biopesticides may represent important tools in integrated fly management programmes."
2536,rayyan-628421370,Efficacy of Beauveria bassiana formulations against the fungus gnat Lycoriella ingenua,2016,10.1016/j.biocontrol.2016.09.003,https://doi.org/10.1016/j.biocontrol.2016.09.003,"[""http://europepmc.org/abstract/AGR/IND605496869"", ""https://doi.org/10.1016/j.biocontrol.2016.09.003""]","Lycoriella ingenua Dufour (Diptera: Sciaridae) is a major pest species in commercial mushroom (Agaricus bisporus) production throughout the world. Grower demand for alternative control measures, following the recent withdrawal of a number of chemical control options, led to a label extension for use of the fungal biopesticide BotaniGard(R) ES, for control of mushroom flies. Semi-field trials were conducted to evaluate the efficacy of BotaniGard(R) ES, and two alternative formulations of Beauveria bassiana strain GHA (the active ingredient in BotaniGard(R) ES), for control of L. ingenua, and their effect on crop yield when incorporated at spawning. Data collected from two replicated trials demonstrated that incorporation of B. bassiana was not detrimental to mushroom yield, but was also ineffective in controlling the development of L. ingenua larvae in artificially infested compost. Subsequent laboratory bioassays demonstrated that L. ingenua eggs and larvae were not susceptible to infection by B. bassiana strain GHA whereas pupae were somewhat susceptible (41% mortality). Bioassays conducted on adult L. ingenua using 1h exposure to a surface sprayed with BotaniGard(R) ES resulted in 100% mortality within 8days and a mean survival time of 6days, which was significantly different from the control population."
170,rayyan-628415361,Estimation of Median Lethal Concentration of Three Isolates of Beauveria bassiana for Control of Megacopta cribraria (Heteroptera: Plataspidae) Bioassayed on Solid Lygus spp. Diet,2016,10.3390/insects7030031,https://doi.org/10.3390/insects7030031,https://app.dimensions.ai/details/publication/pub.1026429724,"The kudzu bug, Megacopta cribraria (F.), is an urban nuisance and significant agricultural pest. The median lethal concentrations of three strains of Beauveria bassiana (Balsamo), including the Mississippi Delta native strain (NI8) isolated from Lygus lineolaris (Palisot de Beauvois), the commercial strain BotaniGard((R)) (GHA) (Victor, NY, USA), and the B. bassiana strain isolated from M. cribraria (KUDSC), were estimated on kudzu bug adults. A technique developed to evaluate B. bassiana against L. lineolaris was used. Younger adults (eight days after collection) were treated with NI8 and GHA and older adult (50 days after collection) were treated with NI8, GHA and KUDSC. Higher concentrations (n 106, n 107) of NI8 and GHA caused kudzu bug mortality two days after treatment in younger adults and similar concentrations of NI8, GHA, and KUDSC caused mortality one day after treatment in older adults. Lower concentrations (n 104, n 105) were not significantly different in mortality between strains. LS50 values of the KUDSC were significantly lower than NI8 and GHA values in older adults. This is the first available information on median lethal concentration of B. bassiana on kudzu bug adults bioassayed on artificial diet. It was determined that B. bassiana (KUDSC and NI8) are highly effective for young adults at very low doses (LC50 1.98-4.98 viable spores per mm2)."
2472,rayyan-628421302,Evaluation of Entomopathogenic Fungi Against the Western Flower Thrips (Thysanoptera: Thripidae) Under Laboratory Conditions,2016,,http://europepmc.org/abstract/AGR/IND605581755,http://europepmc.org/abstract/AGR/IND605581755,"Western flower thrips, Frankliniella occidentalis (Pergande), is an economically important pest of greenhouse production systems, and entomopathogenic fungi may be used to suppress populations of the western flower thrips. The objectives of our study were (a) to evaluate the efficacy of products containing three different entomopathogenic fungi (Beauveria bassiana [BotaniGard(R)], Isaria fumosoroseus [NoFlyTM], and Metarhizium anisopliae [Met52(R)]) against western flower thrips larvae and adults and (b) to assess effectiveness of combinations of entomopathogenic fungi and the insect growth regulator azadirachtin against western flower thrips larvae. In two laboratory bioassays western flower thrips larvae and adults were exposed to the three entomopathogenic fungi at two label rates (maximum and minimum), and two product shelf-life conditions (unexpired and expired). Bioassay 1 involved a 120-h incubation period; bioassay 2 entailed a 216-h incubation period. A third bioassay evaluated any synergistic effects of combining the entomopathogenic fungi with azadirachtin on western flower thrips larvae. Results indicated that (a) by 120 h of incubation, adult western flower thrips were more susceptible than larvae to maximum rates of unexpired B. bassiana and I. fumosoroseus; (b) unexpired products of B. bassiana and I. fumosoroseus had higher percentages of adult western flower thrips mortality than expired products at the maximum label rate; and (c) azadirachtin combined with unexpi"
407,rayyan-628415741,Oviposition Deterrence and Immature Survival of Filth Flies (Diptera: Muscidae) When Exposed to Commercial Fungal Products,2016,10.1093/jisesa/iew032,https://doi.org/10.1093/jisesa/iew032,https://app.dimensions.ai/details/publication/pub.1035122372,"Filth flies are pests of livestock, and can transmit pathogens that cause disease to animals and their caretakers. Studies have shown successful infection of adult filth flies following exposure to different strains and formulations of entomopathogenic fungi. This study aimed to examine the effects of commercial formulations of Beauveria bassiana (Balsamo) (Moniliales: Moniliaceae) (i.e., BotaniGard ES, Mycotrol O, balEnce), and Metarhizium brunneum (Metsch.) (Ascomycota: Hypocreales) (i.e., Met52 EC), on filth fly oviposition and immature fly survival after exposure. House flies, Musca domestica L., laid significantly fewer eggs on Met52 EC-treated surfaces than on surfaces treated with all other products and the control. Similar numbers of eggs were laid on surfaces treated with all B. bassiana products, but egg production was half of the control. Stable flies, Stomoxys calcitrans (L.), laid the fewest eggs on Met52 EC- and Mycotrol O-treated surfaces. This species did not distinguish between the remaining products and the control. In a second experiment, house fly eggs were placed on treated cloths so that hatched larvae contacted the treatment prior to development. Met52 EC had the greatest effect on immature survival with a significant reduction in recovered pupae at the medium and high doses of fungi. Overall, Met52 EC, containing M. brunneum, had the greatest effect on house fly and stable fly oviposition deterrence and immature development of house flies. Management i"
1394,rayyan-628420130,The combined effect of soil-applied azadirachtin with entomopathogens for integrated management of western flower thrips,2016,10.1111/jen.12242,https://doi.org/10.1111/jen.12242,"[""http://europepmc.org/abstract/AGR/IND605152933"", ""https://doi.org/10.1111/jen.12242""]","Performance of soil application of azadirachtin products with entomopathogens was evaluated as single treatments, in multiple combinations and in different concentrations against the soil stages of western flower thrips, Frankliniella occidentalis (Pergande), in French beans Phaseolus vulgaris L. Treatments consisted of NeemAzal-T solution, neem pellets, Steinernema carpocapsae (Weiser) Nemastar(R), isolates of Metarhizium anisopliae (Metschnikoff) Sorokin (IPP 2539 and ICIPE-69) and Beauveria bassiana (Balsamo) - Naturalis(R). All treatments were analysed for the number of emerging adults, while emerged adults in fungi-based treatments were analysed additionally for the retarded development of mycosis as a possible cause of secondary mortality. Possible interactive effects in combined treatments were analysed using a generalized linear model (GLM) approach, and three levels of dose-response combinations of the selected treatments were further tested. Bioassay results of the single treatments indicated between 43% and 60% reduction in adult emergence with NeemAzal-T solution thus proving to be the most efficient. However, most cadavers with entomopathogenic fungi (EPF) treatments showed the development of mycosis. Therefore, the reduction in adult emergence attributed to the EPF was altogether 87%. Combined treatments with Steinernema, Metarhizium (ICIPE-69), NeemAzal-T and neem pellets resulted in total reduction in adult emergence of 95-97% when late mortality by mycosis was c"
4989,rayyan-628424105,"Toxicity of natural insecticides on the larvae of wheat head armyworm, Dargida diffusa (Lepidoptera: Noctuidae).",2016,10.1016/j.etap.2016.01.014,https://doi.org/10.1016/j.etap.2016.01.014,https://pubmed.ncbi.nlm.nih.gov/26855414/,"The wheat head armyworm, Dargida (previously Faronta) diffusa (Walker) (Lepidoptera: Noctuidae), is widely distributed in North American grasslands and is most common on the Great Plains, where it is often a serious pest of corn and cereal crops. Six commercially available botanical or microbial insecticides used against D. diffusa were tested in the laboratory: Entrust((R)) WP (spinosad 80%), Mycotrol((R)) ESO (Beauveria bassiana GHA), Aza-Direct((R)) (azadirachtin), Met52((R)) EC (Metarhizium brunneum F52), Xpectro((R)) OD (Beauveria bassiana GHA+pyrethrins), and Xpulse((R)) OD (Beauveria bassiana GHA+azadirachtin). Concentrations of 0.1, 0.5, 1.0 and 2.0 fold the lowest labelled rates of formulated products were tested for all products, while for Entrust WP additional concentrations of 0.001 and 0.01 fold the label rates were also assessed. Survival rates were determined from larval mortality at 1-9 days post treatment application. We found that among the tested chemicals, Entrust((R)) (spinosad) was the most effective, causing 83-100% mortality (0-17% survival rate) at day 3 across all concentrations. The others, in order of efficacy from most to least, were Xpectro((R)) (B. bassiana GHA+pyrethrins), Xpulse((R))OD (B. bassiana GHA+azadirachtin), Aza-Direct((R)) (azadirachtin), Met52((R)) EC (M. brunneum F52), and Mycotrol((R)) ESO (B. bassiana GHA). These products and entomopathogenic fungi caused 70-100% mortality (0-30% survivability) from days 7 to 9. The tested products and entomopathogenic"
1141,rayyan-628419856,Application of an entomopathogenic fungus (Beauveria bassiana) increases potato nematodes reproduction and potato tubers damage caused by Ditylenchus destructor and D. dipsaci,2017,10.1016/j.biocontrol.2017.08.012,https://doi.org/10.1016/j.biocontrol.2017.08.012,"[""http://europepmc.org/abstract/AGR/IND605825896"", ""https://doi.org/10.1016/j.biocontrol.2017.08.012""]","Two greenhouse experiments were conducted to investigate the influence of Beauveria bassiana inoculated in the soil together with potato tuber rot nematode (Ditylenchus destructor) and stem and bulb nematode (Ditylenchus dipsaci). Data on nematode reproduction and consequently damage caused on potato tubers by these nematodes was investigated. In both experiments, the growing medium was inoculated with B. bassiana singly or in combination with D. destructor or D. dipsaci. B. bassiana alone did not negatively influence potato growth or tuber development. However, when B. bassiana was inoculated together with nematodes, higher nematode reproduction and tuber damage was observed at the end of the experiments. Tuber numbers and above ground fresh weight were not influenced by nematodes or a combination of B. bassiana and nematodes. Tuber weight was significantly reduced when nematodes were present together with B. bassiana. Although B. bassiana is an effective bio-control agent against some Meloidogyne spp., the application B. bassiana strain Naturalis in the presence of D. destructor and D. dipsaci might result in a detrimental interaction leading to higher nematode population densities and higher potato tuber damage."
465,rayyan-628415866,Characterization of the synergistic interaction between Beauveria bassiana strain GHA and Bacillus thuringiensis morrisoni strain tenebrionis applied against Colorado potato beetle larvae,2017,10.1016/j.jip.2017.01.007,https://doi.org/10.1016/j.jip.2017.01.007,https://app.dimensions.ai/details/publication/pub.1017099022,"Studies were undertaken to further characterize the previously identified synergistic activity of Bacillus thuringiensis- and Beauveria bassiana-based biopesticides against Colorado potato beetle (CPB). A flowable concentrate of B. thuringiensis morrisoni strain tenebrionis (Bt) (Novodor(R) FC) and a wettable powder of B. bassiana strain GHA (Bb) (Mycotrol(R) 22WP) were applied against CPB larval populations infesting potato in field plots. Novodor FC and an oil-dispersion formulation of Bb (Mycotrol ES) were applied against second-instar CPB larvae on potted potato plants in greenhouse tests under low relative humidity (RH), variable-temperature conditions. Each pathogen was applied alone and in combination (tank-mixed) with the other pathogen. In the field tests, each biopesticide was also combined with the spray-carrier (formulation without active ingredient) of the other pathogen. Results from the greenhouse tests showed that under warm, dry conditions, low activity of Mycotrol was counterbalanced by high activity of the Novodor, and under cool, somewhat more humid conditions, low Novodor activity was balanced by high activity of Mycotrol, with the result being a constant level of synergism (CPB mortality ca. 20 percentage points higher than predicted by independent action). Similar levels of synergism were observed under the markedly different conditions of the field and greenhouse environments, and the synergism was confirmed as arising from interaction of the two micobes,"
468,rayyan-628415877,Comparison of cauliflower-insect-fungus interactions and pesticides for cabbage root fly control,2017,10.1111/1744-7917.12534,https://doi.org/10.1111/1744-7917.12534,https://app.dimensions.ai/details/publication/pub.1091397196,"Cabbage root fly (Delia radicum L.) control represents a major challenge in brassica production, therefore different management strategies for its control were tested in conventionally managed open field cauliflower production. Strategies included treatments with low-risk methods such as nitrogen lime, the insecticide spinosad and the Beauveria bassiana ATCC 74040-based biopesticide Naturalis. Their effects were compared with treatments based on nonformulated fungal species Metarhizium brunneum, B. bassiana, Clonostachys solani, Trichoderma atroviride, T. koningiopsis, and T. gamsii and commercial insecticides -cyhalothrin and thiamethoxam. Spinosad and thiamethoxam were pipetted to individual plants before transplanting; -cyhalothrin was sprayed after transplanting; nitrogen lime was applied at first hoeing. Nonformulated fungi were delivered onto cauliflower plantlets' roots as a single pretransplantation inoculation. The cabbage root fly population dynamics exhibited a strong spatiotemporal variation. The lowest number of cabbage root fly pupae recovered from cauliflower roots in the field experiments was recorded in plants treated with spinosad (significant reduction), followed by Naturalis and one of the tested M. brunneum strains (nonsignificant reduction). Significantly more pupae were counted in the nitrogen lime treatment. The field experiments showed that a single drench of cauliflower plantlets with spinosad offered consistent and enduring cabbage root fly contro"
2620,rayyan-628421473,Compatibility of Beauveria bassiana with fungicides in vitro and on zucchini plants infested with Trialeurodes vaporariorum,2017,10.1016/j.biocontrol.2017.06.006,https://doi.org/10.1016/j.biocontrol.2017.06.006,"[""http://europepmc.org/abstract/AGR/IND605734927"", ""https://doi.org/10.1016/j.biocontrol.2017.06.006""]","The effect of fungicides on the entomopathogenic fungus Beauveria bassiana strain ATCC 74040 (Naturalis(R)) was evaluated in vitro and in vivo. The formulated fungicides Cantus(R) (boscalid), Frupica (mepanipyrim), Galben (benalaxyl), Melody(R) Compact (iprovalicarb+Cu oxychloride), OracleTM (fenamidone+Cu), Prosper(R) 300 CS (spiroxamine), Signum(R) (boscalid+pyraclostrobin), Switch(R) (cyprodinil+fludioxonil) and Talendo(R) (proquinazid) were tested on fungal colony growth from 10 field dose (10FD) to 104FD. Each product mixed with Naturalis at FD was also tested against Trialeurodes vaporariorum on zucchini plants. Fungal colony growth was not affected by Cantus, Galben, Melody Compact, Oracle and Talendo at FD, while Frupica and Prosper 300 CS reduced colony growth by 9.7% and 6.9%, respectively. All these products did not inhibit the activity of B. bassiana on whiteflies at FD. On the contrary, Signum and Switch significantly inhibited colony growth at all doses and reduced the entomopathogenic activity on whiteflies when applied in mixture with B. bassiana. The toxic effect of both fungicides on B. bassiana persisted for 10days after treatments, with a 91.2% reduction in nymph mortality in comparison to control for Signum and 87.4% for Switch. The mode of action of their active ingredients, boscalid, pyraclostrobin, cyprodinil and fludioxonil, individually and in mixture (boscalid+pyraclostrobin and cyprodinil+fludioxonil), was studied on fungal colony growth, spore germination, germ"
2309,rayyan-628421126,"Efficacy of biorational insecticides against chilli thrips, Scirtothrips dorsalis (Thysanoptera: Thripidae), infesting roses under nursery conditions",2017,10.1111/jen.12340,https://doi.org/10.1111/jen.12340,"[""http://europepmc.org/abstract/AGR/IND605720453"", ""https://doi.org/10.1111/jen.12340""]","We evaluated biopesticides based on entomopathogenic fungi, azadirachtin and horticultural oils for the management of the chilli thrips, Scirtothrips dorsalis Hood, an economically significant invasive pest in the United States. Insecticides were applied four times at 7- to 10-day intervals against established S. dorsalis infestations on shrub roses KnockOut(R), Rosa x 'Radrazz' under simulated nursery conditions. When applied as stand-alone treatments, Beauveria bassiana GHA (BotaniGard(R) ES), Metarhizium brunneum F52 (Met-52 EC), a horticultural oil (SuffOil-X(R)) and azadirachtin (Molt-X(R)) at label rates provided significant control, reducing populations of S. dorsalis by 48-71% compared with control over 4-6 weeks. Similar results were observed when the biopesticides were applied in rotation with each other. A conventional standard, spinosad (Conserve(R) SC), was consistently the most effective treatment in these studies, reducing thrips populations by 95% overall. In another study, more effective control (87%-92%) was achieved in biopesticide rotation programmes that included spinosad, when compared with those that did not. Results also showed that these biopesticides can be tank-mixed. However, there was no evidence that B. bassiana or M. brunneum combined with azadirachtin resulted in additive or synergistic control, as neither tank-mix treatment improved control compared with azadirachtin alone. These findings highlight the potential use of biopesticides in rotation program"
113,rayyan-628415283,Laboratory evaluation of the effect of Beauveria bassiana on the predatory mite Phytoseiulus persimilis (Acari: Phytoseiidae),2017,10.1016/j.jip.2017.06.006,https://doi.org/10.1016/j.jip.2017.06.006,https://app.dimensions.ai/details/publication/pub.1086060365,"Tetranychus urticae Koch (Acari: Tetranychidae), a major pest of many agricultural crops, is mainly controlled with chemical acaricides. However, predatory mites and entomopathogens have been proposed as alternative control agents. In this study, the effect of the BotaniGard(R) GHA strain of Beauveria bassiana on the survival, longevity, fecundity, and egg hatch rate of the predatory mite Phytoseiulus persimilis Athias-Henriot (Acari: Phytoseiidae) were studied under laboratory conditions. When B. bassiana was applied directly to P. persimilis eggs at a concentration of 1108conidia/ml, corrected hatchability was less than 5%, and the corrected mortality of nymphs and adults was not significantly different from control 10days after treatment. Phytoseiulus persimilis nymphs that hatched from treated eggs showed no significant change in their development time, adult female longevity, hatch rate, survival rates over time, or offspring sex ratio. However, significant negative effects on fecundity and life table parameters (net reproductive rate, intrinsic rate of natural increase, mean generation time, finite rate of increase, and doubling time) were found when B. bassiana was applied to the adult stage. Spraying B. bassiana at 1108conidia/ml on newly emerged adults of P. persimilis caused 44% reduction in the oviposition period, 26% in adult longevity, and 63% in fecundity. Due to these negative effects, B. bassiana should be used with careful adj"
850,rayyan-628419549,Preliminary Observations on Pathogenicity of Commercial Formulations of Metarhizium anisopliae1 and Beauveria bassiana1 Entomopathogenic Fungi for Control of Frankliniella invasor2 Under Laboratory Conditions,2017,,http://europepmc.org/abstract/AGR/IND605947293,http://europepmc.org/abstract/AGR/IND605947293,"At Chiapas, Mexico, Frankliniella invasor Sakimura (Thysanoptera: Thripidae) causes large economic loses to growers of mango (Mangifera indica L.), in addition to enormous ecological impact by insecticides used to control the thrips. We evaluated two commercial formulations Meta-TNK(R) [a.i. Metarhizium anisopliae (Metsch.) Sorokin sensu lato (s.l.)] and BotaniGard(R), [a.i. Beauveria bassiana (Bals.) Vuill.] as potential alternatives for control of female F. invasor adults. We found 91 2.0 and 95 1.1% of individuals exposed to Meta-TNK(R) and BotaniGard(R), respectively, dead by 48 hours after exposure. Both formulations have promising features to be used to control F. invasor."
2081,rayyan-628420887,Biocontrol of strawberry fruit infected by Botrytis cinerea: Effects on the microbial communities on fruit assessed by next-generation sequencing,2018,10.1111/jph.12700,https://doi.org/10.1111/jph.12700,"[""http://europepmc.org/abstract/AGR/IND605939303"", ""https://doi.org/10.1111/jph.12700""]","Fruit grey mould, caused by the fungus Botrytis cinerea, is known to be a harmful disease of strawberry at postharvest stage. However, effects of an application of biological control agents (BCAs) on strawberry fruit in terms of shift in the microbial community are still unknown. The present research aimed to investigate the effects of an application of BCAs on postharvest microbial populations present on strawberry fruits. Strawberry plants were sprayed with three kinds of BCA, RhizoVital 42 fl. (Bacillus amyloliquefaciens FZB42), Trianum-P (Trichoderma harzianum T22) and Naturalis (Beauveria bassiana ATCC 74040), targeting Botrytis cinerea fungus. Control plots were composed of water and fungicide treatments. Microbial communities (bacteria and fungi) were analysed via next-generation sequencing on an Illumina MiSeq. Analysis of 16S RNA and ITS rRNA sequences indicated that the BCAs application modified both bacterial and fungal community compositions and diversity. An application of two BCAs together had more effects on microbial community composition than a single application. These results suggest that BCAs can modify bacterial and fungal community composition and diversity on strawberry fruits, which may consequently improve the efficiency and establishment of these products on control of postharvest diseases of fruits, such as grey mould."
2469,rayyan-628421299,Compatibility of endophytic fungal entomopathogens with plant extracts for the management of sweetpotato whitefly Bemesia tabaci Gennadius (Homoptera: Aleyrodidae),2018,10.1016/j.biocontrol.2017.11.009,https://doi.org/10.1016/j.biocontrol.2017.11.009,"[""http://europepmc.org/abstract/AGR/IND605912523"", ""https://doi.org/10.1016/j.biocontrol.2017.11.009""]","The effects of individual and combined application of endophytic fungal entomopathogens (Beauveria bassiana strain NATURALIS and Metarhizium brunneum strain BIPESCO5) and aqueous extracts of two medicinal plants (Calotropis procera and Inula viscosa) on the survival and development of the sweetpotato whitefly (Bemisia tabaci) were investigated for the first time. Brassica oleracea was inoculated through foliar spray of plants with the conidial suspension of fungal strains, and the endophytic colonization of different plant parts (leaf, stem, and root) was confirmed 7 days post-inoculation (7 dpi); when B. tabaci adults were introduced into plants and prior to plant extract application. 48 h later, whitefly adults were removed and the egg bearing leaves of respective treatments were sprayed with aqueous plant extracts. Although all treatments had a significant negative effect on the survival of different B. tabaci developmental stages compared to control, an increase in percentage mortality among all developmental stages was consistently observed when combined applications of endophytic entomopathogenic fungi and aqueous plant extracts were used; irrespective of fungal strain or plant extract. However, the increase was not always additive. Combined application of endophytic entomopathogenic fungi and plant extracts had an additive effect on mortality of nearly all whitefly developmental stages when endophytic B. bassiana was applied with C. procera extract. On the other hand,"
2215,rayyan-628421027,"Evaluation of insecticides for the management of rough sweetpotato weevil, Blosyrus asellus (Coleoptera: Curculionidae) in Hawai'i island",2018,10.1016/j.cropro.2018.08.035,https://doi.org/10.1016/j.cropro.2018.08.035,"[""http://europepmc.org/abstract/AGR/IND606144501"", ""https://doi.org/10.1016/j.cropro.2018.08.035""]","Sweetpotato is an important staple food crop in Hawai'i, both for local consumption and export. Insect damage, especially from weevils, is a major production constraint of sweetpotato in the state of Hawai'i. Rough sweetpotato weevil, Blosyrus asellus (Olivier) is an invasive pest recently detected in the Hawaiian Islands. The immature stages of the weevil gouge shallow grooves on surfaces of storage roots that adversely affect their appearance, reduce their marketability, and result in wounds that could allow secondary microbial infections. Sustainable pest management practices are limited for this pest, due to its recent introduction in Hawai'i. As an interim approach, the efficacy of four insecticides including one bio-insecticide were compared against a control to manage this pest in the field. Results from two replicated trials indicate that broad spectrum insecticides such as Belay 16 WSG (Clothianidin) and Sevin XLR Plus (Carbaryl) are effective in managing this pest. Bio-insecticide BotaniGard (Beauveria bassiana strain GHA) was not very effective at the tested rate. Planting sweetpotatoes continuously in the same area would likely increase pest pressure in subsequent crop cycles because of the buildup of populations in the field. Cultural practices such as crop rotation and use of clean planting materials should help to reduce the incidence of pests in the field."
1227,rayyan-628419950,Fungal entomopathogens as endophytes reduce several species of Fusarium causing crown and root rot in sweet pepper (Capsicum annuum L.),2018,10.1016/j.biocontrol.2018.08.007,https://doi.org/10.1016/j.biocontrol.2018.08.007,"[""http://europepmc.org/abstract/AGR/IND606365618"", ""https://doi.org/10.1016/j.biocontrol.2018.08.007""]","Fusarium Crown and Root Rot (FCRR) is one of the most widespread and economically important diseases caused by a complex of Fusarium spp. infecting a wide crop range worldwide. Although there are many studies on the efficacy of bacterial and fungal biocontrol agents against FCRR, there have been no attempts to investigate the efficacy of entomopathogenic fungi as endophytes for FCRR biocontrol. At the same time, the antagonistic activity of endophytic fungal entomopathogens against plant pathogens remains understudied compared to their well-known biocontrol activity against insect pests. Therefore, the present study was initiated to examine for the first time the antagonistic activity of the fungal entomopathogens Beauveria bassiana (strain NATURALIS) and Metarhizium brunneum (strain BIPESCO5) against three Fusarium species (F. oxysporum, F. culmorum, and F. moniliforme) causing FCRR in vitro through dual-culture tests and in planta following the endophytic establishment of fungal entomopathogens in pot-culture experiments. Both fungal entomopathogens significantly inhibited all Fusarium species in vitro, with competition for niche or resources and antibiosis as modes of action. Further in planta bioassays showed that plants endophytically colonized with fungal entomopathogens had significantly reduced FCRR incidence and severity as well as improved growth, irrespective of fungal entomopathogen or Fusarium spp. This study demonstrates for the first time the biocontrol potenti"
1522,rayyan-628420271,Mitigating trans-boundary movement of Bemisia tabaci (Hemiptera: Aleyrodidae) on Mentha sp. by pre-shipping treatments of biopesticides,2018,10.1016/j.cropro.2018.01.015,https://doi.org/10.1016/j.cropro.2018.01.015,"[""http://europepmc.org/abstract/AGR/IND605896375"", ""https://doi.org/10.1016/j.cropro.2018.01.015""]","Bemisia tabaci (Gennadius) (Hemiptera: Aleyrodidae) cryptic species complex represents a major threat to several important crops including vegetables, cereals, fruits, and ornamentals worldwide. One important mode of its dispersal is through the trans-boundary (domestic, international) movement of infested plant materials. To prevent the spread of this invasive insect pest on inter-state ornamental shipments, the efficacy of biopesticides was tested through dip treatments of plant material pre-shipping. In several experiments, clean Mentha sp. (Lamiaceae), mint plants were exposed to adults of B. tabaci for 1 or 6 days. Adults were removed from plants and eggs, and immature stages were treated with one or a combination of the following: entomopathogenic fungi Beauveria bassiana (BotaniGard(R)), Isaria fumosorosea (Preferal(R)), the surfactant Natur'l OilTM, and soap (Publix(R)). After treatment application, plants were placed in commercial cardboard boxes and shipped from Apopka, Florida (FL) to Fort Pierce, FL. Assessments for the treatment efficacies were conducted at 3, 7, and 14 days post arrival of the shipment. Fungal entomopathogens; B. bassiana, I. fumosorosea, and the surfactant Natur'l OilTM, showed significant reduction in the whitefly population compared to the untreated control (P 0.05). Significantly higher corrected mortality of the whitefly populations was observed when B. bassiana was applied alone (81%) or in combination with Natur'l OilTM (86%), as well as I. fumo"
5072,rayyan-628424420,Seed inoculation with endophytic fungal entomopathogens promotes plant growth and reduces crown and root rot (CRR) caused by Fusarium culmorum in wheat.,2018,10.1007/s00425-018-2991-x,https://doi.org/10.1007/s00425-018-2991-x,https://pubmed.ncbi.nlm.nih.gov/30140979/,"Fungal entomopathogens, Beauveria bassiana (NATURALIS) and Metarhizium brunneum (BIPESCO5), can promote the growth of wheat following their endophytic establishment within plants through seed treatment. Similar to endophytic B. bassiana which has already been reported as a disease antagonist by several previous studies, the present study demonstrates that M. brunneum can suppress disease pathogens following plant colonization as well. An upsurge of research hints at the ability of entomopathogenic fungi, almost exclusively considered and used as insect pathogens, to endophytically colonize the internal tissues of a wide array of host plants and subsequently confer numerous benefits including enhancement of plant growth and suppression of disease pathogens. Such an ability has mainly been investigated for Beauveria bassiana. Fewer studies have demonstrated plant growth promotion by Metarhizium brunneum colonization, whereas no studies have reported on the potential of endophytic M. brunneum as a plant disease antagonist. The present study was, therefore, conducted to investigate whether seed treatment with B. bassiana (NATURALIS) and M. brunneum (BIPESCO5) could result in their endophytic establishment in wheat and promote plant growth. The study further examines the effect of the fungal strains as endophytes against Fusarium culmorum, one of the main causal agents of crown and root rot (CRR) in wheat. Both B. bassiana and M. brunneum were able to systemically colonize roots"
816,rayyan-628419511,"Biological control of the red flour beetle, Tribolium castaneum, using entomopathogenic fungi",2019,,http://europepmc.org/theses/ETH/820217,"[""http://europepmc.org/theses/ETH/820217"", ""https://ethos.bl.uk/OrderDetails.do?uin=uk.bl.ethos.820217""]","In this project the factors influencing the efficacy of entomopathogenic fungi on Tribolium castaneum (Herbst.) were evaluated. Initially, the efficacy of commercial formulations of Beauveria bassiana (Naturalis-L), Metarhizium anisopliae (Met52) and Verticillium lecanii (Mycotal) was assessed with adults and different instar larvae of T. castaneum. Results showed that all fungi tested had a pathogenic impact on T. castaneum. Beauveria bassiana and M. anisopliae were more effective than V. lecanii at the concentrations tested. To investigate whether combining dsRNA with fungi would improve the performance against T. castaneum, low concentration fungal spore formulations of B. bassiana and M. anisopliae in combination with the dsRNA of the T. castaneum small conductance calcium-activated potassium channel protein (SK) and potassium voltage-gated channel protein Shaker (SH) genes were evaluated. The combined treatments (fungi and dsRNA) were more successful than fungi or dsRNA treatment alone. To assess the effects of quinones secreted by T. castaneum on infection by the fungi the effects of B. bassiana and M. anisopliae on T. castaneum adults were assessed with three different types of flour medium: fresh, ... (continues)"
2538,rayyan-628421372,Laboratory Evaluation of Entomopathogenic Fungi for the Control of Khapra Beetle (Coleoptera: Dermestidae) and Their Effects on the Beetles' Fecundity and Longevity,2019,,http://europepmc.org/abstract/AGR/IND606486035,http://europepmc.org/abstract/AGR/IND606486035,"The khapra beetle, Trogoderma granarium Everts (Coleoptera: Dermestidae), is an important pest of stored wheat worldwide. The current study assessed the efficacy of five Iraqi isolates of entomopathogenic fungi, including Beauveria bassiana (Balsamo) Vuillemin (Cordycipitaceae) isolate Bb25, Lecanicillium attenuatum (Petch) Zare & Gams (Cordycipitaceae) isolate La90, Metarhizium anisopliae (Metchnikoff) Sorokin (Clavicipitaceae) isolate Ma42, Isaria fumosorosea (Wize) (Clavicipitaceae) isolate P10 and Chaetomium globosum (Kunze) (Chaetomiaceae) isolate CHG20, compared to a commercially produced B. bassiana strain GHA (Mycotrol(R) ESO). We also assessed the effects of fungal infection on the fecundity and longevity of adult female beetles under laboratory conditions of 30 2C and 65 5% RH. Beauveria bassiana isolate Bb25 and M. anisopliae isolate Ma42 had the highest virulence compared to L. attenuatum isolate La90, C. globosum isolate CHG20, I. fumosorosea isolate P10 and Mycotrol(R) ESO. Abbott-corrected mortality of T. granarium after exposure to either B. bassiana or M. anisopliae, at 106 conidia ml-1, varied according to the beetle's developmental stage. First, second and third instars were more susceptible compared with fourth, fifth instars and adults at 10 d post-treatment. Beauveria bassiana isolate Bb25 and M. anisopliae isolate Ma42 caused about 50% reduction in total fecundity and about 20% reduction in longevity of the female adults. The results demonstrate that t"
4965,rayyan-628424056,Persistence and Lethality of a Fungal Biopesticide (Aprehend) Applied to Insecticide-impregnated and Encasement-type Box Spring Covers for Bed Bug Management.,2019,10.1093/jee/toz135,https://doi.org/10.1093/jee/toz135,https://pubmed.ncbi.nlm.nih.gov/31115457/,"The newly developed fungal biopesticide Aprehend, containing spores of Beauveria bassiana, is the first biological control agent to be incorporated into management programs to control the common bed bug (Cimex lectularius L.) (Hemiptera: Cimicidae). Aprehend is sprayed as barriers where bed bugs are likely to walk and pick up spores as they search for a bloodmeal. A key application target for Aprehend is the box spring, which may be covered by encasement-type or insecticide-impregnated covers. Since some insecticides can reduce the persistence of fungal spores, we tested the efficacy and spore germination percentages of Aprehend when applied to the two types of box spring covers. We found that spore germination was about 11% lower on the permethrin-impregnated ActiveGuard cover than on the encasement-type AllerEase cover. However, bed bugs exposed for 15 min to Aprehend on the two box spring covers suffered similarly high levels of mortality irrespective of the cover material. Thus, there was no inhibitory or additive effect of the ActiveGuard cover on bed bug mortality. Lastly, overall mortality was higher if bed bugs were exposed to Aprehend-treated ActiveGuard than the ActiveGuard cover alone. Our findings indicate that if pest managers are using ActiveGuard covers in combination with Aprehend, best practice would be to use ActiveGuard on mattresses and apply Aprehend directly to the box spring or to a box spring covered by an encasement-type cover."
4966,rayyan-628424057,Spores of Beauveria bassiana and Trichoderma lignorum as a bioinsecticide for the control of Atta cephalotes.,2019,10.1186/s40659-019-0259-y,https://doi.org/10.1186/s40659-019-0259-y,https://pubmed.ncbi.nlm.nih.gov/31530279/,"BACKGROUND: The leafcutter ant (Atta cephalotes) is associated with losses in the agricultural sector, due to its defoliating activity; for its control, biological, mechanical and chemical methods have been developed, the latter associated with adverse effects on human and environmental health. This research validated in the field for the control of the leafcutter ant (A. cephalotes) using a mixture of Beauveria bassiana and Trichoderma lignorum spores. METHODS: The effectiveness from the combination of spores of B. bassiana and T. lignorum with an initial concentration of 2 10(9) spores/ml, in the following proportions of B. bassiana and T. lignorum, A (1:1), of each fungus. It was evaluated within the university campus, comparing it with two commercial formulations, Mycotrol (B. bassiana) and Mycobac (T. lignorum). Additionally, this formulation was evaluated in 49 nests distributed 16 in 14 locations in Colombia. The formulation application was carried out by direct application, using a pump at a speed of 10 ml/m(2). The effectiveness was estimated from the reduction of the flow of ants, evaluating the statistically significant differences using the ANOVA and Tukey-test. RESULTS: Effective control of 90% of the nests was observed in the field phase in 60 days, except in nests with areas 50 m(2) that were located in regions with high rainfall (annual average precipitation above 7000 mm), such as Buenaventura. CONCLUSIONS: In this work, it was demonstrated that the comb"
5017,rayyan-628424174,Activity of Metarhizium brunneum and Beauveria bassiana against early developmental stages of the false codling moth Thaumatotibia leucotreta.,2020,10.1016/j.jip.2019.107312,https://doi.org/10.1016/j.jip.2019.107312,https://pubmed.ncbi.nlm.nih.gov/31870852/,"This study evaluated the efficacy of two entomopathogenic Hypocrealean fungi, Metarhizium brunneum (laboratory isolate) and Beauveria bassiana (the commercial product Botanigard), for preventative control of the false codling moth, Thaumatotibia leucotreta. The mortality of eggs and first instar larvae was studied in three different assays. First, fungal virulence was examined under optimal laboratory conditions (25 C, 85% RH) by placing T. leucotreta eggs on conidia-impregnated filter paper. One-day-old eggs and first instar larvae were susceptible to both fungi. In contrast, 5-day-old eggs (advanced embryo development) were susceptible to M. brunneum, but not to B. bassiana. The activity of both fungi against eggs was assessed under two humidity regimes: 85% RH-optimal for fungal germination, and 60% RH-the average humidity in the laboratory. Pieces of parchment paper serving as oviposition surfaces were treated with each of the fungi and introduced to gravid females at different time points after inoculation (0, 2, 7 and 14 days). Although the tested fungal species differed in their virulence to T. leucotreta eggs, both reduced hatching rate under both humidity regimes to 8.3-58.3%, compared to 71.7-83.3% in the control treatments. To evaluate reduction of T. leucotreta infestation of fruit, 'Ori' citrus fruit (easy peeler Citrus sinensis) were treated with each of the fungi. Eggs were placed on the fruit peels and the fruit were maintained under room conditions (25 C,"
501,rayyan-628415943,"Applications of Beauveria bassiana (Hypocreales: Cordycipitaceae) to Control Populations of Spotted Lanternfly (Hemiptera: Fulgoridae), in Semi-Natural Landscapes and on Grapevines",2020,10.1093/ee/nvaa064,https://doi.org/10.1093/ee/nvaa064,https://app.dimensions.ai/details/publication/pub.1127525982,"Spotted lanternfly, Lycorma delicatula (White), is an invasive Asian insect that was initially found in Berks County, Pennsylvania, in 2014. As of early 2020, this pest had been found in five more eastern states and it is expected to continue to expand its geographical range. Lycorma delicatula is highly polyphagous but seems to prefer tree-of-heaven, Ailanthus altissima. However, grape growers in Pennsylvania have reported significant damage and loss of vines caused by L. delicatula adults. In fall 2018, two fungal entomopathogens (Beauveria bassiana and Batkoa major) drove localized collapses in L. delicatula populations in Berks County, Pennsylvania. In 2019, we tested applications of a commercialized mycoinsecticide based on B. bassiana strain GHA on L. delicatula populations in a public park in southeastern Pennsylvania. A single application of B. bassiana reduced fourth instar nymphs by 48% after 14 d. Applications of B. bassiana to L. delicatula adults in the same park resulted in 43% mortality after 14 d. Beauveria bassiana spores remained viable on foliage for 5-7 d after spraying. We also conducted semi-field bioassays with B. bassiana GHA (formulated as BoteGHA and Aprehend) and another mycoinsecticide containing Isaria fumosorosea Apopka Strain 97 against L. delicatula adults feeding on potted grapes. All the mycoinsecticides killed 90% of adults after 9 d using direct applications. Aprehend killed 99% of adults after 9 d with exposure to residues on sprayed grap"
728,rayyan-628419417,"Control of the Banded Fruit Weevil, Phlyctinus callosus (Schonherr) (Coleoptera: Curculionidae), Using Entomopathogenic Fungi",2020,,http://europepmc.org/abstract/AGR/IND606976509,http://europepmc.org/abstract/AGR/IND606976509,"Phlyctinus callosus (Schonherr) (Coleoptera: Curculionidae), the banded fruit weevil (BFW), is a sporadic pest, causing damage to fruits, leaves and roots of deciduous fruits and grapevines in the Western Cape Province. Using trunk barriers to prevent the flightless weevils from reaching the leaves and fruits is labour-intensive. Entomopathogenic fungi (EPF) are effective biocontrol agents for the control of soil-borne and above-ground insect pests. Different EPF isolates were screened at 1 106 conidia/ml for virulence against different life stages (larvae, pupae and adults) of the BFW. The results indicated that unformulated, laboratory-cultured Beauveria bassiana 1 (Broadband(R)) and Metarhizium anisopliae 1 (Meta 69(R)) resulted in significantly higher BFW larval mortality of 97 % and 93 %, respectively, than B. bassiana 2 (Eco-Bb(R)) with 58 % mortality. Beauveria bassiana 1 (92 %) resulted in significantly higher pupal mortality than B. bassiana 2 (68 %) and M. anisopliae 1 (66 %). Beauveria bassiana 1 caused 90 % adult BFW mortality, which differed significantly from that obtained with B. bassiana 2 (69 %) and M. anisopliae 1 (65 %). A local EPF isolate (EA2) was compared with the commercial EPF isolates, and B. bassiana 1 (92 %) again caused significantly higher mortality of BFW adults compared to B. bassiana 2 (65 %), M. anisopliae 1 (60 %) and M. anisopliae isolate EA2 (64 %). In a sand bioassay using final instar BFW larvae, B. bassiana 1 (85 %) resulted in higher morta"
5050,rayyan-628424276,"Evaluation of spray applications of Metarhizium anisopliae, Metarhizium brunneum and Beauveria bassiana against larval winter ticks, Dermacentor albipictus.",2020,10.1007/s10493-020-00547-6,https://doi.org/10.1007/s10493-020-00547-6,https://pubmed.ncbi.nlm.nih.gov/33185806/,"Dermacentor albipictus (Acari: Ixodidae), the winter tick, is a one-host tick that parasitizes large ungulates. They can dramatically affect moose, Alces alces (Artiodactyla: Cervidae), causing significant physiological and metabolic stress and mortality among heavily parasitized individuals. Entomopathogenic fungi in the genera Metarhizium (Hypocreales: Clavicipitaceae) and Beauveria (Hypocreales: Cordycipitaceae) are promising tick biological control agents. We examined the pathogenicity of experimental and commercially formulated isolates of M. anisopliae, M. brunneum and B. bassiana sprayed at concentrations of 10(6), 10(7) and 10(8) conidia/mL against the larval stage of D. albipictus and assessed the efficacy of spraying the commercial product Met52(R)EC, containing M. brunneum, strain F52, under laboratory conditions. Results showed larval D. albipictus mortality was significantly higher and occurred earlier when treated with M. anisopliae and M. brunneum isolates compared to B. bassiana at 10(6), 10(7) and 10(8) conidia/mL. Mortality was observed as early as 3 days in the M. anisopliae and M. brunneum treatments and after 6 days in the B. bassiana treatments. After 21 days, larval mortality ranged from 74-99% when ticks were treated with M. anisopliae and M. brunneum isolates at 10(6), 10(7) and 10(8) and conidia/mL. In contrast, mortality of ticks treated with B. bassiana ranged from 30 to 64%. When larvae were treated with the commercial product Met52, mortality was"
585,rayyan-628416077,PSXI-4 Beauveria bassiana to control the mealworm Alphitobius diaperinus in chicken barns,2020,,http://europepmc.org/abstract/PMC/PMC7702525,"[""http://europepmc.org/abstract/PMC/PMC7702525"", ""https://www.ncbi.nlm.nih.gov/pmc/articles/PMC7702525/?tool=EBI""]","Abstract One of the most common insects in poultry houses is the mealworm Alphitobius diaperinus, also known as the darkling beetle. Immature (larvae) and adults feed on seeds spilled on the ground or from poultry droppings. In addition to structural damage, this insect can also be a vector of diseases that can affect birds. In addition, the indigestible shell of the insect can cause digestion problems for birds, and thus affect the profitability of production. It is considered impossible to eliminate the populations of mealworms, and in organic poultry production, the control options are limited. The mycoinsecticide BioCeres WP, based on the fungus Beauveria bassiana, and which controls aphids, has been proposed to control the mealworm A. diaperinus in chicken barns. 450 adult mealworms from a commercial chicken barn were randomly distributed in 9 containers (1 m2) containing 10 cm of wood shavings litter and chicken feed. BioCeres WP was applied by spraying two applications of 40 ml of 10 g/L solution (representing 4 x 10^9 conidia per m2 per application). Mealworms were housed during a broiler batch at the chicken barn they were harvested from and received one of the following treatments: 1) control, water spraying; 2) BioCeres WP treatment. 3 repetitions for control and 6 for BioCeres WP were performed. BioCeres WP increased the mortality rate of mealworms (+101%, P 0.02; 17.8% vs. 8.6%), compared to untreated mealworms, 28 days after treatment. Mortality rates were aff"
2589,rayyan-628421432,Pathogenicity of Beauveria bassiana against Immature Stages of Diaphorina citri1 under Laboratory Conditions,2020,,http://europepmc.org/abstract/AGR/IND607115348,http://europepmc.org/abstract/AGR/IND607115348,"Asian citrus psyllid, Diaphorina citri Kuwayama (Hemiptera: Liividae), is the most important pest of citrus worldwide. It is the vector of the bacteria Liberibacter spp. responsible for Huanglongbing, a devastating disease of citrus. The pathogenicity of four Beauveria bassiana (Balsamo) Vuillemin (Hypocreales: Cordycipitaceae) strains and a commercial product were evaluated on immature stages of D. citri in laboratory bioassays. At a concentration of 1108 conidia per milliliter, neither the strains nor commercial product of B. bassiana had any effect on D. citri eggs; 95% of the eggs hatched and nymphs continued development into adults. The strains evaluated, Bb-Rhy, Bb-Dc, Bb-18, Botanigard, and Bb-Hy, killed 58, 56, 45, 43, and 21%, respectively, of all nymphs. The shortest lethal times, 8.5 and 9.5 days, were by Bb-Rhy and Bb-Dc strains. Bb-Rhy killed significantly more I-III than IV-V stage nymphs. Median lethal concentrations of the most pathogenic strains on nymph IV-V instars were 8.34106 conidia per milliliter by Bb-Dc and 1107 by Bb-Rhy. The impact of the fungus on nymphal stages was discussed."
456,rayyan-628415854,Response of the macadamia seed weevil Kuschelorhynchus macadamiae (Coleoptera: Curculionidae) to Metarhizium anisopliae and Beauveria bassiana in laboratory bioassays,2020,10.1016/j.jip.2020.107437,https://doi.org/10.1016/j.jip.2020.107437,https://app.dimensions.ai/details/publication/pub.1128744229,"Macadamia seed weevil, Kuschelorhynchus macadamiae Jennings and Oberprieler, is a major pest of macadamia in eastern Australia, causing yield losses of up to 15%. Current control methods involve two applications of acephate per season but more recently have moved to a single application of indoxacarb, combined with the collection and destruction of fallen nuts that contain developing larvae. As a first step towards reducing the dependence of the industry on synthetic insecticides, we tested six isolates of M. anisopliae, six isolates of B. bassiana and one commercial B. bassiana product (Velifer(R) biological insecticide) against adult macadamia seed weevil under laboratory conditions. All isolates were pathogenic against adult weevils with M. anisopliae accession ECS1/BRIP 70272 and B. bassiana accession B27/BRIP 70267 causing 97.5% and 92.5% mortality 12 days after being treated at 1 107 conidia/mL. Isolates ECS1/BRIP 70272 and B27/BRIP 70267 had the shortest LT50 values of 5.13 days and 5.37 days respectively. The median lethal concentrations (LC50) for ECS1/BRIP 70272 and B27/BRIP 70267 were 1.48 105 and 1.65 105 conidia/mL respectively. Results of this study indicate that M. anisopliae accession ECS1/BRIP 70272 and B. bassiana accession B27/BRIP 70267 have considerable potential for K. macadamiae control, and should be developed into biological insecticides for integration into macadamia pest management programs."
2577,rayyan-628421418,"Sensitivity of Ixodes ricinus (L., 1758) and Dermacentor reticulatus (Fabr., 1794) ticks to entomopathogenic fungi isolates: preliminary study",2020,10.1007/s00436-020-06805-1,https://doi.org/10.1007/s00436-020-06805-1,"[""http://europepmc.org/abstract/MED/32661888"", ""https://link.springer.com/content/pdf/10.1007/s00436-020-06805-1.pdf""]","Entomopathogenic fungi of the genus Beauveria and Metarhizium play an important role in controlling the population of arthropods. However, the data on their effectiveness against ticks focus mainly on species that do not occur in Europe. The aim of the study was to assess the effectiveness of entomopathogenic fungi against two of the most important tick species in Europe: Ixodes ricinus and Dermacentor reticulatus. In our study, the majority of tested entomopathogenic fungi strains showed potential efficacy against both tick species; however, D. reticulatus was less susceptible in comparison to I. ricinus. The observed mortality of ticks was up to 100% by using all commercial strains as well as three out of nine of the environmental strains. Among all tested fungi, the most effective against both tick species was environmental strain Metarhizium anisopliae LO4(1) with LC50 values: 2.6 103 cfu/ml-5.7 105 cfu/ml. Botanigard proved to be more effective than MET52 with LC50 values: 6.8 103 cfu/ml-3.3 106 cfu/ml. The conducted bioassays indicate the potential possibility of using the environmental isolates of entomopathogenic fungi, as well as commercial strains in control of local populations of I. ricinus and D. reticulatus; however, the possibility of using them in vivo requires more research."
384,rayyan-628415698,"Susceptibility of Myzus persicae, Brevicoryne brassicae and Nasonovia ribisnigri to Fungal Biopesticides in Laboratory and Field Experiments",2020,10.3390/insects11010055,https://doi.org/10.3390/insects11010055,"[""http://europepmc.org/abstract/MED/31963410"", ""https://doi.org/10.3390/insects11010055""]","The aim of this study was to evaluate the potential of entomopathogenic fungi (EPF) for the control of aphid pests of field vegetable crops. Four biopesticides based on the EPF Beauveria bassiana (Botanigard ES and Naturalis L), Cordyceps fumosorosea s.l. (Preferal WG), and Akanthomyces dipterigenus (Vertalec) were evaluated in a laboratory bioassay against peach-potato aphid Myzus persicae, cabbage aphid Brevicoryne brassicae, and currant-lettuce aphid Nasonovia ribisnigri. There was significant variation in the spore dose provided by the products, with Botanigard ES producing the highest dose (639 viable spores per mm2). Botanigard ES also caused more mortality than the other products. Combining Vertalec with the vegetable oil-based adjuvant Addit had an additive effect on the mortality of B. brassicae. All fungal products reduced the number of progeny produced by M. persicae but there was no effect with B. brassicae or N. ribisnigri. When aphid nymphs were treated with Botanigard ES and Preferal WG, both products reduced population development, with up to 86% reduction occurring for Botanigard ES against M. persicae. In a field experiment, Botanigard ES sprayed twice, at seven-day intervals, against B. brassicae on cabbage plants, reduced aphid numbers by 73%. In a second field experiment with B. brassicae, M. persicae, and N. ribisnigri, Botani"
4963,rayyan-628424052,Biocontrol of invasive pheretimoid earthworms using Beauveria bassiana.,2021,10.7717/peerj.11101,https://doi.org/10.7717/peerj.11101,https://pubmed.ncbi.nlm.nih.gov/33868811/,"BACKGROUND: Invasive species cause enormous costs of over $120 billion to the U.S. economy. Among biological invasions, the invasion by pheretimoid earthworms has gone relatively unnoticed and their invasion imposes yet unknown damage on USA agriculture and horticulture. The main dispersal is with horticultural goods such as plant material and composts. Pheretimoids affect commercially important hardwood forest. With no chemical agents currently certified for earthworm control nor any best horticultural practices, slowing the invasion is difficult. METHODS: In this study we measured the efficacy of a commercial entomopathogenic fungal isolate of B. bassiana (BotaniGard((R))) to kill pheretimoid earthworms under greenhouse conditions. Four treatments of B. bassiana were applied: The commercial product as per label, re-cultured commercial B. bassiana, 15 g and 25 g millet grains mycotized with recultured product. In all, three bioassays were conducted in 2 consecutive years with two batches of BotaniGard((R)). RESULTS: With fresh batches, all B. bassiana treatments with re-cultured product resulted in greater than 70% mortality within 4 weeks. Mortality was less than 60% when BotaniGard((R)) was used as prescribed by the label. When using 1-year old spores (refrigerated at 4 C), mortality rates for B. bassiana treatments were less than 20% and not significantly different from the controls. However, B. bassiana still affected the earthworms by slowing their development from juvenile"
5031,rayyan-628424226,"Biological control of Western flower thrips, Frankliniella occidentalis using a self-sustaining granular fungal treatment.",2021,10.1017/S0007485321000365,https://doi.org/10.1017/S0007485321000365,https://pubmed.ncbi.nlm.nih.gov/34134799/,"Western flower thrips (WFT), Frankliniella occidentalis, is one of the most destructive pests of vegetables, fruits and ornamental crops worldwide, causing extensive damage by direct feeding of the crop and transmitting economically important viruses. Despite the successes of biocontrol agents to control WFT, more efficient and cost-effective ways must be found to encourage grower adoption of integrated pest management. A sustainable fungal treatment was developed to preserve fungal inoculum in potting soil and reduce thrips populations. Combining cooked, oven-dried millet with BotaniGard((R)) (a commercial form of Beauveria bassiana strain GHA) to potting soil increased spore production and persistence of the fungus in the soil. In treated pots with millet, spore concentrations were 3-4 times greater after 30 days compared with spore yields at 10 days. The number of WFT adults was significantly lower in the marigold pots treated with GHA mix + millet than untreated controls, 12% and 10% in treated pots and 70% and 68% in untreated pots in sterile and non-sterile soil, respectively. Incorporation of millet in the potting mix enhanced the effect of the fungal treatments by providing a nutritive substrate on which the fungus could become established. This method is relatively inexpensive and easy for growers to use in greenhouses because granular formulations of B. bassiana are not commercially available."
4974,rayyan-628424076,Effects of Chemical Insecticide Residues and Household Surface Type on a Beauveria bassiana-Based Biopesticide (Aprehend((R))) for Bed Bug Management.,2021,10.3390/insects12030214,https://doi.org/10.3390/insects12030214,https://pubmed.ncbi.nlm.nih.gov/33802315/,"The biopesticide Aprehend, containing spores of the entomopathogenic fungus Beauveria bassiana, is a biological control agent for the management of the common bed bug (Cimex lectularius L.) (Hemiptera: Cimicidae). The spores are applied in strategically placed barriers, which bed bugs walk across as they search for a bloodmeal. Application of chemical insecticides by the general public and professional pest managers is common, which means that Aprehend may be sprayed on existing insecticide residues. We evaluated the effect of chemical residues, of 22 different chemical insecticides on different household surface types. We found that residues from 12 chemical pesticides significantly reduced spore viability measured 5 weeks after application in comparison to the control. However, efficacy of Aprehend, as measured by bed bug mortality and mean survival time after exposure to sprayed surfaces, seven weeks after application was not impacted detrimentally. Furthermore, in some cases, efficacy of old chemical residues was enhanced by the combination of chemical and Aprehend seven weeks after application. Surface type also played a role in the relative efficacy of all products and combinations, particularly as the residues aged."
303,rayyan-628415563,Dual Action of Beauveria bassiana (Hypocreales; Cordycipitaceae) Endophytic Stains as Biocontrol Agents against Sucking Pests and Plant Growth Biostimulants on Melon and Strawberry Field Plants,2022,10.3390/microorganisms10112306,https://doi.org/10.3390/microorganisms10112306,"[""http://europepmc.org/abstract/MED/36422376"", ""https://www.mdpi.com/2076-2607/10/11/2306/pdf?version=1669110959""]","Entomopathogenic fungi (EPF) can colonize plant tissues and serve crops not only as biopesticides but also as biostimulants that promote plant growth and trigger defense mechanisms. In this context, field trials were conducted evaluating two commercial strains of the entomopathogen Beauveria bassiana (Hypocreales: Cordycipitaceae), GHA (Botanigard) and PPRI 5339 (Velifer(R) ES) and a wild strain (AP0101) isolated from Achaia, Greece. The three strains were investigated in the field for their endophytic effects on melon Cucumis melo (Cucurbitales: Cucurbitaceae) and strawberry Fragaria sp. (Rosales: Rosaceae) plants and in particular for their ability to colonize plant tissues, control infestations of sucking insects Aphis gossypii (Hemiptera: Aphididae), Chaetosiphon fragaefolii (Hemiptera: Aphididae) and Frankliniella occidentalis (Thysanoptera: Thripidae), and improve plant growth parameters (plant height, number of flowers and fruits). All experimental fungal strains successfully colonized both plants. A significant decrease in the aphid and thrip populations was observed in the treated plants compared to the untreated control. As for plant growth, the number of flowers and fruits was significantly increased in plants treated with B. bassiana strains AP0101 and PPRI 5339. Our results clearly indicate that fungal endophytes can efficiently act as dual action agents demonstrating both insecticidal and growth-promoting"
114,rayyan-628415284,Larval Mortality and Ovipositional Preference in Aedes albopictus (Diptera: Culicidae) Induced by the Entomopathogenic Fungus Beauveria bassiana (Hypocreales: Cordycipitaceae),2022,10.1093/jme/tjac084,https://doi.org/10.1093/jme/tjac084,https://app.dimensions.ai/details/publication/pub.1149305122,"Entomopathogenic fungi allow chemical-free and environmentally safe vector management. Beauveria bassiana (Balsamo-Crivelli) Vuillemin is a promising biological control agent and an important component of integrated vector management. We investigated the mortality of Aedes albopictus (Skuse) larvae exposed to five concentrations of B. bassiana using Mycotrol ESO and adult oviposition behavior to analyze the egg-laying preferences of wild Ae. albopictus in response to different fungal concentrations. We examined the mortality of mid-instars exposed to B. bassiana concentrations of 1 104, 1 105, 1 106, 1 107, and 1 108 conidia/ml every 24 h for 12 d. In the oviposition behavior study, the fungus was applied to wooden paddles at 1 105, 1 107, and 1 109 conidia/ml, and the paddles were individually placed into quad-ovitraps. Both experiments contained control groups without B. bassiana. Kaplan-Meier survival analysis revealed that larval mortality was concentration dependent. The median lethal concentration was 2.43 105 conidia/ml on d 12. The median lethal time was 3.68 d at 1 106 conidia/ml. Oviposition monitoring revealed no significant difference in egg count between the control and treatment paddles. We observed an inverse relationship between the concentration of B. bassiana and the percentage of paddles with eggs. We concluded that concentrations above 1 106 conidia/ml are larvicidal, and Ae. albopictus laid similar numbers of eggs on fungus-impregnat"
466,rayyan-628415870,The effect of UVB-blocking plastics on the efficacy of Beauveria bassiana and a conventional product against Lygus lineolaris on low tunnel strawberry,2022,10.1002/ps.7046,https://doi.org/10.1002/ps.7046,https://app.dimensions.ai/details/publication/pub.1148778839,"BACKGROUND: Effective, safe and practical biocontrol options are greatly needed for combating Lygus lineolaris on protected culture strawberry. This study demonstrated how ultaviolet (UV)-selective plastics can improve the efficacy of the fungal biocontrol agent Beauveria bassiana (Mycotrol) compared to the conventional insecticide acetamiprid (Assail) against L. lineolaris on low tunnel strawberry."
343,rayyan-628415643,Will the application of biocontrol fungi disrupt predation of Acanthococcus lagerstroemiae by coccinellids?,2022,10.1016/j.jip.2022.107789,https://doi.org/10.1016/j.jip.2022.107789,"[""http://europepmc.org/abstract/MED/35772489"", ""https://doi.org/10.1016/j.jip.2022.107789""]","Insect predators are the most important natural enemies of the crapemyrtle bark scale (CMBS) in the USA. Mycopesticides (biocontrol fungi) are considered an IPM tool to increase CMBS mortality; however, their impacts on CMBS predators are unknown. The objectives of this study were to assess the abundance and diversity of CMBS natural enemies in Louisiana; evaluate the impacts of mycopesticides on survival of CMBS predators by life stage; and determine if entomopathogenic spores delivered to crapemyrtles are transferred to predators under field conditions. The mycopesticides Ancora(R) (Isaria fumosorosea PFR97), BioCeres(R) (Beauveria bassiana ANT-03), and BotaniGard(R) (B. bassiana GHA) were tested against the coccinellids Chilocorus spp. and Hyperaspis bigeminata under laboratory and field conditions. Adults and larvae of the coccinellids were treated with each mycopesticide and survival recorded over a 14-day period. The most common natural enemies on CMBS infested trees were the coccinellids Chilocorus cacti, C. stigma, and Hyperaspis bigeminata (Coleoptera: Coccinellidae). In laboratory bioassays BotaniGard(R) reduced survival of adults and larvae of both genera by at least 57%. BioCeres(R) reduced the survival of Chilocorus spp. adults by 40% and Ancora(R) reduced survival of H. bigeminata larvae by 69%. Under field conditions, CMBS infestations were sprayed with the mycopesticides and coccinellids were collected every other day for a two-week period. Spores of the applied mycopesti"
4967,rayyan-628424061,Entomopathogenic fungus Beauveria bassiana-based bioinsecticide suppresses severity of powdery mildews of vegetables by inducing the plant defense responses.,2023,10.3389/fpls.2023.1211825,https://doi.org/10.3389/fpls.2023.1211825,https://pubmed.ncbi.nlm.nih.gov/37692425/,"The entomopathogenic fungus Beauveria bassiana is used commercially as a microbial insecticides against a wide range of agricultural insect pests. Some strains of B. bassiana protect the plants from pathogens, but the underlying mechanisms are largely unknown. Here, we found that prophylactic sprays of commercial bioinsecticide Botanigard on cucumber, tomato, and strawberry plants suppressed the severity of economically damaging powdery mildews. On leaf surfaces, hyphal elongation and spore germination of cucumber powdery mildew, Podosphaera xanthii, were inhibited, but B. bassiana strain GHA, the active ingredient isolated from Botanigard, only inhibited hyphal elongation but had no effect on spore germination of P. xanthii. In addition, strain GHA suppressed powdery mildew symptoms locally, not systemically. Treatment with Botanigard and strain GHA induced a hypersensitive response (HR)-like cell death in epidermal cells of the cucumber leaves in a concentration-dependent manner and inhibited penetration by P. xanthii. Transcriptome analysis and mass spectrometry revealed that GHA induced expression of salicylic acid (SA)-related genes, and treatment with Botanigard and GHA increased the SA level in the cucumber leaves. In NahG-transgenic tomato plants, which do not accumulate SA, the biocontrol effect of tomato powdery mildew by GHA was significantly reduced. These results suggested that B. bassiana GHA induces SA accumulation, leading to the induction of HR-like cell dea"
4971,rayyan-628424070,"Evaluation of Spore Acquisition, Spore Production, and Host Survival Time for Tea Shot-Hole Borer, Euwallacea perbrevis, Adults after Exposure to Four Commercial Products Containing Beauveria bassiana.",2023,10.3390/insects14090726,https://doi.org/10.3390/insects14090726,https://pubmed.ncbi.nlm.nih.gov/37754694/,"Euwallacea perbrevis, the tea shot-hole borer (TSHB), is an invasive ambrosia beetle that vectors several fungal pathogens that cause Fusarium branch dieback in avocado trees in southern Florida. This study assessed the potential of four commercial products containing the entomopathogenic fungus Beauveria bassiana (Bb) for managing adult TSHB beetles. Formulated products containing Bb strains to which adult beetles were exposed were BioCeres WP, BotaniGard WP, BotaniGard ES, and Velifer ES. Controls consisted of water only and BotaniGard ES and Velifer ES supernatant with spores removed. Acquisition of spores by adult beetles dipped in product suspensions with 2.5 0.1 10(6) spores/mL was assessed. Survival time of beetles after residual exposure to the Bb-based products in an in vivo avocado bark plug bioassay was determined. Production of Bb spores on beetles after being dipped in product suspensions and placed in a moistened bark-plug assay with water only was assessed. Significantly more spores were acquired by beetles exposed to Velifer ES and BotaniGard ES than beetles exposed to the other fungal products. Beetles exposed to Velifer ES and BotaniGard ES died faster (6-8 days) compared to beetles dipped in the other fungal products (10-11 days) and controls (12 days). Percentage of mycosis was highest with beetles exposed to Velifer ES (63%). Spore production on cadavers of beetles dipped in Velifer ES (20 6.4 10(5) spores/cadaver) was the highest among all treat"
5004,rayyan-628424143,A New Isolate Beauveria bassiana GxABT-1: Efficacy against Myzus persicae and Promising Impact on the Beet Mild Yellow Virus-Aphid Association.,2024,10.3390/insects15090697,https://doi.org/10.3390/insects15090697,https://pubmed.ncbi.nlm.nih.gov/39336665/,"Within the context of ecofriendly alternatives to neonicotinoids, we explored the direct and endophytic potential of two Beauveria bassiana isolates, GHA from BotaniGard and the new endemic isolate GxABT-1, against the Sugar Beet Mild Yellow Virus (BMYV)-Myzus persicae pathosystem. A mortality rate of 96 and 91% was registered after 8 days of treatment with GHA and Gx-ABT-1, respectively. To assess the endophytic impact, sugar beet seeds were treated, and the ability of the fungi to colonize the plant was assessed and correlated with the aphids' (1) life cycle, (2) attraction towards the plants, and (3) ability to transmit BMYV. Both fungi colonized the plants, and the GxABT-1 isolate impaired the aphids' life cycle. Myzus persicae were more attracted to leaf discs from non-treated plants than to the fungal-treated ones. Interestingly, when the choice test dealt only with the fungal treatments, aphids were more attracted to leaves from plants harboring Gx-ABT-1 than those with GHA. Moreover, no significant impact was observed for BMYV transmission despite the slight decrease in the viral load in GxABT-1 isolate-treated plants. Our findings constitute a baseline to delve more into the performance of the new endemic isolate B. bassiana in other pathosystems using different treatment methods."
305,rayyan-628415572,Do hydraulic pumps and filters of sprayers influence the viability of Beauveria bassiana based mycoinsecticide Botanigard(R)?,2024,,http://europepmc.org/abstract/AGR/IND608317011,http://europepmc.org/abstract/AGR/IND608317011,"Entomopathogenic fungi are promising biocontrol agents for pest management, but they could be sensitive to application methods. Sprayers, used for both fungal and chemical products, can potentially harm the fungal propagules. This study investigated the impact of common hydraulic pumps (piston and diaphragm) on the viability of Beauveria bassiana Vuillemin (Ascomycota: Hyprocreales) based mycoinsecticide Botanigard(R) in the spray mixture. It also aimed to determine the optimal filter mesh size for the system to prevent clogging during application. The results showed significant reduction in conidial germination percentages with increasing number of passes through both types of pumps. However, in both cases the decrease was around 4% with a 90% of conidial germination which may be high enough to control the pest. The temperature of the mixture increased with the number of passes through the pumps, but it remained within the suitable range for fungal growth. When it came to filter clogging, the 32-mesh filter did not clog, the 50-mesh had a low clogging percentage, and the 80-mesh filters had higher clogging percentages (18% for suction filter and 56% for impulsion filter) after 30 passes through the system. As a conclusion, hydraulic pumps are suitable to apply B. bassiana based mycoinsecticide Botanigard(R), but temperature control should be taken into account to prevent conidia damage. Using 32-mesh filters for both suction and impulsion is recommended to prevent clogging issue"
300,rayyan-628415559,Effects of surface type and distance traveled on the efficacy of a Beauveria bassiana (Hypocreales:Cordycipitaceae)-based biopesticide (Aprehend) for bed bug (Hemiptera: Cimicidae) control,2024,10.1093/jee/toae184,https://doi.org/10.1093/jee/toae184,"[""http://europepmc.org/abstract/MED/39174495"", ""https://doi.org/10.1093/jee/toae184""]","The cryptic behavior that characterizes bed bugs (Cimex lectularius L.) makes them one of the most difficult indoor pests to control. Thus, the use of products with long residual efficacy is a key component of successful bed bug management. Aprehend is a biopesticide for bed bug control, whose active ingredient is the entomopathogenic fungus, Beauveria bassiana. This product shows promise for extended bed bug control against pyrethroid-resistant bed bugs, causing mortality days after contact with the treated surface. However, it is unclear how surface type and distance traveled by bed bugs over a treated surface impact efficacy. Therefore, we evaluated the efficacy of different Aprehend band widths applied to different substrates commonly encountered by bed bugs, looking specifically at average time to mortality and overall mortality. Our findings indicate that exposure to fresh applications of Aprehend resulted in high mortality when bed bugs traveled very short distances (1 cm) over some Aprehend-treated surfaces (vinyl tile and cotton jersey fabric), while exposure to other treated surfaces (unfinished pinewood and painted drywall) resulted in comparatively lower mortality even over longer distances (5 cm). Furthermore, we found that bed bugs crawling on cotton jersey fabric picked up a significantly higher number of spores compared to unfinished pinewood. These results indicate that applications of Aprehend as 5 cm (2 inches) bands according to label recommendations can b"
5006,rayyan-628424145,Sustainable Management of Tetranychus urticae and Trialeurodes vaporariorum on Tomato and Cucumber Plants Using Rhamnolipids and Essential Oil-Based Biocontrol Agents.,2024,10.3390/insects15090720,https://doi.org/10.3390/insects15090720,https://pubmed.ncbi.nlm.nih.gov/39336688/,"Rhamnolipids (RLs), biosurfactants produced by Pseudomonas aeruginosa, have gained attention for their potential role in pest management. This study investigated the efficacy of RLs in controlling the two-spotted spider mite (Tetranychus urticae) and the whitefly (Trialeurodes vaporariorum), as well as a novel non-commercial essential oil-based product, Petir Kilat, on cucumber and tomato plants within a controlled greenhouse environment. The RLs were tested at concentrations of 1 mL/L and 2 mL/L, compared to commercial biopesticides including abamectin (ABAMAX) and Beauveria bassiana (NATURALIS). The results indicated that ABAMAX achieved the highest mortality rates for T. urticae and T. vaporariorum, with 100% mortality observed at 7 days. NATURALIS was also highly effective, particularly for whiteflies, though its efficacy declined over time. RLs showed a dose-dependent increase in mortality, with the higher concentration (2 mL/L) yielding more promising results, though not surpassing the commercial products. Petir Kilat, derived from orange essential oils, demonstrated significant control, particularly at higher concentrations, comparable to or exceeding the effectiveness of NATURALIS and ABAMAX in some cases. Statistical analyses revealed significant differences between treatments in most cases (p 0.05). The findings underscore the potential of RLs and Petir Kilat as components of integrated pest management (IPM) strategies. While RLs are effective, their performance"
362,rayyan-628415672,Effects of tomato treatments with commercial formulations of entomopathogenic fungi on the pest Tuta absoluta and the predator Macrolophus pygmaeus,2025,,http://europepmc.org/abstract/AGR/IND609230061,http://europepmc.org/abstract/AGR/IND609230061,"Tuta absoluta is a devasting pest causing severe yield losses in most tomato-growing areas. Macrolophus pygmaeus is a generalist predator released in tomato crop to control T. absoluta. Entomopathogenic fungi are also used on tomato against other pests, but they can play a role in controlling T. absoluta. Therefore, the effects of two commercial products Naturalis(R) and Mycotal(R), based on the entomopathogenic fungi Beauveria bassiana and Akanthomyces muscarius, respectively, on T. absoluta and M. pygmaeus were assessed. In no-choice tests on leaflets, mortality was significantly higher on fungus-treated leaflets for 1st-2nd instar T. absoluta larvae, and not for 3rd-4th instar larvae and for both younger and older M. pygmaeus nymphs. Similarly, in no-choice tests on plants, development rate was significantly lower only for T. absoluta on plants treated with Mycotal(R). In two-choice tests, both pest and predator did not show any preference between fungus-treated and untreated plants. Following the laboratory results, Mycotal(R) was applied also in plastic tunnel cultivation of tomato under field conditions. The number of T. absoluta larvae was significantly lower on plants treated with Mycotal(R) than on untreated plants, while the presence of M. pygmaeus was not affected by the treatment. Therefore, the use of fungal products together with the predator appears to be a promising strategy for the control of T. absoluta on tomato crop."
307,rayyan-628415576,"Entomopathogenic fungi and chemical insecticides have synergistic action against adult large pine weevil, Hylobius abietis",2025,,http://europepmc.org/abstract/AGR/IND609406866,http://europepmc.org/abstract/AGR/IND609406866,"The large pine weevil, Hylobius abietis, is a serious pest of reforestation across much of northern Europe. Larvae develop in the stumps and roots of recently felled conifers, and adults feed on the bark of young trees used to replant the site. Entomopathogenic fungi and chemical insecticides, alone and in combination, were tested against adult pine weevil in laboratory and field experiments. In a broad screening experiment, weevils were dipped in conidial suspension of Beauveria bassiana (Bb Naturalis and Bb SC4), Beauveria caledonica (Bc SG61) and Metarhizium anisopliae (Ma F52 and Ma SG6) and/or provided with twigs treated with chemical insecticides (cypermethrin, acetamiprid and thiacloprid). When assessed after 14 or 17 days, there was higher weevil mortality in combined treatments than expected based on individual treatments, with synergistic effects demonstrated in most cases. In a second laboratory experiment, Bb Naturalis, Bc SG61 and Ma F52 applied in each of two ways, either by dipping weevils or contaminating the substrate, gave synergistic effects in combination with cypermethrin, and mainly additive effects with acetamiprid. Weevil cadavers in all fungus-insecticide treatments tested developed mycosis, which would facilitate recycling of fungi in the field. In a field trial, a commercial formulation of Ma F52 (Met52) and cypermethrin were tested alone and in combination for protection of young Sitka spruce trees. Weevil feeding damage on trees treated with Met52"
268,rayyan-628415507,Laboratory evaluation of Beauveria bassiana strain ATCC74040 as a potential biocontrol agent of Aculops lycopersici,2025,10.1038/s41598-025-24062-z,https://doi.org/10.1038/s41598-025-24062-z,"[""http://europepmc.org/abstract/MED/41249353"", ""https://doi.org/10.1038/s41598-025-24062-z""]","The tomato russet mite (TRM), Aculops lycopersici (Tryon) (Eriophyidae) is a major pest of tomato crops worldwide, responsible for extensive plant damage and substantial yield losses. The limited availability of chemical control options for this pest, particularly in the European Union, highlights the need for alternative management strategies. The aim of this study was to assess the pathogenicity of the entomopathogenic fungus Beauveria bassiana strain ATCC74040 (in the form of biopesticide Naturalis(R)) against TRM females and eggs under laboratory conditions (25 2 C, 80% RH, 16:8 L/D), using a graded series of concentrations (103-107 CFU mL-1). At the two highest levels tested (106 and 107 CFU mL-1), direct spraying caused mean mortalities of 61.7% and 88.6% of TRM females after five days, respectively, whereas in the residual assay (exposure to plants treated 24 h earlier) the same concentrations resulted in only 8.2% and 16.4% mortality, correspondingly. The lethal concentrations required to cause 50% and 90% mortality of directly treated females within five days (LC50 and LC90) were 2.65 105 CFU mL-1 (95% CI 1.87 105-3.74 105) and 1.51 107 CFU mL-1 (95% CI 8.12 106-2.83 107), respectively. In contrast, in residual assays, LC50 and LC90 values were substantially h"
5145,rayyan-628424776,Potential of dip treatments to disinfest cuttings of the invasive Thrips parvispinus (Thysanoptera: Thripidae).,2025,10.1093/jee/toae265,https://doi.org/10.1093/jee/toae265,https://pubmed.ncbi.nlm.nih.gov/39879645/,"Thrips parvispinus (Karny) (Thysanoptera: Thripidae), an invasive thrips species, poses a significant threat to global agriculture due to its polyphagous nature and rapid spread. Its recent arrival in the continental United States raises concerns about potential impacts on ornamental and vegetable crops. Dip treatments might serve as a phytosanitary practice for growers to start with plants free of visible pests. This study aimed to assess the efficacy of dip treatments using 4 biorational and microbial insecticides (mineral oil and Beauveria bassiana-based) in controlling T. parvispinus on bean seedlings. Following gentle agitation of cuttings, artificially infested with 10 second-instar (L2) larvae, for 15 s in each solution, thrips infestation was evaluated at 1, and 24 h postdipping, scoring the numbers of dislodged and dead larvae. Additionally, we tested whether dipping could cause phytotoxicity on bean (Phaseolus vulgaris L.), gardenia (Gardenia jasminoides Ellis), and mandevilla (Mandevilla splendens (Hook.f.) Woodson) cuttings during a 7-day period. Our results demonstrated that dip treatments effectively dislodged and killed T. parvispinus L2 larvae from infested cuttings, with BotaniGard-ES and Suffoil-X exhibiting the highest efficacy and a dislodgment rate of 80%-100%. BotaniGard-ES was the only product causing phytotoxicity on bean seedlings, but not on mandevilla and gardenia. Overall, we demonstrated that dip treatment using biorational insecticides is an add"
5000,rayyan-628424135,Biopolymer-Based Formulations of Beauveria bassiana for Biological Control of the Cabbage Whitefly (Aleyrodes proletella).,2026,10.3390/pathogens15050524,https://doi.org/10.3390/pathogens15050524,https://pubmed.ncbi.nlm.nih.gov/42198650/,"Whiteflies, including Aleyrodes proletella, are major agricultural pests which cause significant yield losses through direct feeding damage and virus transmission. The entomopathogenic fungus Beauveria bassiana is a promising alternative to synthetic insecticides. However, its field performance is often constrained by environmental sensitivity and limited formulation stability. In this study, biopolymer-based suspensions incorporating B. bassiana strain 730 were developed using chitooligosaccharide (COS) and 2-hydroxyethyl cellulose (HEC) as biodegradable carriers. Rheological analysis showed increased viscosity upon fungal incorporation (from 75 to 226 cP for COS and from 250 to 354 cP for HEC), indicating effective interaction between the polymer matrices and fungal conidia. Scanning electron microscopy confirmed uniform dispersion and physical entrapment of fungal structures, while microbiological assays demonstrated preserved viability and sporulation capacity. Bioassays against eggs and nymphs of A. proletella revealed a clear time-dependent response, with limited efficacy after 24 h but substantial increases by day 3. The unformulated fungal suspension achieved 93.0% efficacy, while COS/B. bassiana and HEC/B. bassiana formulations reached 84.6% and 76.1%, respectively, comparable to the commercial product Naturalis((R)) (87.2%). Polymer solutions applied alone exhibited significantly lower activity. These results demonstrate that biopolymer-based formulations, particular"
299,rayyan-628415557,Ethanol tolerance of fungal strains underlies biocontrol of invasive ambrosia beetles,2026,10.1093/jee/toag144,https://doi.org/10.1093/jee/toag144,"[""http://europepmc.org/abstract/MED/42212565"", ""https://doi.org/10.1093/jee/toag144""]","Entomopathogenic fungi are widely recognized as biological control agents showing potential against insect pests that are difficult to manage with chemical pesticides. Invasive ambrosia beetles threaten a wide variety of tree crops and prove challenging to manage with chemical pesticides due to their unique life history: entrenched in the xylem of tree hosts, feeding on symbiotic fungi. Many ambrosia beetle species attack trees that are flood-stressed and producing ethanol, a key component of growth for their fungal symbiont. Ethanol causes osmotic and chaotropic stress in microbes and could prevent successful biocontrol of ambrosia beetles using insect-killing microbes. To investigate the potential of entomopathogenic fungi to manage ambrosia beetles, we conducted a series of experiments using 3 species in eastern North America (Xylosandrus germanus, Xylosandrus crassiusculus, and Anisandrus maiche). We tested the efficacy of 3 microbial-based commercially available biopesticides (Botanigard 22 WP: Beauveria bassiana; Met52: Metarhizium brunneum; and PFR-97 20% WDG: Cordyceps javanica) in a series of environments with and without ethanol. We found that B. bassiana was the most effective against all 3 beetle species, but that its pathogenicity was heavily dependent on the ethanol-tolerance of the strain used. We isolated 2 strains of B. bassiana from separate batches of Botanigard that demonstrated significant differences in ethanol tolerance, as well as pathogenicity, radial"
