record_index,accession_number,title,publication_year,authors,doi,urls,secondary_title,screening_category,screening_categories_all,tags,inclusion_reason,source_wave,agent_confidence,qa_status,prior_asreview_label
5004,rayyan-628424143,A New Isolate Beauveria bassiana GxABT-1: Efficacy against Myzus persicae and Promising Impact on the Beet Mild Yellow Virus-Aphid Association.,2024,Dessauvages K;Scheifler M;Francis F;Ben Fekih I,10.3390/insects15090697,https://pubmed.ncbi.nlm.nih.gov/39336665/,Insects,01-existing-products,01-existing-products,existing-products,Named commercial Bb product or registry/approval product record,wave1_narrow_signal,high,accepted,
5017,rayyan-628424174,Activity of Metarhizium brunneum and Beauveria bassiana against early developmental stages of the false codling moth Thaumatotibia leucotreta.,2020,Mondaca LL;Da-Costa N;Protasov A;Ben-Yehuda S;Peisahovich A;Mendel Z;Ment D,10.1016/j.jip.2019.107312,https://pubmed.ncbi.nlm.nih.gov/31870852/,Journal of invertebrate pathology,01-existing-products,01-existing-products,existing-products,Named commercial Bb product or registry/approval product record,wave1_narrow_signal,high,accepted,
1141,rayyan-628419856,Application of an entomopathogenic fungus (Beauveria bassiana) increases potato nematodes reproduction and potato tubers damage caused by Ditylenchus destructor and D. dipsaci,2017,"Mwaura, Peter;Niere, Bjorn;Vidal, Stefan",10.1016/j.biocontrol.2017.08.012,"[""http://europepmc.org/abstract/AGR/IND605825896"", ""https://doi.org/10.1016/j.biocontrol.2017.08.012""]",Biological Control.,01-existing-products,01-existing-products,existing-products,Named commercial Bb product or registry/approval product record,wave1_narrow_signal,high,accepted,
501,rayyan-628415943,"Applications of Beauveria bassiana (Hypocreales: Cordycipitaceae) to Control Populations of Spotted Lanternfly (Hemiptera: Fulgoridae), in Semi-Natural Landscapes and on Grapevines",2020,"Clifton, Eric H;Hajek, Ann E;Jenkins, Nina E;Roush, Richard T;Rost, John P;Biddinger, David J",10.1093/ee/nvaa064,https://app.dimensions.ai/details/publication/pub.1127525982,Environmental Entomology,01-existing-products,01-existing-products,existing-products,Named commercial Bb product or registry/approval product record,wave1_narrow_signal,high,accepted,
4963,rayyan-628424052,Biocontrol of invasive pheretimoid earthworms using Beauveria bassiana.,2021,Nouri-Aiin M;Gorres JH,10.7717/peerj.11101,https://pubmed.ncbi.nlm.nih.gov/33868811/,PeerJ,01-existing-products,01-existing-products,existing-products,Named commercial Bb product or registry/approval product record,wave1_narrow_signal,high,accepted,
2081,rayyan-628420887,Biocontrol of strawberry fruit infected by Botrytis cinerea: Effects on the microbial communities on fruit assessed by next-generation sequencing,2018,"Cruz, Andre Freire;Barka, Geleta Dugassa;Sylla, Justine;Reineke, Annette",10.1111/jph.12700,"[""http://europepmc.org/abstract/AGR/IND605939303"", ""https://doi.org/10.1111/jph.12700""]",Journal of Phytopathology.,01-existing-products,01-existing-products,existing-products,Named commercial Bb product or registry/approval product record,wave1_narrow_signal,high,accepted,
5031,rayyan-628424226,"Biological control of Western flower thrips, Frankliniella occidentalis using a self-sustaining granular fungal treatment.",2021,Davari A;Parker BL;Sullivan CF;Ghalehgolabbehbahani A;Skinner M,10.1017/S0007485321000365,https://pubmed.ncbi.nlm.nih.gov/34134799/,Bulletin of entomological research,01-existing-products,01-existing-products,existing-products,Named commercial Bb product or registry/approval product record,wave1_narrow_signal,high,accepted,
3719,rayyan-628422650,Biological control of greenhouse whitefly (Trialeurodes vaporariorum) with fungal insecticides,2003,"Siongers, C;Coosemans, J",,http://europepmc.org/abstract/MED/15149114,Communications in agricultural and applied biological sciences,01-existing-products,01-existing-products,existing-products,Named commercial Bb product or registry/approval product record,wave1_narrow_signal,high,accepted,
816,rayyan-628419511,"Biological control of the red flour beetle, Tribolium castaneum, using entomopathogenic fungi",2019,"Al-Zurfi, Sienaa Muslim Abid",,"[""http://europepmc.org/theses/ETH/820217"", ""https://ethos.bl.uk/OrderDetails.do?uin=uk.bl.ethos.820217""]",,01-existing-products,01-existing-products,existing-products,Named commercial Bb product or registry/approval product record,wave1_narrow_signal,high,accepted,
1269,rayyan-628419994,"Biological response of chilli thrips, Scirtothrips dorsalis Hood (Thysanoptera: Thripidae), to various regimes of chemical and biorational insecticides",2010,"Seal, Dakshina R;Kumar, Vivek",10.1016/j.cropro.2010.07.011,"[""http://europepmc.org/abstract/AGR/IND44425198"", ""https://doi.org/10.1016/j.cropro.2010.07.011""]",Crop Protection,01-existing-products,01-existing-products,existing-products,Named commercial Bb product or registry/approval product record,wave1_narrow_signal,high,accepted,
5000,rayyan-628424135,Biopolymer-Based Formulations of Beauveria bassiana for Biological Control of the Cabbage Whitefly (Aleyrodes proletella).,2026,Spasova M;Chervenkova E;Stoeva A;Petkova M;Stoilova O,10.3390/pathogens15050524,https://pubmed.ncbi.nlm.nih.gov/42198650/,"Pathogens (Basel, Switzerland)",01-existing-products,01-existing-products,existing-products,Named commercial Bb product or registry/approval product record,wave1_narrow_signal,high,accepted,
465,rayyan-628415866,Characterization of the synergistic interaction between Beauveria bassiana strain GHA and Bacillus thuringiensis morrisoni strain tenebrionis applied against Colorado potato beetle larvae,2017,"Wraight, S.P.;Ramos, M.E.",10.1016/j.jip.2017.01.007,https://app.dimensions.ai/details/publication/pub.1017099022,Journal of Invertebrate Pathology,01-existing-products,01-existing-products,existing-products,Named commercial Bb product or registry/approval product record,wave1_narrow_signal,high,accepted,
3659,rayyan-628422583,"Comparative toxicity of botanical and reduced-risk insecticides to Mediterranean populations of Tetranychus urticae and Phytoseiulus persimilis (Acari Tetranychidae, Phytoseiidae)",2008,"Duso, Carlo;Malagnini, Valeria;Pozzebon, Alberto;Castagnoli, Marisa;Liguori, Marialivia;Simoni, Sauro",10.1016/j.biocontrol.2008.06.011,"[""http://europepmc.org/abstract/AGR/IND44106031"", ""https://doi.org/10.1016/j.biocontrol.2008.06.011""]",Biological Control.,01-existing-products,01-existing-products,existing-products,Named commercial Bb product or registry/approval product record,wave1_narrow_signal,high,accepted,
502,rayyan-628415946,Comparative virulence of Beauveria bassiana isolates against lepidopteran pests of vegetable crops,2010,"Wraight, S.P.;Ramos, M.E.;Avery, P.B.;Jaronski, S.T.;Vandenberg, J.D.",10.1016/j.jip.2010.01.001,https://app.dimensions.ai/details/publication/pub.1024587495,Journal of Invertebrate Pathology,01-existing-products,01-existing-products,existing-products,Named commercial Bb product or registry/approval product record,wave1_narrow_signal,high,accepted,
468,rayyan-628415877,Comparison of cauliflower-insect-fungus interactions and pesticides for cabbage root fly control,2017,"Razinger, Jaka;Zerjav, Metka;Zemljic-Urbancic, Meta;Modic, Spela;Lutz, Matthias;Schroers, Hans-Josef;Grunder, Jurg;Fellous, Simon;Urek, Gregor",10.1111/1744-7917.12534,https://app.dimensions.ai/details/publication/pub.1091397196,Insect Science,01-existing-products,01-existing-products,existing-products,Named commercial Bb product or registry/approval product record,wave1_narrow_signal,high,accepted,
2791,rayyan-628421696,Comparisons of ecorational and chemical insecticides against crucifer flea beetle (Coleoptera: Chrysomelidae) on canola,2007,"Antwi, FB;Olson, DL;Carey, DR",10.1603/0022-0493(2007)100[1201:coeaci]2.0.co;2,"[""http://europepmc.org/abstract/MED/17849871"", ""https://scholarworks.montana.edu/bitstreams/5c9960fe-b204-4348-ad9c-72ddf1e83e94/download""]",Journal of economic entomology,01-existing-products,01-existing-products,existing-products,Named commercial Bb product or registry/approval product record,wave1_narrow_signal,high,accepted,
216,rayyan-628415426,Compatibility among entomopathogenic hyphocreales and two beneficial insects used to control Trialeurodes vaporariorum (Hemiptera: Aleurodidae) in Mediterranean greenhouses,2011,"Hamdi, Faten;Fargues, Jacques;Ridray, Gilles;Jeannequin, Benoit;Bonato, Olivier",10.1016/j.jip.2011.05.018,https://app.dimensions.ai/details/publication/pub.1042242650,Journal of Invertebrate Pathology,01-existing-products,01-existing-products,existing-products,Named commercial Bb product or registry/approval product record,wave1_narrow_signal,high,accepted,
2620,rayyan-628421473,Compatibility of Beauveria bassiana with fungicides in vitro and on zucchini plants infested with Trialeurodes vaporariorum,2017,"Roberti, Roberta;Righini, Hillary;Masetti, Antonio;Maini, Stefano",10.1016/j.biocontrol.2017.06.006,"[""http://europepmc.org/abstract/AGR/IND605734927"", ""https://doi.org/10.1016/j.biocontrol.2017.06.006""]",Biological Control.,01-existing-products,01-existing-products,existing-products,Named commercial Bb product or registry/approval product record,wave1_narrow_signal,high,accepted,
4212,rayyan-628423157,Compatibility of an entomopathogenic fungus with a predator and a parasitoid in the biological control of greenhouse whitefly,2009,"Labbe, RM;Gillespie, DR;Coutier, C;Brodeur, J",10.1080/09583150902803229,"[""http://europepmc.org/abstract/AGR/IND44220058"", ""https://doi.org/10.1080/09583150902803229""]",Biocontrol science and technology.,01-existing-products,01-existing-products,existing-products,Named commercial Bb product or registry/approval product record,wave1_narrow_signal,high,accepted,
2469,rayyan-628421299,Compatibility of endophytic fungal entomopathogens with plant extracts for the management of sweetpotato whitefly Bemesia tabaci Gennadius (Homoptera: Aleyrodidae),2018,"Jaber, Lara R;Araj, Salah-Eddin;Qasem, Jamal R",10.1016/j.biocontrol.2017.11.009,"[""http://europepmc.org/abstract/AGR/IND605912523"", ""https://doi.org/10.1016/j.biocontrol.2017.11.009""]",Biological Control.,01-existing-products,01-existing-products,existing-products,Named commercial Bb product or registry/approval product record,wave1_narrow_signal,high,accepted,
728,rayyan-628419417,"Control of the Banded Fruit Weevil, Phlyctinus callosus (Schonherr) (Coleoptera: Curculionidae), Using Entomopathogenic Fungi",2020,"Dlamini, BE;Malan, AP;Addison, P",,http://europepmc.org/abstract/AGR/IND606976509,African entomology,01-existing-products,01-existing-products,existing-products,Named commercial Bb product or registry/approval product record,wave1_narrow_signal,high,accepted,
1621,rayyan-628420380,Delayed efficacy of Beauveria bassiana foliar spray applications against Colorado potato beetle: Impacts of number and timing of applications on larval and next-generation adult populations,2015,"Wraight, SP;Ramos, ME",10.1016/j.biocontrol.2014.12.019,"[""http://europepmc.org/abstract/AGR/IND605328859"", ""https://doi.org/10.1016/j.biocontrol.2014.12.019""]",Biological Control.,01-existing-products,01-existing-products,existing-products,Named commercial Bb product or registry/approval product record,wave1_narrow_signal,high,accepted,
448,rayyan-628415835,Direct plantlet inoculation with soil or insect-associated fungi may control cabbage root fly maggots,2014,"Razinger, Jaka;Lutz, Matthias;Schroers, Hans-Josef;Palmisano, Marilena;Wohler, Christian;Urek, Gregor;Grunder, Jurg",10.1016/j.jip.2014.05.006,https://app.dimensions.ai/details/publication/pub.1047097238,Journal of Invertebrate Pathology,01-existing-products,01-existing-products,existing-products,Named commercial Bb product or registry/approval product record,wave1_narrow_signal,high,accepted,
305,rayyan-628415572,Do hydraulic pumps and filters of sprayers influence the viability of Beauveria bassiana based mycoinsecticide Botanigard(R)?,2024,"Beltran-Marti, Roberto;Garcera, Cruz;Cuquerella, Jaime J;Catala-Senent, Laura;Izquierdo-Sanz, Hector;Garrido-Jurado, Inma;Chueca, Patricia",,http://europepmc.org/abstract/AGR/IND608317011,Crop Protection,01-existing-products,01-existing-products,existing-products,Named commercial Bb product or registry/approval product record,wave1_narrow_signal,high,accepted,
303,rayyan-628415563,Dual Action of Beauveria bassiana (Hypocreales; Cordycipitaceae) Endophytic Stains as Biocontrol Agents against Sucking Pests and Plant Growth Biostimulants on Melon and Strawberry Field Plants,2022,"Mantzoukas, Spiridon;Daskalaki, Eufrosini;Kitsiou, Foteini;Papantzikos, Vasileios;Servis, Dimitrios;Bitivanos, Stergios;Patakioutas, George;Eliopoulos, Panagiotis A",10.3390/microorganisms10112306,"[""http://europepmc.org/abstract/MED/36422376"", ""https://www.mdpi.com/2076-2607/10/11/2306/pdf?version=1669110959""]",Microorganisms,01-existing-products,01-existing-products,existing-products,Named commercial Bb product or registry/approval product record,wave1_narrow_signal,high,accepted,
4781,rayyan-628423732,Effect of air humidity on the infection potential of hyphomycetous fungi as Mycoinsecticides for Trialeurodes vaporariorum,2003,"Vidal, C;Fargues, J;Rougier, M;Smits, N",10.1080/0958315021000073457,"[""http://europepmc.org/abstract/AGR/IND43646757"", ""https://doi.org/10.1080/0958315021000073457""]",Biocontrol science and technology.,01-existing-products,01-existing-products,existing-products,Named commercial Bb product or registry/approval product record,wave1_narrow_signal,high,accepted,
1892,rayyan-628420676,Effect of seed treatment duration on growth and colonization of Vicia faba by endophytic Beauveria bassiana and Metarhizium brunneum,2016,"Jaber, Lara R;Enkerli, Juerg",10.1016/j.biocontrol.2016.09.008,"[""http://europepmc.org/abstract/AGR/IND605840169"", ""https://doi.org/10.1016/j.biocontrol.2016.09.008""]",Biological Control.,01-existing-products,01-existing-products,existing-products,Named commercial Bb product or registry/approval product record,wave1_narrow_signal,high,accepted,
490,rayyan-628415920,Effects of Biorational Pesticides on Four Coccinellid Species (Coleoptera: Coccinellidae) having Potential as Biological Control Agents in Interiorscapes,2000,"Smith, S. F.;Krischik, V. A.",10.1603/0022-0493-93.3.732,https://app.dimensions.ai/details/publication/pub.1020467884,Journal of Economic Entomology,01-existing-products,01-existing-products,existing-products,Named commercial Bb product or registry/approval product record,wave1_narrow_signal,high,accepted,
4974,rayyan-628424076,Effects of Chemical Insecticide Residues and Household Surface Type on a Beauveria bassiana-Based Biopesticide (Aprehend((R))) for Bed Bug Management.,2021,Shikano I;Bellicanta GS;Principato S;Jenkins NE,10.3390/insects12030214,https://pubmed.ncbi.nlm.nih.gov/33802315/,Insects,01-existing-products,01-existing-products,existing-products,Named commercial Bb product or registry/approval product record,wave1_narrow_signal,high,accepted,
1666,rayyan-628420426,Effects of different Beauveria bassiana isolates on field populations of Lygus lineolaris in pigweed (Amaranthus spp.),2006,"Leland, JE;McGuire, MR",10.1016/j.biocontrol.2006.08.005,"[""http://europepmc.org/abstract/AGR/IND43862193"", ""https://doi.org/10.1016/j.biocontrol.2006.08.005""]",Biological Control.,01-existing-products,01-existing-products,existing-products,Named commercial Bb product or registry/approval product record,wave1_narrow_signal,high,accepted,
746,rayyan-628419436,Effects of entomopathogenic fungi on Encarsia formosa Gahan. (Hymenoptera: Aphelinidae) activity and behavior,2016,"Oreste, Monica;Bubici, Giovanni;Poliseno, Michele;Tarasco, Eustachio",10.1016/j.biocontrol.2016.05.011,"[""http://europepmc.org/abstract/AGR/IND605248237"", ""https://doi.org/10.1016/j.biocontrol.2016.05.011""]",Biological Control.,01-existing-products,01-existing-products,existing-products,Named commercial Bb product or registry/approval product record,wave1_narrow_signal,high,accepted,
406,rayyan-628415733,Effects of four commercial fungal formulations on mortality and sporulation in house flies (Musca domestica) and stable flies (Stomoxys calcitrans),2016,"WEEKS, E. N. I.;MACHTINGER, E. T.;GEZAN, S. A.;KAUFMAN, P. E.;GEDEN, C. J.",10.1111/mve.12201,https://app.dimensions.ai/details/publication/pub.1035909337,Medical and Veterinary Entomology,01-existing-products,01-existing-products,existing-products,Named commercial Bb product or registry/approval product record,reaudit_prior_relevant,high,accepted,1
300,rayyan-628415559,Effects of surface type and distance traveled on the efficacy of a Beauveria bassiana (Hypocreales:Cordycipitaceae)-based biopesticide (Aprehend) for bed bug (Hemiptera: Cimicidae) control,2024,"Principato, Simona;DeVries, Zachary C",10.1093/jee/toae184,"[""http://europepmc.org/abstract/MED/39174495"", ""https://doi.org/10.1093/jee/toae184""]",Journal of economic entomology,01-existing-products,01-existing-products,existing-products,Named commercial Bb product or registry/approval product record,wave1_narrow_signal,high,accepted,
362,rayyan-628415672,Effects of tomato treatments with commercial formulations of entomopathogenic fungi on the pest Tuta absoluta and the predator Macrolophus pygmaeus,2025,"Scovero, Sara;Moraglio, Silvia T;Tavella, Luciana",,http://europepmc.org/abstract/AGR/IND609230061,Biological Control.,01-existing-products,01-existing-products,existing-products,Named commercial Bb product or registry/approval product record,wave1_narrow_signal,high,accepted,
1402,rayyan-628420138,Efficacy of Beauveria bassiana (Hyphomycetes) for control of Russian wheat aphid (Homoptera: Aphididae) on resistant wheat under field conditions,2004,"Hatting, JL;Wraight, SP;Miller, RM",10.1080/09583150410001683501,"[""http://europepmc.org/abstract/AGR/IND43731302"", ""https://doi.org/10.1080/09583150410001683501""]",Biocontrol science and technology.,01-existing-products,01-existing-products,existing-products,Named commercial Bb product or registry/approval product record,wave1_narrow_signal,high,accepted,
2536,rayyan-628421370,Efficacy of Beauveria bassiana formulations against the fungus gnat Lycoriella ingenua,2016,"Andreadis, Stefanos S;Cloonan, Kevin R;Bellicanta, Giovani S;Paley, Kimberly;Pecchia, John;Jenkins, Nina E",10.1016/j.biocontrol.2016.09.003,"[""http://europepmc.org/abstract/AGR/IND605496869"", ""https://doi.org/10.1016/j.biocontrol.2016.09.003""]",Biological Control.,01-existing-products,01-existing-products,existing-products,Named commercial Bb product or registry/approval product record,wave1_narrow_signal,high,accepted,
2309,rayyan-628421126,"Efficacy of biorational insecticides against chilli thrips, Scirtothrips dorsalis (Thysanoptera: Thripidae), infesting roses under nursery conditions",2017,"Aristizabal, LF;Chen, Y;Cherry, RH;Cave, RD;Arthurs, SP",10.1111/jen.12340,"[""http://europepmc.org/abstract/AGR/IND605720453"", ""https://doi.org/10.1111/jen.12340""]",Journal of Applied Entomology,01-existing-products,01-existing-products,existing-products,Named commercial Bb product or registry/approval product record,wave1_narrow_signal,high,accepted,
307,rayyan-628415576,"Entomopathogenic fungi and chemical insecticides have synergistic action against adult large pine weevil, Hylobius abietis",2025,"van Vlaenderen, Johan;Hennessy, Niamh;O'Tuama, Padraig;Williams, Christopher D;Griffin, Christine T",,http://europepmc.org/abstract/AGR/IND609406866,Biological Control.,01-existing-products,01-existing-products,existing-products,Named commercial Bb product or registry/approval product record,wave1_narrow_signal,high,accepted,
4967,rayyan-628424061,Entomopathogenic fungus Beauveria bassiana-based bioinsecticide suppresses severity of powdery mildews of vegetables by inducing the plant defense responses.,2023,Iida Y;Higashi Y;Nishi O;Kouda M;Maeda K;Yoshida K;Asano S;Kawakami T;Nakajima K;Kuroda K;Tanaka C;Sasaki A;Kamiya K;Yamagishi N;Fujinaga M;Terami F;Yamanaka S;Kubota M,10.3389/fpls.2023.1211825,https://pubmed.ncbi.nlm.nih.gov/37692425/,Frontiers in plant science,01-existing-products,01-existing-products,existing-products,Named commercial Bb product or registry/approval product record,wave1_narrow_signal,high,accepted,
170,rayyan-628415361,Estimation of Median Lethal Concentration of Three Isolates of Beauveria bassiana for Control of Megacopta cribraria (Heteroptera: Plataspidae) Bioassayed on Solid Lygus spp. Diet,2016,"Portilla, Maribel;Jones, Walker;Perera, Omaththage;Seiter, Nick;Greene, Jeremy;Luttrell, Randall",10.3390/insects7030031,https://app.dimensions.ai/details/publication/pub.1026429724,Insects,01-existing-products,01-existing-products,existing-products,Named commercial Bb product or registry/approval product record,wave1_narrow_signal,high,accepted,
299,rayyan-628415557,Ethanol tolerance of fungal strains underlies biocontrol of invasive ambrosia beetles,2026,"Moore, M Elizabeth;Cure, Anne E;Johnson, Thomas W;Biddle, Gregory;Baniszewski, Julie A;Ranger, Christopher M;Milbrath, Lindsey R;Lovett, Brian",10.1093/jee/toag144,"[""http://europepmc.org/abstract/MED/42212565"", ""https://doi.org/10.1093/jee/toag144""]",Journal of economic entomology,01-existing-products,01-existing-products,existing-products,Named commercial Bb product or registry/approval product record,wave1_narrow_signal,high,accepted,
3941,rayyan-628422880,"Evaluation of Beauveria bassiana applications against adult house fly, Musca domestica, in commercial caged-layer poultry facilities in New York state",2005,"Kaufman, PE;Reasor, C;Rutz, DA;Ketzis, JK;Arends, JJ",10.1016/j.biocontrol.2005.03.011,"[""http://europepmc.org/abstract/AGR/IND43710387"", ""https://doi.org/10.1016/j.biocontrol.2005.03.011""]",Biological Control.,01-existing-products,01-existing-products,existing-products,Named commercial Bb product or registry/approval product record,reaudit_prior_relevant,high,accepted,1
2472,rayyan-628421302,Evaluation of Entomopathogenic Fungi Against the Western Flower Thrips (Thysanoptera: Thripidae) Under Laboratory Conditions,2016,"Kivett, JM;Cloyd, RA;Bello, NM",,http://europepmc.org/abstract/AGR/IND605581755,Journal of Entomological Science,01-existing-products,01-existing-products,existing-products,Named commercial Bb product or registry/approval product record,wave1_narrow_signal,high,accepted,
4971,rayyan-628424070,"Evaluation of Spore Acquisition, Spore Production, and Host Survival Time for Tea Shot-Hole Borer, Euwallacea perbrevis, Adults after Exposure to Four Commercial Products Containing Beauveria bassiana.",2023,Chavez AV;Duren EB;Avery PB;Pitino M;Duncan RE;Cruz LF;Carrillo D;Cano LM;Cave RD,10.3390/insects14090726,https://pubmed.ncbi.nlm.nih.gov/37754694/,Insects,01-existing-products,01-existing-products,existing-products,Named commercial Bb product or registry/approval product record,wave1_narrow_signal,high,accepted,
2215,rayyan-628421027,"Evaluation of insecticides for the management of rough sweetpotato weevil, Blosyrus asellus (Coleoptera: Curculionidae) in Hawai'i island",2018,"Pulakkatu-thodi, Ishakh;Motomura-Wages, Sharon;Miyasaka, Susan",10.1016/j.cropro.2018.08.035,"[""http://europepmc.org/abstract/AGR/IND606144501"", ""https://doi.org/10.1016/j.cropro.2018.08.035""]",Crop Protection,01-existing-products,01-existing-products,existing-products,Named commercial Bb product or registry/approval product record,wave1_narrow_signal,high,accepted,
495,rayyan-628415930,"Evaluation of organically acceptable insecticides as stand-alone treatments and in rotation for managing yellowmargined leaf beetle, Microtheca ochroloma (Coleoptera: Chrysomelidae), in organic crucifer production",2012,"Balusu, Rammohan R;Fadamiro, Henry Y",10.1002/ps.2297,https://app.dimensions.ai/details/publication/pub.1016105471,Pest Management Science,01-existing-products,01-existing-products,existing-products,Named commercial Bb product or registry/approval product record,wave1_narrow_signal,high,accepted,
5050,rayyan-628424276,"Evaluation of spray applications of Metarhizium anisopliae, Metarhizium brunneum and Beauveria bassiana against larval winter ticks, Dermacentor albipictus.",2020,Sullivan CF;Parker BL;Davari A;Lee MR;Kim JS;Skinner M,10.1007/s10493-020-00547-6,https://pubmed.ncbi.nlm.nih.gov/33185806/,Experimental & applied acarology,01-existing-products,01-existing-products,existing-products,Named commercial Bb product or registry/approval product record,reaudit_prior_relevant,high,accepted,1
1227,rayyan-628419950,Fungal entomopathogens as endophytes reduce several species of Fusarium causing crown and root rot in sweet pepper (Capsicum annuum L.),2018,"Jaber, Lara R;Alananbeh, Kholoud M",10.1016/j.biocontrol.2018.08.007,"[""http://europepmc.org/abstract/AGR/IND606365618"", ""https://doi.org/10.1016/j.biocontrol.2018.08.007""]",Biological Control.,01-existing-products,01-existing-products,existing-products,Named commercial Bb product or registry/approval product record,wave1_narrow_signal,high,accepted,
2482,rayyan-628421313,"Granulate ambrosia beetle, Xylosandrus crassiusculus (Coleoptera: Curculionidae), survival and brood production following exposure to entomopathogenic and mycoparasitic fungi",2013,"Castrillo, Louela A;Griggs, Michael H;Vandenberg, John D",10.1016/j.biocontrol.2013.07.015,"[""http://europepmc.org/abstract/AGR/IND601120622"", ""https://doi.org/10.1016/j.biocontrol.2013.07.015""]",Biological Control.,01-existing-products,01-existing-products,existing-products,Named commercial Bb product or registry/approval product record,wave1_narrow_signal,high,accepted,
4045,rayyan-628422986,Influence of temperature on the insecticidal effect of Beauveria bassiana in combination with diatomaceous earth against Rhyzopertha dominica and Sitophilus oryzae on stored wheat,2006,"Vassilakos, TN;Athanassiou, CG;Kavallieratos, NG;Kavallieratos, NG;Vayias, BJ",10.1016/j.biocontrol.2006.03.009,"[""http://europepmc.org/abstract/AGR/IND43815051"", ""https://doi.org/10.1016/j.biocontrol.2006.03.009""]",Biological Control.,01-existing-products,01-existing-products,existing-products,Named commercial Bb product or registry/approval product record,wave1_narrow_signal,high,accepted,
4818,rayyan-628423770,Investigation of native isolates of entomopathogenic fungi for the biological control of three citrus pests,2011,"Goble, TA;Dames, JF;Hill, MP;Moore, SD",10.1080/09583157.2011.608907,"[""http://europepmc.org/abstract/AGR/IND44628218"", ""https://doi.org/10.1080/09583157.2011.608907""]",Biocontrol science and technology.,01-existing-products,01-existing-products,existing-products,Named commercial Bb product or registry/approval product record,reaudit_prior_relevant,high,accepted,1
2538,rayyan-628421372,Laboratory Evaluation of Entomopathogenic Fungi for the Control of Khapra Beetle (Coleoptera: Dermestidae) and Their Effects on the Beetles' Fecundity and Longevity,2019,"Mohammed, Akram A;Kadhim, Jamal H;Hasan, Ahmad M H",,http://europepmc.org/abstract/AGR/IND606486035,Journal of Agricultural and Urban Entomology,01-existing-products,01-existing-products,existing-products,Named commercial Bb product or registry/approval product record,wave1_narrow_signal,high,accepted,
2463,rayyan-628421293,"Laboratory and field bioassays on the effects of Beauveria bassiana Vuillemin (Hypocreales: Cordycipitaceae) on red oak borer, Enaphalodes rufulus (Haldeman) (Coleoptera: Cerambycidae)",2013,"Meyers, JM;Stephen, FM;Haavik, LJ;Steinkraus, DC",10.1016/j.biocontrol.2013.02.001,"[""http://europepmc.org/abstract/AGR/IND601120557"", ""https://doi.org/10.1016/j.biocontrol.2013.02.001""]",Biological Control.,01-existing-products,01-existing-products,existing-products,Named commercial Bb product or registry/approval product record,wave1_narrow_signal,high,accepted,
2871,rayyan-628421777,"Laboratory and glasshouse evaluation of entomopathogenic fungi against the two-spotted spider mite, Tetranychus urticae (Acari: Tetranychidae), on tomato, Lycopersicon esculentum",2005,"Chandler, D;Davidson, G;Jacobson, RJ",10.1080/09583150410001720617,"[""http://europepmc.org/abstract/AGR/IND43703437"", ""https://doi.org/10.1080/09583150410001720617""]",Biocontrol science and technology.,01-existing-products,01-existing-products,existing-products,Named commercial Bb product or registry/approval product record,wave1_narrow_signal,high,accepted,
5003,rayyan-628424140,Laboratory assessment of Beauveria bassiana (Hypocreales: Clavicipitaceae) strain GHA for control of Listronotus maculicollis (Coleoptera: Curculionidae) adults.,2013,Clavet C;Hampton E;Requintina M;Alm SR,10.1603/ec12476,https://pubmed.ncbi.nlm.nih.gov/24498729/,Journal of economic entomology,01-existing-products,01-existing-products,existing-products,Named commercial Bb product or registry/approval product record,wave1_narrow_signal,high,accepted,
5040,rayyan-628424244,Laboratory bioassay of Beauveria bassiana against Tetranychus urticae (Acari: Tetranychidae) on leaf discs and potted bean plants.,2015,Ullah MS;Lim UT,10.1007/s10493-014-9871-2,https://pubmed.ncbi.nlm.nih.gov/25500970/,Experimental & applied acarology,01-existing-products,01-existing-products,existing-products,Named commercial Bb product or registry/approval product record,wave1_narrow_signal,high,accepted,
268,rayyan-628415507,Laboratory evaluation of Beauveria bassiana strain ATCC74040 as a potential biocontrol agent of Aculops lycopersici,2025,"Sybilska, Anna;Madry, Nina;Wojcik-Gront, Elzbieta;Puchalska, Ewa",10.1038/s41598-025-24062-z,"[""http://europepmc.org/abstract/MED/41249353"", ""https://doi.org/10.1038/s41598-025-24062-z""]",Scientific reports,01-existing-products,01-existing-products,existing-products,Named commercial Bb product or registry/approval product record,wave1_narrow_signal,high,accepted,
113,rayyan-628415283,Laboratory evaluation of the effect of Beauveria bassiana on the predatory mite Phytoseiulus persimilis (Acari: Phytoseiidae),2017,"Ullah, Mohammad Shaef;Lim, Un Taek",10.1016/j.jip.2017.06.006,https://app.dimensions.ai/details/publication/pub.1086060365,Journal of Invertebrate Pathology,01-existing-products,01-existing-products,existing-products,Named commercial Bb product or registry/approval product record,wave1_narrow_signal,high,accepted,
114,rayyan-628415284,Larval Mortality and Ovipositional Preference in Aedes albopictus (Diptera: Culicidae) Induced by the Entomopathogenic Fungus Beauveria bassiana (Hypocreales: Cordycipitaceae),2022,"Kirsch, John M;Tay, Jia-Wei",10.1093/jme/tjac084,https://app.dimensions.ai/details/publication/pub.1149305122,Journal of Medical Entomology,01-existing-products,01-existing-products,existing-products,Named commercial Bb product or registry/approval product record,reaudit_prior_relevant,high,accepted,1
971,rayyan-628419676,Management of Frankliniella occidentalis (Thysanoptera: Thripidae) with granular formulations of entomopathogenic fungi,2012,"Skinner, Margaret;Gouli, Svetlana;Frank, Cheryl E;Parker, Bruce L;Kim, Jae Su",10.1016/j.biocontrol.2012.08.004,"[""http://europepmc.org/abstract/AGR/IND601120484"", ""https://doi.org/10.1016/j.biocontrol.2012.08.004""]",Biological Control.,01-existing-products,01-existing-products,existing-products,Named commercial Bb product or registry/approval product record,wave1_narrow_signal,high,accepted,
1522,rayyan-628420271,Mitigating trans-boundary movement of Bemisia tabaci (Hemiptera: Aleyrodidae) on Mentha sp. by pre-shipping treatments of biopesticides,2018,"Aristizabal, Luis F;Avery, Pasco B;Kumar, Vivek;Caldwell, Jean H;McKenzie, Cindy L;Osborne, Lance S",10.1016/j.cropro.2018.01.015,"[""http://europepmc.org/abstract/AGR/IND605896375"", ""https://doi.org/10.1016/j.cropro.2018.01.015""]",Crop Protection,01-existing-products,01-existing-products,existing-products,Named commercial Bb product or registry/approval product record,wave1_narrow_signal,high,accepted,
2896,rayyan-628421802,Mycoinsecticides for aphid management : a biorational approach,2000,"Yeo, Helen",,"[""http://europepmc.org/theses/ETH/523877"", ""https://ethos.bl.uk/OrderDetails.do?uin=uk.bl.ethos.523877""]",,01-existing-products,01-existing-products,existing-products,Named commercial Bb product or registry/approval product record,wave1_narrow_signal,high,accepted,
407,rayyan-628415741,Oviposition Deterrence and Immature Survival of Filth Flies (Diptera: Muscidae) When Exposed to Commercial Fungal Products,2016,"Machtinger, E.T.;Weeks, E.N.I.;Geden, C. J.",10.1093/jisesa/iew032,https://app.dimensions.ai/details/publication/pub.1035122372,Journal of Insect Science,01-existing-products,01-existing-products,existing-products,Named commercial Bb product or registry/approval product record,reaudit_prior_relevant,high,accepted,1
585,rayyan-628416077,PSXI-4 Beauveria bassiana to control the mealworm Alphitobius diaperinus in chicken barns,2020,"Nadeau, Martin;Todorova, Silvia;Julien, Carl",,"[""http://europepmc.org/abstract/PMC/PMC7702525"", ""https://www.ncbi.nlm.nih.gov/pmc/articles/PMC7702525/?tool=EBI""]",Journal of animal science,01-existing-products,01-existing-products,existing-products,Named commercial Bb product or registry/approval product record,wave2_gap_01_products,high,accepted,
2589,rayyan-628421432,Pathogenicity of Beauveria bassiana against Immature Stages of Diaphorina citri1 under Laboratory Conditions,2020,"Cruz-Cruz, Damaris;Gomez, Jaime;Barrera, Juan F;Sanchez-Pena, Sergio Rene;Valle Mora, Javier Francisco",,http://europepmc.org/abstract/AGR/IND607115348,Southwestern Entomologist,01-existing-products,01-existing-products,existing-products,Named commercial Bb product or registry/approval product record,wave1_narrow_signal,high,accepted,
4965,rayyan-628424056,Persistence and Lethality of a Fungal Biopesticide (Aprehend) Applied to Insecticide-impregnated and Encasement-type Box Spring Covers for Bed Bug Management.,2019,Shikano I;Gomez L;Bellicanta GS;Jenkins NE,10.1093/jee/toz135,https://pubmed.ncbi.nlm.nih.gov/31115457/,Journal of economic entomology,01-existing-products,01-existing-products,existing-products,Named commercial Bb product or registry/approval product record,wave1_narrow_signal,high,accepted,
5145,rayyan-628424776,Potential of dip treatments to disinfest cuttings of the invasive Thrips parvispinus (Thysanoptera: Thripidae).,2025,Ataide LMS;Velazquez-Hernandez Y;Reyes-Arauz I;Villamarin P;Canon MA;Revynthi AM,10.1093/jee/toae265,https://pubmed.ncbi.nlm.nih.gov/39879645/,Journal of economic entomology,01-existing-products,01-existing-products,existing-products,Named commercial Bb product or registry/approval product record,wave1_narrow_signal,high,accepted,
5048,rayyan-628424273,"Potential of two entomopathogenic fungi, Beauveria bassiana and Metarhizium anisopliae (Coleoptera: Scarabaeidae), as biological control agents against the June beetle.",2015,Erler F;Ates AO,10.1093/jisesa/iev029,https://pubmed.ncbi.nlm.nih.gov/25881632/,Journal of insect science (Online),01-existing-products,01-existing-products,existing-products,Named commercial Bb product or registry/approval product record,wave1_narrow_signal,high,accepted,
850,rayyan-628419549,Preliminary Observations on Pathogenicity of Commercial Formulations of Metarhizium anisopliae1 and Beauveria bassiana1 Entomopathogenic Fungi for Control of Frankliniella invasor2 Under Laboratory Conditions,2017,"Toledo-Hernandez, Ricardo Alberto;Ortiz-Giron, Jose Antonio;Sanchez, Daniel",,http://europepmc.org/abstract/AGR/IND605947293,Southwestern Entomologist,01-existing-products,01-existing-products,existing-products,Named commercial Bb product or registry/approval product record,wave1_narrow_signal,high,accepted,
5129,rayyan-628424718,"Preliminary study of genetic variation in Hawaiian isolates of Beauveria bassiana [Hypocreales, Cordycipitaceae].",2011,Hollingsworth RG;Lysy AM;Matsumoto TK,10.1016/j.jip.2010.12.008,https://pubmed.ncbi.nlm.nih.gov/21167170/,Journal of invertebrate pathology,01-existing-products,01-existing-products,existing-products,Named commercial Bb product or registry/approval product record,wave1_narrow_signal,high,accepted,
456,rayyan-628415854,Response of the macadamia seed weevil Kuschelorhynchus macadamiae (Coleoptera: Curculionidae) to Metarhizium anisopliae and Beauveria bassiana in laboratory bioassays,2020,"Khun, Kim Khuy;Ash, Gavin J;Stevens, Mark M;Huwer, Ruth K;Wilson, Bree A L",10.1016/j.jip.2020.107437,https://app.dimensions.ai/details/publication/pub.1128744229,Journal of Invertebrate Pathology,01-existing-products,01-existing-products,existing-products,Named commercial Bb product or registry/approval product record,wave1_narrow_signal,high,accepted,
5072,rayyan-628424420,Seed inoculation with endophytic fungal entomopathogens promotes plant growth and reduces crown and root rot (CRR) caused by Fusarium culmorum in wheat.,2018,Jaber LR,10.1007/s00425-018-2991-x,https://pubmed.ncbi.nlm.nih.gov/30140979/,Planta,01-existing-products,01-existing-products,existing-products,Named commercial Bb product or registry/approval product record,wave1_narrow_signal,high,accepted,
2577,rayyan-628421418,"Sensitivity of Ixodes ricinus (L., 1758) and Dermacentor reticulatus (Fabr., 1794) ticks to entomopathogenic fungi isolates: preliminary study",2020,"Szczepanska, Anna;Kiewra, Dorota;Plewa-Tutaj, Kinga;Dyczko, Dagmara;Guz-Regner, Katarzyna",10.1007/s00436-020-06805-1,"[""http://europepmc.org/abstract/MED/32661888"", ""https://link.springer.com/content/pdf/10.1007/s00436-020-06805-1.pdf""]",Parasitology research,01-existing-products,01-existing-products,existing-products,Named commercial Bb product or registry/approval product record,wave1_narrow_signal,high,accepted,
4966,rayyan-628424057,Spores of Beauveria bassiana and Trichoderma lignorum as a bioinsecticide for the control of Atta cephalotes.,2019,Daza FFF;Roman GR;Rodriguez MV;Vargas IAG;Heano HC;Cereda MP;Mulet RAC,10.1186/s40659-019-0259-y,https://pubmed.ncbi.nlm.nih.gov/31530279/,Biological research,01-existing-products,01-existing-products,existing-products,Named commercial Bb product or registry/approval product record,wave1_narrow_signal,high,accepted,
4987,rayyan-628424099,Susceptibility of Agrilus planipennis (Coleoptera: Buprestidae) to Beauveria bassiana and Metarhizium anisopliae.,2006,Liu H;Bauer LS,10.1603/0022-0493-99.4.1096,https://pubmed.ncbi.nlm.nih.gov/16937660/,Journal of economic entomology,01-existing-products,01-existing-products,existing-products,Named commercial Bb product or registry/approval product record,reaudit_prior_relevant,high,accepted,1
2708,rayyan-628421579,Susceptibility of Microtheca ochroloma (Coleoptera: Chrysomelidae) to Botanical and Microbial Insecticide Formulations,2013,"Balusu, Rammohan;Fadamiro, Henry Y",10.1653/024.096.0327,"[""http://europepmc.org/abstract/AGR/IND601273541"", ""https://bioone.org/journals/florida-entomologist/volume-96/issue-3/024.096.0327/Susceptibility-of-Microtheca-ochroloma-Coleoptera-Chrysomelidae-to-Botanical-and-Microbial/10.1653/024.096.0327.pdf""]",Florida Entomologist,01-existing-products,01-existing-products,existing-products,Named commercial Bb product or registry/approval product record,wave1_narrow_signal,high,accepted,
384,rayyan-628415698,"Susceptibility of Myzus persicae, Brevicoryne brassicae and Nasonovia ribisnigri to Fungal Biopesticides in Laboratory and Field Experiments",2020,"Prince, Gill;Chandler, Dave",10.3390/insects11010055,"[""http://europepmc.org/abstract/MED/31963410"", ""https://doi.org/10.3390/insects11010055""]",Insects,01-existing-products,01-existing-products,existing-products,Named commercial Bb product or registry/approval product record,wave1_narrow_signal,high,accepted,
5006,rayyan-628424145,Sustainable Management of Tetranychus urticae and Trialeurodes vaporariorum on Tomato and Cucumber Plants Using Rhamnolipids and Essential Oil-Based Biocontrol Agents.,2024,Thomidis T;Damos P,10.3390/insects15090720,https://pubmed.ncbi.nlm.nih.gov/39336688/,Insects,01-existing-products,01-existing-products,existing-products,Named commercial Bb product or registry/approval product record,wave1_narrow_signal,high,accepted,
3177,rayyan-628422093,"Sweetpotato whitefly control by Naturalis-L, the fungus Beauveria bassiana, in furrow and sub-drip irrigated upland cotton",1994,"Akey, DH;Henneberry, TJ",,http://europepmc.org/abstract/AGR/IND20454880,Proceedings,01-existing-products,01-existing-products,existing-products,Named commercial Bb product or registry/approval product record; Include from title only; abstract missing; Title-only include; abstract missing; to be verified; Human QA 2026-08-08: accepted from uncertain (title-only),wave1_narrow_signal,high,accepted,
434,rayyan-628415801,Synergistic interaction between Beauveria bassiana- and Bacillus thuringiensis tenebrionis-based biopesticides applied against field populations of Colorado potato beetle larvae,2005,"Wraight, S.P.;Ramos, M.E.",10.1016/j.jip.2005.09.005,https://app.dimensions.ai/details/publication/pub.1036012633,Journal of Invertebrate Pathology,01-existing-products,01-existing-products,existing-products,Named commercial Bb product or registry/approval product record,wave1_narrow_signal,high,accepted,
1394,rayyan-628420130,The combined effect of soil-applied azadirachtin with entomopathogens for integrated management of western flower thrips,2016,"Otieno, JA;Pallmann, P;Poehling, H -M",10.1111/jen.12242,"[""http://europepmc.org/abstract/AGR/IND605152933"", ""https://doi.org/10.1111/jen.12242""]",Journal of Applied Entomology,01-existing-products,01-existing-products,existing-products,Named commercial Bb product or registry/approval product record,wave1_narrow_signal,high,accepted,
466,rayyan-628415870,The effect of UVB-blocking plastics on the efficacy of Beauveria bassiana and a conventional product against Lygus lineolaris on low tunnel strawberry,2022,"Willden, Samantha A;Ugine, Todd A;Loeb, Gregory M",10.1002/ps.7046,https://app.dimensions.ai/details/publication/pub.1148778839,Pest Management Science,01-existing-products,01-existing-products,existing-products,Named commercial Bb product or registry/approval product record,wave1_narrow_signal,high,accepted,
4317,rayyan-628423265,The effects and persistence of the fungus Beauveria bassiana (Mycotrol) and imidacloprid (Provado) on tarnished plant bug mortality and feeding,1997,"Brown, JZ;Steinkraus, DC;Tugwell, NP",,http://europepmc.org/abstract/AGR/IND20612544,Proceedings,01-existing-products,01-existing-products,existing-products,Named commercial Bb product or registry/approval product record; Include from title only; abstract missing; Title-only include; abstract missing; to be verified; Human QA 2026-08-08: accepted from uncertain (title-only),wave1_narrow_signal,high,accepted,
1070,rayyan-628419782,The entomopathogenic fungus Beauveria bassiana and its compatibility with triflumuron: effects on the twospotted spider mite Tetranychus urticae,2003,"Saenz-de-Cabezon Irigaray, FJ;Marco-Mancebon, V;Perez-Moreno, I",10.1016/s1049-9644(02)00123-8,"[""http://europepmc.org/abstract/AGR/IND23316244"", ""https://doi.org/10.1016/S1049-9644(02)00123-8""]",Biological Control.,01-existing-products,01-existing-products,existing-products,Named commercial Bb product or registry/approval product record,wave1_narrow_signal,high,accepted,
4989,rayyan-628424105,"Toxicity of natural insecticides on the larvae of wheat head armyworm, Dargida diffusa (Lepidoptera: Noctuidae).",2016,Reddy GV;Antwi FB,10.1016/j.etap.2016.01.014,https://pubmed.ncbi.nlm.nih.gov/26855414/,Environmental toxicology and pharmacology,01-existing-products,01-existing-products,existing-products,Named commercial Bb product or registry/approval product record,wave1_narrow_signal,high,accepted,
4992,rayyan-628424109,"Virulence of BotaniGard((R)) to Second Instar Brown Marmorated Stink Bug, Halyomorpha halys (Stal) (Heteroptera: Pentatomidae).",2015,Parker BL;Skinner M;Gouli S;Gouli V;Kim JS,10.3390/insects6020319,https://pubmed.ncbi.nlm.nih.gov/26463187/,Insects,01-existing-products,01-existing-products,existing-products,Named commercial Bb product or registry/approval product record,wave1_narrow_signal,high,accepted,
2464,rayyan-628421294,Virulence of commercial strains of Beauveria bassiana and Metarhizium brunneum (Ascomycota: Hypocreales) against adult Xylosandrus germanus (Coleoptera: Curculionidae) and impact on brood,2011,"Castrillo, Louela A;Griggs, Michael H;Ranger, Christopher M;Reding, Michael E;Vandenberg, John D",10.1016/j.biocontrol.2011.04.010,"[""http://europepmc.org/abstract/AGR/IND6083854"", ""https://doi.org/10.1016/j.biocontrol.2011.04.010""]",Biological Control.,01-existing-products,01-existing-products,existing-products,Named commercial Bb product or registry/approval product record,wave1_narrow_signal,high,accepted,
125,rayyan-628415299,"Virulence of select entomopathogenic fungi to the brown marmorated stink bug, Halyomorpha halys (Stal) (Heteroptera: Pentatomidae)",2012,"Gouli, Vladimir;Gouli, Svetlana;Skinner, Margaret;Hamilton, George;Kim, Jae Su;Parker, Bruce L",10.1002/ps.2310,https://app.dimensions.ai/details/publication/pub.1040227962,Pest Management Science,01-existing-products,01-existing-products,existing-products,Named commercial Bb product or registry/approval product record,wave1_narrow_signal,high,accepted,
343,rayyan-628415643,Will the application of biocontrol fungi disrupt predation of Acanthococcus lagerstroemiae by coccinellids?,2022,"Matos Franco, Giovana;Chen, Yan;Doyle, Vinson P;Rehner, Stephen A;Diaz, Rodrigo",10.1016/j.jip.2022.107789,"[""http://europepmc.org/abstract/MED/35772489"", ""https://doi.org/10.1016/j.jip.2022.107789""]",Journal of invertebrate pathology,01-existing-products,01-existing-products,existing-products,Named commercial Bb product or registry/approval product record,wave1_narrow_signal,high,accepted,
4964,rayyan-628424054,Bioprocess and genetic advances enhancing Beauveria bassiana biocontrol efficacy.,2026,Kolanchi P;Saminathan N;Selvaraj D;Krishnamoorthy A;Palanivelu K;Aruchalam A,10.1016/j.micpath.2025.108272,https://pubmed.ncbi.nlm.nih.gov/41475278/,Microbial pathogenesis,02b_strains_traits,02b_strains_traits,strains-traits,Strain traits linked to carrier/trap/surface context,wave1_narrow_signal,high,accepted,
2415,rayyan-628421241,Carnauba wax enhances the insecticidal activity of entomopathogenic fungi against the blowfly Lucilia sericata (Diptera: Calliphoridae),2020,"Muniz, Elen R;Bedini, Stefano;Sarrocco, Sabrina;Vannacci, Giovanni;Mascarin, Gabriel M;Fernandes, Everton K K;Conti, Barbara",10.1016/j.jip.2020.107391,"[""http://europepmc.org/abstract/MED/32416086"", ""https://doi.org/10.1016/j.jip.2020.107391""]",Journal of invertebrate pathology,02b_strains_traits,02b_strains_traits,strains-traits,Strain traits linked to carrier/trap/surface context,wave1_narrow_signal,high,accepted,
2001,rayyan-628420797,Development of an attract-and-infect system to control Rhynchophorus ferrugineus with the entomopathogenic fungus Beauveria bassiana,2018,"Dembilio, Oscar;Moya, Pilar;Vacas, Sandra;Ortega-Garcia, Lola;Quesada-Moraga, Enrique;Jaques, Josep A;Navarro-Llopis, Vicente",10.1002/ps.4888,"[""http://europepmc.org/abstract/MED/29427377"", ""https://doi.org/10.1002/ps.4888""]",Pest management science,02b_strains_traits,02b_strains_traits,strains-traits,Strain traits linked to carrier/trap/surface context,wave1_narrow_signal,high,accepted,
235,rayyan-628415451,"Enhancing Virulence of an Entomopathogenic Fungus Against the Diamondback Moth, Plutella xylostella (Lepidoptera: Plutellidae), Through Integrated Formulation Strategies Under Laboratory and Greenhouse Conditions",2026,"Riaz, Muhammad;Chang, Tsui-Ying;Kafle, Lekhnath;Chen, Wen-Hua",10.3390/insects17060622,https://app.dimensions.ai/details/publication/pub.1202904016,Insects,02b_strains_traits,02b_strains_traits,strains-traits,Strain traits linked to oil/WP/bait/trap/formulation context,wave_full_remainder_strict,high,accepted,
2362,rayyan-628421188,Isolation and evaluation of South African isolates of Beauveria bassiana (Hypocreales: Cordycipitaceae) on Rhipicephalus microplus (Acari: Ixodidae),2022,"Zeina, Ghirmay;Laing, Mark",10.1007/s10493-021-00674-8,"[""http://europepmc.org/abstract/MED/34757505"", ""https://doi.org/10.1007/s10493-021-00674-8""]",Experimental & applied acarology,02b_strains_traits,02b_strains_traits,strains-traits,Strain traits linked to carrier/trap/surface context,reaudit_prior_relevant,high,accepted,1
979,rayyan-628419684,"Isolation, fermentation, and formulation of entomopathogenic fungi virulent against adults of Diaphorina citri",2021,"Awan, Umar Anwar;Meng, Lixue;Xia, Shuang;Raza, Muhammad Fahim;Zhang, Zhenyu;Zhang, Hongyu",10.1002/ps.6429,"[""http://europepmc.org/abstract/MED/33896118"", ""https://doi.org/10.1002/ps.6429""]",Pest management science,02b_strains_traits,02b_strains_traits,strains-traits,Strain traits linked to carrier/trap/surface context,wave1_narrow_signal,high,accepted,
4042,rayyan-628422983,Plant oils for improving thermotolerance of Beauveria bassiana,2010,"Kim, Jae Su;Skinner, Margaret;Parker, Bruce",10.4014/jmb.1005.05023,"[""http://europepmc.org/abstract/MED/20890101"", ""https://doi.org/10.4014/jmb.1005.05023""]",Journal of microbiology and biotechnology,02b_strains_traits,02b_strains_traits,strains-traits,Strain traits linked to carrier/trap/surface context,wave1_narrow_signal,high,accepted,
608,rayyan-628416110,A predatory social wasp does not avoid nestmates contaminated with a fungal biopesticide,2023,"de Souza, Andre Rodrigues;Prato, Amanda;Franca, Wilson;Santos, Sircio;Lima, Luan Dias;Alves, Denise Araujo;Bernardes, Rodrigo Cupertino;Santos, Eduardo Fernando;do Nascimento, Fabio Santos;Lima, Maria Augusta Pereira",10.1007/s11356-023-29770-5,"[""http://europepmc.org/abstract/MED/37695481"", ""https://doi.org/10.1007/s11356-023-29770-5""]",Environmental science and pollution research international,02c_formulation_delivery,02c_formulation_delivery|02a_efficacy|04-nontarget-ecotox,formulation-delivery|efficacy|nontarget,Trap/bait/lure/electrostatic delivery pathway; Formulation/carrier with trap/bait/device framing; Nontarget risk in delivery/product/horizontal Bb context,wave1_narrow_signal,high,accepted,
4892,rayyan-628423844,Agroforestry coffee soils increase the insect-suppressive potential offered by entomopathogenic fungi over full-sun soils: A case proposing a 'bait survival technique',2019,"Moreira, Camila Costa;Celestino, Daiane;Guerra Sobrinho, Tathiana;Cardoso, Irene Maria;Elliot, Simon Luke",10.1002/ece3.5598,"[""http://europepmc.org/abstract/MED/31624581"", ""https://onlinelibrary.wiley.com/doi/pdfdirect/10.1002/ece3.5598""]",Ecology and evolution,02c_formulation_delivery,02c_formulation_delivery|02a_efficacy,formulation-delivery|efficacy,Trap/bait/lure/electrostatic delivery pathway,wave1_narrow_signal,high,accepted,
2613,rayyan-628421460,Alginate-kaolinite beads incorporated with agrochemicals: new baits for leaf-cutting ants control,2024,"Duarte, Valber;Leite, Victor;Nobre, Danubia;Silva, Rene;Constantino, Vera R.L.;Castro, Gustavo;Fernandes, Flavio;Tronto, Jairo",10.21203/rs.3.rs-4331320/v1,"[""http://europepmc.org/abstract/PPR/PPR849148"", ""https://doi.org/10.21203/rs.3.rs-4331320/v1""]",,02c_formulation_delivery,02c_formulation_delivery|02a_efficacy,formulation-delivery|efficacy,Trap/bait/lure/electrostatic delivery pathway; Formulation/carrier with trap/bait/device framing,wave1_narrow_signal,high,accepted,
2306,rayyan-628421122,Beauveria bassiana Endophytic Strain as Plant Growth Promoter: The Case of the Grape Vine Vitis vinifera,2021,"Mantzoukas, Spiridon;Lagogiannis, Ioannis;Mpousia, Dionusia;Ntoukas, Aristeidis;Karmakolia, Katerina;Eliopoulos, Panagiotis A;Poulas, Konstantinos",10.3390/jof7020142,"[""http://europepmc.org/abstract/MED/33669343"", ""https://www.mdpi.com/2309-608X/7/2/142/pdf?version=1614250377""]","Journal of fungi (Basel, Switzerland)",02c_formulation_delivery,02c_formulation_delivery|02a_efficacy,formulation-delivery|efficacy,Trap/bait/lure/electrostatic delivery pathway,wave1_narrow_signal,high,accepted,
617,rayyan-628416120,Beauveria bassiana associated with a novel biomimetic hydrogel to control Aedes albopictus through lure and kill ovitraps,2025,"Friuli, Marco;Lia, Riccardo Paolo;Nitti, Paola;Lamanna, Leonardo;Otranto, Domenico;Pombi, Marco;Demitri, Christian;Cafarchia, Claudia",10.1002/ps.8476,"[""http://europepmc.org/abstract/MED/39415668"", ""https://doi.org/10.1002/ps.8476""]",Pest management science,02c_formulation_delivery,02c_formulation_delivery|02a_efficacy,formulation-delivery|efficacy,Trap/bait/lure/electrostatic delivery pathway; Formulation/carrier with trap/bait/device framing,wave1_narrow_signal,high,accepted,
3852,rayyan-628422789,Beauveria bassiana strains for biological control of Cosmopolites sordidus (Germ.) (Coleoptera: Curculionidae) in plantain,2013,"Fancelli, Marilene;Dias, Alex Batista;Delalibera, Italo;de Jesus, Sandra Cerqueira;do Nascimento, Antonio Souza;Silva, Sebastiao de Oliveira e;Caldas, Ranulfo Correa;Ledo, Carlos Alberto da Silva",10.1155/2013/184756,"[""http://europepmc.org/abstract/MED/24187659"", ""https://doi.org/10.1155/2013/184756""]",BioMed research international,02c_formulation_delivery,02c_formulation_delivery|02a_efficacy,formulation-delivery|efficacy,Trap/bait/lure/electrostatic delivery pathway,wave1_narrow_signal,high,accepted,
423,rayyan-628415780,Behavioral Suppression and Rapid Lethality: Beauveria bassiana B4 Targets Adult Monochamus alternatus for Sustainable Management of Pine Wilt Disease,2025,"Zhang, Yaqi;Zhang, Xuejie;An, Liudi;Gong, Dongfeng;Wang, Jinsheng;Bi, Huitao;Zheng, Yi;Cao, Lei;Lu, Shaohui",10.3390/insects16101045,"[""http://europepmc.org/abstract/MED/41148913"", ""https://doi.org/10.3390/insects16101045""]",Insects,02c_formulation_delivery,02c_formulation_delivery|02a_efficacy|04-nontarget-ecotox,formulation-delivery|efficacy|nontarget,Trap/bait/lure/electrostatic delivery pathway; Formulation/carrier with trap/bait/device framing; Nontarget risk in delivery/product/horizontal Bb context,wave1_narrow_signal,high,accepted,
901,rayyan-628419603,Benefits of living underground: the case of parasite release in the antlion Myrmeleon timidus,2020,"Galvez, Dumas;Garrido, Milagro;Gil, Fermin;Fernandez-Marin, Hermogenes",10.1111/eea.12895,"[""http://europepmc.org/abstract/AGR/IND606916872"", ""https://doi.org/10.1111/eea.12895""]",Entomologia Experimentalis et Applicata.,02c_formulation_delivery,02c_formulation_delivery|02a_efficacy,formulation-delivery|efficacy,Trap/bait/lure/electrostatic delivery pathway,wave2_gap_bait_trap,high,accepted,
1798,rayyan-628420573,Bioexploration and Phylogenetic Placement of Entomopathogenic Fungi of the Genus Beauveria in Soils of Lebanon Cedar Forests,2021,"Al Khoury, Charbel;Nemer, Georges;Humber, Richard;El-Hachem, Nehme;Guillot, Jacques;Chehab, Racha;Noujeim, Elise;El Khoury, Yara;Skaff, Wadih;Estephan, Nathalie;Nemer, Nabil",10.3390/jof7110924,"[""http://europepmc.org/abstract/MED/34829214"", ""https://doi.org/10.3390/jof7110924""]","Journal of fungi (Basel, Switzerland)",02c_formulation_delivery,02c_formulation_delivery|02a_efficacy,formulation-delivery|efficacy,Trap/bait/lure/electrostatic delivery pathway,wave1_narrow_signal,high,accepted,
575,rayyan-628416066,Biological characteristics and pathogenicity of entomopathogenic Beauveria bassiana (Bals.-Criv.) Vuill (Hypocreales: Cordycipitaceae) isolated from soils in Northern Kenya against desert locust (Schistocerca gregaria) (Forskal) (Orthoptera: Acrididae),2025,"Mwikali, Pamela C;Mwamburi, Lizzy A;Musinguzi, Simon Peter",,http://europepmc.org/abstract/AGR/IND608793514,Crop Protection,02c_formulation_delivery,02c_formulation_delivery|02a_efficacy,formulation-delivery|efficacy,Trap/bait/lure/electrostatic delivery pathway,wave1_narrow_signal,high,accepted,
946,rayyan-628419648,Biological control of leaf-cutter ants using pathogenic fungi: experimental laboratory and field studies,2021,"Folgarait, Patricia J;Goffre, Daniela",10.1111/eea.13078,"[""http://europepmc.org/abstract/AGR/IND607478204"", ""https://doi.org/10.1111/eea.13078""]",Entomologia Experimentalis et Applicata.,02c_formulation_delivery,02c_formulation_delivery|02a_efficacy,formulation-delivery|efficacy,Trap/bait/lure/electrostatic delivery pathway,wave1_narrow_signal,high,accepted,
2880,rayyan-628421786,Comparative evaluation and economic potential of ecorational versus chemical insecticides for crucifer flea beetle (Coleoptera: Chrysomelidae) management in Canola,2007,"Antwi, FB;Olson, DL;Knodel, JJ",10.1603/0022-0493(2007)100[710:ceaepo]2.0.co;2,"[""http://europepmc.org/abstract/MED/17598529"", ""https://doi.org/10.1093/jee/100.3.710""]",Journal of economic entomology,02c_formulation_delivery,02c_formulation_delivery|02a_efficacy|01-existing-products,existing-products|formulation-delivery|efficacy,Named commercial Bb product or registry/approval product record; Trap/bait/lure/electrostatic delivery pathway,wave1_narrow_signal,high,accepted,
1204,rayyan-628419927,Delivering Beauveria bassiana with electrostatic powder for the control of stored-product beetles,2017,"Athanassiou, Christos G;Rumbos, Christos I;Sakka, Maria;Potin, Olivier;Storm, Clare;Dillon, Aoife B",10.1002/ps.4522,"[""http://europepmc.org/abstract/MED/28066976"", ""https://doi.org/10.1002/ps.4522""]",Pest management science,02c_formulation_delivery,02c_formulation_delivery|02a_efficacy,formulation-delivery|efficacy,Trap/bait/lure/electrostatic delivery pathway; Formulation/carrier with trap/bait/device framing,reaudit_prior_relevant,high,accepted,1
1688,rayyan-628420448,"Development of a CO2 -releasing coformulation based on starch, Saccharomyces cerevisiae and Beauveria bassiana attractive towards western corn rootworm larvae",2016,"Vemmer, Marina;Schumann, Mario;Beitzen-Heineke, Wilhelm;French, Bryan W;Vidal, Stefan;Patel, Anant V",10.1002/ps.4245,"[""http://europepmc.org/abstract/MED/26834068"", ""https://doi.org/10.1002/ps.4245""]",Pest management science,02c_formulation_delivery,02c_formulation_delivery|02a_efficacy,formulation-delivery|efficacy,Trap/bait/lure/electrostatic delivery pathway,wave1_narrow_signal,high,accepted,
1131,rayyan-628419844,Diversity of entomopathogenic fungi associated with Mediterranean fruit fly (Ceratitis capitata (Diptera: Tephritidae)) in Moroccan Argan forests and nearby area: impact of soil factors on their distribution,2020,"Hallouti, Ayoub;Ait Hamza, Mohamed;Zahidi, Abdelaziz;Ait Hammou, Rachid;Bouharroud, Rachid;Ait Ben Aoumar, Abdellah;Boubaker, Hassan",10.1186/s12898-020-00334-2,"[""http://europepmc.org/abstract/MED/33234114"", ""https://bmcecol.biomedcentral.com/track/pdf/10.1186/s12898-020-00334-2""]",BMC ecology,02c_formulation_delivery,02c_formulation_delivery|02a_efficacy,formulation-delivery|efficacy,Trap/bait/lure/electrostatic delivery pathway,wave1_narrow_signal,high,accepted,
2277,rayyan-628421090,Effect of Bark Application With Beauveria bassiana and Permethrin Insecticide on the Walnut Twig Beetle (Coleoptera: Curculionidae) in Black Walnut Bolts,2019,"Mayfield, Albert E;Juzwik, Jennifer;Scholer, Jamison;Vandenberg, John D;Taylor, Adam",10.1093/jee/toz150,"[""http://europepmc.org/abstract/MED/31141149"", ""https://academic.oup.com/jee/article-pdf/112/5/2493/30045074/toz150.pdf""]",Journal of economic entomology,02c_formulation_delivery,02c_formulation_delivery|02a_efficacy,formulation-delivery|efficacy,Trap/bait/lure/electrostatic delivery pathway,wave1_narrow_signal,high,accepted,
4483,rayyan-628423434,Effects of bait substrate and formulation on infection of grasshopper nymphs by Beauveria bassiana,1996,"Inglis, GD;Johnson, DL;Goettel, MS",10.1080/09583159650039511,"[""http://europepmc.org/abstract/AGR/IND20620937"", ""https://doi.org/10.1080/09583159650039511""]",Biocontrol science and technology.,02c_formulation_delivery,02c_formulation_delivery|02a_efficacy,formulation-delivery|efficacy,Trap/bait/lure/electrostatic delivery pathway; Formulation/carrier with trap/bait/device framing; Bait substrate / ingestion of Bb conidia,reaudit_prior_relevant,high,accepted,1
2993,rayyan-628421904,Effects of soil treatments with entomopathogenic fungi on soil dwelling non-target arthropods at a commercial olive orchard,2011,"Garrido-Jurado, I;Ruano, F;Campos, M;Quesada-Moraga, E",10.1016/j.biocontrol.2011.07.001,"[""http://europepmc.org/abstract/AGR/IND6074886"", ""https://doi.org/10.1016/j.biocontrol.2011.07.001""]",Biological Control.,02c_formulation_delivery,02c_formulation_delivery|02a_efficacy|04-nontarget-ecotox,formulation-delivery|efficacy|nontarget,Trap/bait/lure/electrostatic delivery pathway; Nontarget risk in delivery/product/horizontal Bb context,wave1_narrow_signal,high,accepted,
5627,rayyan-628426062,Efficacy and nontarget effects of broadcast treatments to manage spotted lanternfly (Hemiptera: Fulgoridae) nymphs.,2023,Keller JA;Walsh B;Johnson A;Jenkins N;Rost J;Treichler B;Biddinger D;Calvin DD;Hoover K;Urban J;Roush RT,10.1093/jee/toad121,https://pubmed.ncbi.nlm.nih.gov/37364245/,Journal of economic entomology,02c_formulation_delivery,02c_formulation_delivery|02a_efficacy|04-nontarget-ecotox,formulation-delivery|efficacy|nontarget,Trap/bait/lure/electrostatic delivery pathway; Nontarget risk in delivery/product/horizontal Bb context,wave1_narrow_signal,high,accepted,
4196,rayyan-628423140,"Efficacy of Beauveria bassiana against the red imported fire ant, Solenopsis invicta (Hymenoptera: Formicidae), in Taiwan",2011,"Kafle, Lekhnath;Wu, Wen-Jer;Kao, Suey-Sheng;Shih, Cheng-Jen",10.1002/ps.2192,"[""http://europepmc.org/abstract/MED/21538803"", ""https://doi.org/10.1002/ps.2192""]",Pest management science,02c_formulation_delivery,02c_formulation_delivery|02a_efficacy,formulation-delivery|efficacy,Trap/bait/lure/electrostatic delivery pathway; Formulation/carrier with trap/bait/device framing,wave1_narrow_signal,high,accepted,
5069,rayyan-628424412,Efficacy of Biopesticides for Management of the Swede Midge (Diptera: Cecidomyiidae).,2016,Evans BG;Hallett RH,10.1093/jee/tow192,https://pubmed.ncbi.nlm.nih.gov/27567223/,Journal of economic entomology,02c_formulation_delivery,02c_formulation_delivery|02a_efficacy,formulation-delivery|efficacy,Trap/bait/lure/electrostatic delivery pathway,wave1_narrow_signal,high,accepted,
5464,rayyan-628425564,Efficiency Enhancement Technology of Dastarcus helophoroides (Coleoptera: Bothrideridae) for Controlling Monochamus alternatus (Coleoptera: Cerambycidae): Drilling Optimization and Biological Collaboration.,2025,Li J;Zhang M;Li Z;Li X;Peng Y;Zhou W;Zhao Z;Yan X,10.3390/insects16111138,https://pubmed.ncbi.nlm.nih.gov/41302884/,Insects,02c_formulation_delivery,02c_formulation_delivery|02a_efficacy,formulation-delivery|efficacy,Trap/bait/lure/electrostatic delivery pathway,wave1_narrow_signal,high,accepted,
221,rayyan-628415435,Encapsulation of Beauveria bassiana conidia as a new strategy for the biological control of Aedes aegypti larvae,2024,"Bitencourt, Ricardo de Oliveira Barbosa;de Sousa Queiroz, Raymyson Rhuryo;Ribeiro, Anderson;de Souza Ribeiro, Yrexam Rodrigues;Boechat, Marcela Santana Bastos;Carolino, Aline Teixeira;Santa-Catarina, Claudete;Samuels, Richard Ian",10.1038/s41598-024-83036-9,https://app.dimensions.ai/details/publication/pub.1183955508,Scientific Reports,02c_formulation_delivery,02c_formulation_delivery|02a_efficacy,formulation-delivery|efficacy,Trap/bait/lure/electrostatic delivery pathway,wave1_narrow_signal,high,accepted,
4733,rayyan-628423684,Enhanced UV resistance and improved killing of malaria mosquitoes by photolyase transgenic entomopathogenic fungi,2012,"Fang, Weiguo;St Leger, Raymond J",10.1371/journal.pone.0043069,"[""http://europepmc.org/abstract/MED/22912789"", ""https://journals.plos.org/plosone/article/file?id=10.1371/journal.pone.0043069&type=printable""]",PloS one,02c_formulation_delivery,02c_formulation_delivery|02a_efficacy,formulation-delivery|efficacy,Trap/bait/lure/electrostatic delivery pathway,wave2_gap_bait_trap,high,accepted,
237,rayyan-628415453,Entomopathogenic Fungi in Forest Habitats of Ixodes ricinus,2024,"Dyczko, Dagmara;Plewa-Tutaj, Kinga;Kiewra, Dorota",10.3390/insects15050341,https://app.dimensions.ai/details/publication/pub.1171524380,Insects,02c_formulation_delivery,02c_formulation_delivery|02a_efficacy,formulation-delivery|efficacy,Trap/bait/lure/electrostatic delivery pathway,wave1_narrow_signal,high,accepted,
1828,rayyan-628420607,Entomopathogenic fungi against the red palm weevil: Lab and field evidence,2024,"Sabbahi, Rachid;Hock, Virginia",,http://europepmc.org/abstract/AGR/IND608269139,Crop Protection,02c_formulation_delivery,02c_formulation_delivery|02a_efficacy,formulation-delivery|efficacy,Trap/bait/lure/electrostatic delivery pathway,wave1_narrow_signal,high,accepted,
1544,rayyan-628420294,Entomopathogenic fungi in Portuguese vineyards soils: suggesting a 'Galleria-Tenebrio-bait method' as bait-insects Galleria and Tenebrio significantly underestimate the respective recoveries of Metarhizium (robertsii) and Beauveria (bassiana),2018,"Sharma, Lav;Oliveira, Irene;Torres, Laura;Marques, Guilhermina",10.3897/mycokeys.38.26790,"[""http://europepmc.org/abstract/MED/30123027"", ""https://doi.org/10.3897/mycokeys.38.26790""]",MycoKeys,02c_formulation_delivery,02c_formulation_delivery|02a_efficacy,formulation-delivery|efficacy,Trap/bait/lure/electrostatic delivery pathway,wave1_narrow_signal,high,accepted,
1636,rayyan-628420395,Evaluating the efficacy of biological and conventional insecticides with the new 'MCD bottle' bioassay,2014,"Sternberg, Eleanore D;Waite, Jessica L;Thomas, Matthew B",10.1186/1475-2875-13-499,"[""http://europepmc.org/abstract/MED/25515850"", ""https://doi.org/10.1186/1475-2875-13-499""]",Malaria journal,02c_formulation_delivery,02c_formulation_delivery,,Delivery-device pathway,wave3_residual,high,accepted,
4999,rayyan-628424134,Evaluation of a guardian plant system to suppress Frankliniella occidentalis (Thysanoptera: Thripidae) in greenhouse ornamentals.,2023,Sullivan CF;Davari A;Kim JS;Parker BL;Skinner M,10.1002/ps.7556,https://pubmed.ncbi.nlm.nih.gov/37194223/,Pest management science,02c_formulation_delivery,02c_formulation_delivery|02a_efficacy,formulation-delivery|efficacy,Trap/bait/lure/electrostatic delivery pathway,wave1_narrow_signal,high,accepted,
2720,rayyan-628421624,"Evaluation of the entomopathogenic fungi Beauveria bassiana, Metarhizium anisopliae, and Isaria fumosorosea for control of Sitophilus oryzae",2014,"Kavallieratos, Nickolas G;Kavallieratos, Nickolas G;Athanassiou, Christos G;Aountala, Maria M;Kontodimas, Demetrius C",10.4315/0362-028x.jfp-13-196,"[""http://europepmc.org/abstract/MED/24406003"", ""https://doi.org/10.4315/0362-028X.JFP-13-196""]",Journal of food protection,02c_formulation_delivery,02c_formulation_delivery|02a_efficacy,formulation-delivery|efficacy,Trap/bait/lure/electrostatic delivery pathway,wave1_narrow_signal,high,accepted,
5088,rayyan-628424479,Evaluation of three formulations of Beauveria bassiana for control of lesser mealworm and hide beetle in Georgia poultry houses.,2003,Geden CJ;Steinkraus DC,10.1603/0022-0493-96.5.1602,https://pubmed.ncbi.nlm.nih.gov/14650537/,Journal of economic entomology,02c_formulation_delivery,02c_formulation_delivery|02a_efficacy,formulation-delivery|efficacy,Trap/bait/lure/electrostatic delivery pathway; Formulation/carrier with trap/bait/device framing,wave1_narrow_signal,high,accepted,
989,rayyan-628419696,Field applications of Beauveria bassiana to control the European cherry fruit fly Rhagoletis cerasi,2010,"Daniel, C;Wyss, E",10.1111/j.1439-0418.2009.01486.x,"[""http://europepmc.org/abstract/AGR/IND44457328"", ""https://doi.org/10.1111/j.1439-0418.2009.01486.x""]",Journal of Applied Entomology,02c_formulation_delivery,02c_formulation_delivery|02a_efficacy|01-existing-products,existing-products|formulation-delivery|efficacy,Named commercial Bb product or registry/approval product record; Trap/bait/lure/electrostatic delivery pathway,wave1_narrow_signal,high,accepted,
5115,rayyan-628424670,"Field efficacy of insect pathogen, botanical, and jasmonic acid for the management of wheat midge Sitodiplosis mosellana and the impact on adult parasitoid Macroglenes penetrans populations in spring wheat.",2019,Shrestha G;Reddy GVP,10.1111/1744-7917.12548,https://pubmed.ncbi.nlm.nih.gov/29064185/,Insect science,02c_formulation_delivery,02c_formulation_delivery|02a_efficacy,formulation-delivery|efficacy,Trap/bait/lure/electrostatic delivery pathway,wave1_narrow_signal,high,accepted,
557,rayyan-628416038,Formulation and bio-efficacy of different isolates of Beauveria bassiana against adults and third nymphal instar of desert locust (Schistocerca gregaria Forskal),2024,"Mwikali, Pamela C;Mwamburi, Lizzy A;Peter Musinguzi, Simon",10.1016/j.biocontrol.2024.105642,"[""http://europepmc.org/abstract/AGR/IND608679957"", ""https://doi.org/10.1016/j.biocontrol.2024.105642""]",Biological Control.,02c_formulation_delivery,02c_formulation_delivery|02a_efficacy|04-nontarget-ecotox,formulation-delivery|efficacy|nontarget,Trap/bait/lure/electrostatic delivery pathway; Formulation/carrier with trap/bait/device framing; Nontarget risk in delivery/product/horizontal Bb context,wave1_narrow_signal,high,accepted,
1729,rayyan-628420497,Fungal evasion of Drosophila immunity involves blocking the cathepsin-mediated cleavage maturation of the danger-sensing protease,2025,"Tang, Guirong;Song, Shuangxiu;Shang, Junmei;Luo, Yujuan;Li, Shiqin;Wei, Dongxiang;Wang, Chengshu",10.1073/pnas.2419343122,"[""http://europepmc.org/abstract/MED/39819219"", ""https://doi.org/10.1073/pnas.2419343122""]",Proceedings of the National Academy of Sciences of the United States of America,02c_formulation_delivery,02c_formulation_delivery|02a_efficacy|02b_strains_traits,formulation-delivery|efficacy|strains-traits,Trap/bait/lure/electrostatic delivery pathway; Strain traits linked to carrier/trap/surface context,wave1_narrow_signal,high,accepted,
3737,rayyan-628422668,Impact of soil applications of Beauveria bassiana and Mariannaea sp. on nontarget forest arthropods,1997,"Parker, BL;Skinner, M;Gouli, V;Brownbridge, M",10.1006/bcon.1997.0516,"[""http://europepmc.org/abstract/AGR/IND20610180"", ""https://doi.org/10.1006/bcon.1997.0516""]",Biological Control.,02c_formulation_delivery,02c_formulation_delivery|02a_efficacy|04-nontarget-ecotox,formulation-delivery|efficacy|nontarget,Trap/bait/lure/electrostatic delivery pathway; Formulation/carrier with trap/bait/device framing; Nontarget risk in delivery/product/horizontal Bb context,wave1_narrow_signal,high,accepted,
4368,rayyan-628423316,"Infectivity of housefly, Musca domestica (Diptera: Muscidae) to different entomopathogenic fungi",2016,"Farooq, Muzammil;Freed, Shoaib",10.1016/j.bjm.2016.06.002,"[""http://europepmc.org/abstract/MED/27522925"", ""https://doi.org/10.1016/j.bjm.2016.06.002""]",Brazilian journal of microbiology : [publication of the Brazilian Society for Microbiology],02c_formulation_delivery,02c_formulation_delivery|02a_efficacy,formulation-delivery|efficacy,Trap/bait/lure/electrostatic delivery pathway,reaudit_prior_relevant,high,accepted,1
610,rayyan-628416112,Integrated management of Tuta absoluta in tomato cultivation in southern Angola: a sustainable approach,2025,"Tito, Noe Jamba;Van-Dunen, Silvio Edjorge Francisco;Regazzo, Jamile Raquel;Antonio, Sebastiao;Zacarias, Joao Baptista;Rossi, Fabricio",10.21203/rs.3.rs-7965828/v1,"[""http://europepmc.org/abstract/PPR/PPR1113045"", ""https://doi.org/10.21203/rs.3.rs-7965828/v1""]",,02c_formulation_delivery,02c_formulation_delivery|02a_efficacy,formulation-delivery|efficacy,Trap/bait/lure/electrostatic delivery pathway,wave1_narrow_signal,high,accepted,
2213,rayyan-628421025,"Integration of Repellency Effect of Neem-Based Insecticide and Pheromone Bio-Trap(R) with Beauveria bassiana (Hypocreales: Cordycipitaceae) to Control the Red Palm Weevil, Rhynchophorus ferrugineus (Olivier) (Coleoptera: Curculionidae)",2021,"Hajjar, MJ;Ajlan, AM;Al-Ahmad, MH",,http://europepmc.org/abstract/AGR/IND607523531,African entomology,02c_formulation_delivery,02c_formulation_delivery|02a_efficacy,formulation-delivery|efficacy,Trap/bait/lure/electrostatic delivery pathway; Formulation/carrier with trap/bait/device framing,reaudit_prior_relevant,high,accepted,1
5030,rayyan-628424223,Isolation and identification of entomopathogenic fungi strains for Colorado potato beetle (Leptinotarsa decemlineata) control.,2024,Konopicka J;Skokova Habustova O;Janova N;Zurovcova M;Dolezal P;Zemek R,10.1093/jambio/lxae213,https://pubmed.ncbi.nlm.nih.gov/39147566/,Journal of applied microbiology,02c_formulation_delivery,02c_formulation_delivery|02a_efficacy|04-nontarget-ecotox,formulation-delivery|efficacy|nontarget,Trap/bait/lure/electrostatic delivery pathway; Nontarget risk in delivery/product/horizontal Bb context,wave1_narrow_signal,high,accepted,
5545,rayyan-628425857,"Isolation, morphological characterization, and screening virulence of Beauveria bassiana and Metarhizium robertsii fungal isolates on Galleria mellonella.",2023,Geremew D;Shiberu T;Leta A,10.12688/f1000research.134020.5,https://pubmed.ncbi.nlm.nih.gov/38434644/,F1000Research,02c_formulation_delivery,02c_formulation_delivery|02a_efficacy|02b_strains_traits,formulation-delivery|efficacy|strains-traits,Trap/bait/lure/electrostatic delivery pathway; Strain traits linked to carrier/trap/surface context,wave1_narrow_signal,high,accepted,
4511,rayyan-628423462,"Laboratory evaluation of Beauveria bassiana (Moniliales: Moniliaceae) against the lesser mealworm, Alphitobius diaperinus (Coleoptera: Tenebrionidae), in poultry litter, soil, and a pupal trap",1998,"Geden, CJ;Arends, JJ;Rutz, DA;Steinkraus, DC",10.1006/bcon.1998.0647,"[""http://europepmc.org/abstract/AGR/IND21979506"", ""https://doi.org/10.1006/bcon.1998.0647""]",Biological Control.,02c_formulation_delivery,02c_formulation_delivery|02a_efficacy,formulation-delivery|efficacy,Trap/bait/lure/electrostatic delivery pathway,wave1_narrow_signal,high,accepted,
5528,rayyan-628425810,Longifolene enhances Beauveria bassiana bait by counteracting repellency in the fungus-growing termite Odontotermes formosanus.,2026,Lin Y;Huang J;Huang J;Yu W;Akutse KS;Lin S,10.1002/ps.71038,https://pubmed.ncbi.nlm.nih.gov/42298749/,Pest management science,02c_formulation_delivery,02c_formulation_delivery|02a_efficacy,formulation-delivery|efficacy,Trap/bait/lure/electrostatic delivery pathway; Bait substrate / ingestion of Bb conidia,wave1_narrow_signal,high,accepted,
3623,rayyan-628422545,Meta-Analysis and Evaluation by Insect-Mediated Baiting Reveal Different Patterns of Hypocrealean Entomopathogenic Fungi in the Soils From Two Regions of China,2020,"Masoudi, Abolfazl;Wang, Min;Zhang, Xiaoli;Wang, Can;Qiu, Zhaoxi;Wang, Wenying;Wang, Hui;Liu, Jingze",10.3389/fmicb.2020.01133,"[""http://europepmc.org/abstract/MED/32595616"", ""https://www.frontiersin.org/articles/10.3389/fmicb.2020.01133/pdf""]",Frontiers in microbiology,02c_formulation_delivery,02c_formulation_delivery|02a_efficacy,formulation-delivery|efficacy|seed-review,Trap/bait/lure/electrostatic delivery pathway; Review covering Bb delivery/product/horizontal themes,wave1_narrow_signal,high,accepted,
3427,rayyan-628422347,Microbial control of Musca domestica (Diptera: Muscidae) with selected strains of Beauveria bassiana,2005,"Lecuona, Roberto E;Turica, Mariana;Tarocco, Federico;Crespo, Diana C",10.1093/jmedent/42.3.332,"[""http://europepmc.org/abstract/MED/15962783"", ""https://doi.org/10.1603/0022-2585(2005)042[0332:MCOMDD]2.0.CO;2""]",Journal of medical entomology,02c_formulation_delivery,02c_formulation_delivery|02a_efficacy|02b_strains_traits,formulation-delivery|efficacy|strains-traits,Trap/bait/lure/electrostatic delivery pathway; Strain traits linked to carrier/trap/surface context,reaudit_prior_relevant,high,accepted,1
139,rayyan-628415320,New Approach of Beauveria bassiana to Control the Red Palm Weevil (Coleoptera: Curculionidae) by Trapping Technique,2015,"Hajjar, M J;Ajlan, A M;Al-Ahmad, M H",10.1093/jee/tou055,https://app.dimensions.ai/details/publication/pub.1020039684,Journal of Economic Entomology,02c_formulation_delivery,02c_formulation_delivery|02a_efficacy|01-existing-products,existing-products|formulation-delivery|efficacy,Named commercial Bb product or registry/approval product record; Trap/bait/lure/electrostatic delivery pathway; Formulation/carrier with trap/bait/device framing,wave1_narrow_signal,high,accepted,
6140,rayyan-628432905,"New Metabolites, Antifeedant, Insecticidal Activities, and Reciprocal Relationship Between Insect and Fungus from Endophyte Schizophyllum commune",2022,"Wang, Cui-Fang;Yang, Xue-Qiong;Sun, Jing;Wang, Ting;Cui, Han-Rong;Yang, Ya-Bin;Ding, Zhong-Tao",10.1002/cbdv.202200130,"[""http://europepmc.org/abstract/MED/35580000"", ""https://doi.org/10.1002/cbdv.202200130""]",Chemistry & biodiversity,02c_formulation_delivery,02c_formulation_delivery|02a_efficacy,formulation-delivery|efficacy,Trap/bait/lure/electrostatic delivery pathway,wave1_narrow_signal,high,accepted,
4918,rayyan-628423958,Occurrence and diversity of insect-associated fungi in natural soils in China,2008,"Sun, Bing-Da;Liu, Xing-Zhong",10.1016/j.apsoil.2007.12.001,"[""http://europepmc.org/abstract/AGR/IND44029945"", ""https://doi.org/10.1016/j.apsoil.2007.12.001""]",Applied Soil Ecology.,02c_formulation_delivery,02c_formulation_delivery|02a_efficacy,formulation-delivery|efficacy,Trap/bait/lure/electrostatic delivery pathway,wave1_narrow_signal,high,accepted,
3965,rayyan-628422905,"Occurrence of entomopathogenic fungi from agricultural and natural ecosystems in Saltillo, Mexico, and their virulence towards thrips and whiteflies",2011,"Sanchez-Pena, Sergio R;Lara, Jorge San-Juan;Medina, Raul F",10.1673/031.011.0101,"[""http://europepmc.org/abstract/MED/21521145"", ""https://doi.org/10.1673/031.011.0101""]",Journal of insect science (Online),02c_formulation_delivery,02c_formulation_delivery|02a_efficacy|02b_strains_traits,formulation-delivery|efficacy|strains-traits,Trap/bait/lure/electrostatic delivery pathway; Strain traits linked to carrier/trap/surface context,wave1_narrow_signal,high,accepted,
5714,rayyan-628426283,Perspectives for the biological control of Cameraria ohridella.,2007,Zemek R;Prenerova E;Volter L;Weyda F;Skuhravy V,,https://pubmed.ncbi.nlm.nih.gov/18399483/,Communications in agricultural and applied biological sciences,02c_formulation_delivery,02c_formulation_delivery|02a_efficacy,formulation-delivery|efficacy,Trap/bait/lure/electrostatic delivery pathway,wave1_narrow_signal,high,accepted,
5468,rayyan-628425577,Pest Management Strategies Against the Coffee Berry Borer (Coleoptera: Curculionidae: Scolytinae).,2018,Infante F,10.1021/acs.jafc.7b04875,https://pubmed.ncbi.nlm.nih.gov/29528640/,Journal of agricultural and food chemistry,02c_formulation_delivery,02c_formulation_delivery|02a_efficacy,formulation-delivery|efficacy,Trap/bait/lure/electrostatic delivery pathway,wave2_gap_bait_trap,high,accepted,
833,rayyan-628419529,Phylogenetic Relationships and Acaricidal Effects of Beauveria bassiana Obtained from Cattle Farm Soils Against Rhipicephalus microplus,2018,"Fernandez-Salas, Agustin;Alonso-Diaz, Miguel Angel;Morales, Rogelio Alejandro Alonso;Lezama-Gutierrez, Roberto;Cervantes-Chavez, Jose Antonio",10.1645/17-162,"[""http://europepmc.org/abstract/MED/29457960"", ""https://doi.org/10.1645/17-162""]",The Journal of parasitology,02c_formulation_delivery,02c_formulation_delivery|02a_efficacy,formulation-delivery|efficacy,Trap/bait/lure/electrostatic delivery pathway,wave1_narrow_signal,high,accepted,
2344,rayyan-628421167,"Population Dynamics and Control Potential of the Soil-Dwelling Stages of the South African Citrus Thrips, Scirtothrips aurantii (Thysanoptera: Thripidae), on Avocado",2021,"Bara, GT;Laing, MD",,http://europepmc.org/abstract/AGR/IND607523508,African entomology,02c_formulation_delivery,02c_formulation_delivery|02a_efficacy,formulation-delivery|efficacy,Trap/bait/lure/electrostatic delivery pathway,wave2_gap_bait_trap,high,accepted,
509,rayyan-628415959,Potential of Beauveria Species Isolated from Southern Kazakhstan for Controlling Colorado Potato Beetle (Leptinotarsa decemlineata) Populations Under Arid Conditions,2025,"Abdukerim, Rauza;Mussina, Meiramgul;Abysheva, Gaukartas;Tumenbayeva, Nagima;Mombayeva, Bekzat;Karabayeva, Assel;Amangeldi, Nurgul;Amangeldikyzy, Zamzagul",10.3390/insects16020176,https://app.dimensions.ai/details/publication/pub.1185358960,Insects,02c_formulation_delivery,02c_formulation_delivery|02a_efficacy,formulation-delivery|efficacy,Trap/bait/lure/electrostatic delivery pathway,wave1_narrow_signal,high,accepted,
1008,rayyan-628419716,Potential of Beauveria bassiana application via a carrier to control the large pine weevil,2021,"Lalik, Michal;Galko, Juraj;Nikolov, Christo;Rell, Slavomir;Kunca, Andrej;Zubrik, Milan;Hyblerova, Silvia;Barta, Marek;Holusa, Jaroslav",10.1016/j.cropro.2021.105563,"[""http://europepmc.org/abstract/AGR/IND607266403"", ""https://doi.org/10.1016/j.cropro.2021.105563""]",Crop Protection,02c_formulation_delivery,02c_formulation_delivery|02a_efficacy,formulation-delivery|efficacy,Trap/bait/lure/electrostatic delivery pathway; Formulation/carrier with trap/bait/device framing,wave1_narrow_signal,high,accepted,
2129,rayyan-628420936,"Preparation, characterization, and insecticidal activity evaluation of three different formulations of Beauveria bassiana against Musca domestica",2013,"Mishra, Sapna;Kumar, Peeyush;Malik, Anushree",10.1007/s00436-013-3529-6,"[""http://europepmc.org/abstract/MED/23861009"", ""https://doi.org/10.1007/s00436-013-3529-6""]",Parasitology research,02c_formulation_delivery,02c_formulation_delivery|02a_efficacy,formulation-delivery|efficacy,Trap/bait/lure/electrostatic delivery pathway; Formulation/carrier with trap/bait/device framing,wave1_narrow_signal,high,accepted,
599,rayyan-628416096,"Selection, application, and pathogenicity of naturally occurring Beauveria bassiana strains against Ips duplicatus (Coleoptera: Curculionidae, Scolytinae)",2025,"Vakula, Jozef;Nikolov, Christo;Lalik, Michal;Horakova, Miriam Kadasi;Rell, Slavomir;Galko, Juraj;Gubka, Andrej;Zubrik, Milan;Kunca, Andrej;Barta, Marek",10.1016/j.biocontrol.2025.105740,"[""http://europepmc.org/abstract/AGR/IND608958241"", ""https://doi.org/10.1016/j.biocontrol.2025.105740""]",Biological Control.,02c_formulation_delivery,02c_formulation_delivery|02a_efficacy,formulation-delivery|efficacy,Trap/bait/lure/electrostatic delivery pathway; Formulation/carrier with trap/bait/device framing,wave1_narrow_signal,high,accepted,
4665,rayyan-628423616,Sequencing of new beauverolides by high-performance liquid chromatography and mass spectrometry,2001,"Kuzma, M;Jegorov, A;Kacer, P;Havlicek, V",10.1002/jms.213,"[""http://europepmc.org/abstract/MED/11747104"", ""https://doi.org/10.1002/jms.213""]",Journal of mass spectrometry : JMS,02c_formulation_delivery,02c_formulation_delivery|02a_efficacy,formulation-delivery|efficacy,Trap/bait/lure/electrostatic delivery pathway,wave1_narrow_signal,high,accepted,
6202,rayyan-628435381,The use of aggregation pheromone to enhance dissemination of Beauveria bassiana for the control of the banana weevil in Uganda,2007,"Tinzaara, W;Gold, CS;Dicke, M;van Huis, A;Nankinga, CM;Kagezi, GH;Ragama, PE",10.1080/09583150600937089,"[""http://europepmc.org/abstract/AGR/IND43906675"", ""https://doi.org/10.1080/09583150600937089""]",Biocontrol science and technology.,02c_formulation_delivery,02c_formulation_delivery,,Delivery-device pathway,wave1_narrow_signal,high,accepted,
6039,rayyan-628429410,"Towards the development of an autocontamination trap system to manage populations of emerald ash borer (Coleoptera: Buprestidae) with the native entomopathogenic fungus, Beauveria bassiana.",2012,Lyons DB;Iavallee R;Kyei-Poku G;Van Frankenhuyzen K;Johny S;Guertin C;Francese JA;Jones GC;Blais M,10.1603/ec12325,https://pubmed.ncbi.nlm.nih.gov/23356056/,Journal of economic entomology,02c_formulation_delivery,02c_formulation_delivery|02a_efficacy,formulation-delivery|efficacy,Trap/bait/lure/electrostatic delivery pathway,wave1_narrow_signal,high,accepted,
5447,rayyan-628425361,Using Autumnal Trap Crops to Manage Tarnished Plant Bugs (Lygus lineolaris),2022,"Dumont, Francois;Provost, Caroline",10.3390/insects13050441,"[""http://europepmc.org/abstract/MED/35621777"", ""https://www.mdpi.com/2075-4450/13/5/441/pdf?version=1651921608""]",Insects,02c_formulation_delivery,02c_formulation_delivery|02a_efficacy,formulation-delivery|efficacy,Trap/bait/lure/electrostatic delivery pathway,wave1_narrow_signal,high,accepted,
2043,rayyan-628420843,Variability in virulence of Beauveria spp. soil isolates against Ostrinia nubilalis,2021,"Medo, Juraj;Medova, Janka;Michalko, Jaroslav;Cagan, Ludovit",10.1111/jen.12806,"[""http://europepmc.org/abstract/AGR/IND607238345"", ""https://doi.org/10.1111/jen.12806""]",Journal of Applied Entomology,02c_formulation_delivery,02c_formulation_delivery|02a_efficacy|02b_strains_traits,formulation-delivery|efficacy|strains-traits,Trap/bait/lure/electrostatic delivery pathway; Strain traits linked to carrier/trap/surface context,wave1_narrow_signal,high,accepted,
2964,rayyan-628421874,"Virulence of Beauveria bassiana, Metarhizium anisopliae and Paecilomyces lilacinus to the engorged female Hyalomma anatolicum anatolicum tick (Acari: Ixodidae)",2011,"Sun, Ming;Ren, Qiaoyun;Guan, Guiquan;Liu, Zhijie;Ma, Miling;Gou, Huitian;Chen, Ze;Li, Youquan;Liu, Aihong;Niu, Qingli;Yang, Jifei;Yin, Hong;Luo, Jianxun",10.1016/j.vetpar.2011.03.027,"[""http://europepmc.org/abstract/MED/21511397"", ""https://doi.org/10.1016/j.vetpar.2011.03.027""]",Veterinary parasitology,02c_formulation_delivery,02c_formulation_delivery|02a_efficacy,formulation-delivery|efficacy,Trap/bait/lure/electrostatic delivery pathway,wave1_narrow_signal,high,accepted,
5752,rayyan-628426354,A Field Efficacy Evaluation of In2Care Mosquito Traps in Comparison with Routine Integrated Vector Management at Reducing Aedes aegypti.,2021,Buckner EA;Williams KF;Ramirez S;Darrisaw C;Carrillo JM;Latham MD;Lesser CR,10.2987/21-7038,https://pubmed.ncbi.nlm.nih.gov/34817613/,Journal of the American Mosquito Control Association,03-autodissemination-social,03-autodissemination-social|02c_formulation_delivery|02a_efficacy,autodissemination|formulation-delivery|efficacy,Autodissemination/disseminator/SIT or vectoring pathway; Trap/bait/lure/electrostatic delivery pathway,wave1_narrow_signal,high,accepted,
942,rayyan-628419644,A preliminary evaluation of the potential of Beauveria bassiana for bed bug control,2012,"Barbarin, Alexis M;Jenkins, Nina E;Rajotte, Edwin G;Thomas, Matthew B",10.1016/j.jip.2012.04.009,"[""http://europepmc.org/abstract/MED/22555012"", ""https://doi.org/10.1016/j.jip.2012.04.009""]",Journal of invertebrate pathology,03-autodissemination-social,03-autodissemination-social|02c_formulation_delivery,autodissemination|formulation-delivery,Autodissemination/disseminator/SIT or vectoring pathway; Formulation/carrier with trap/bait/device framing,wave2_gap_03_horizontal,high,accepted,
4960,rayyan-628424045,Adverse effects of the fungal biopesticide Beauveria bassiana on a predatory social wasp.,2024,Cappa F;De Fazi L;Baracchi D;Cervo R,10.1016/j.scitotenv.2023.168202,https://pubmed.ncbi.nlm.nih.gov/37914122/,The Science of the total environment,03-autodissemination-social,03-autodissemination-social,seed-vespideae,Vespidae/Vespa/hornet with Bb,reaudit_prior_relevant,high,accepted,1
450,rayyan-628415842,Auto-dissemination of commercially available fungal pathogens in a laboratory assay for management of the brown dog tick Rhipicephalus sanguineus,2019,"Weeks, E. N. I.;Allan, S. A.;Gezan, S. A.;Kaufman, P. E.",10.1111/mve.12426,https://app.dimensions.ai/details/publication/pub.1123667493,Medical and Veterinary Entomology,03-autodissemination-social,03-autodissemination-social|02c_formulation_delivery,autodissemination|formulation-delivery,Autodissemination/disseminator/SIT or vectoring pathway; Formulation/carrier with trap/bait/device framing,wave2_gap_03_horizontal,high,accepted,
3552,rayyan-628422474,Autodissemination of Beauveria bassiana by sap beetles (Coleoptera: Nitidulidae) to overwintering sites,2003,"Dowd, PF;Vega, FE",10.1080/0958315021000054395,"[""http://europepmc.org/abstract/AGR/IND43648306"", ""https://doi.org/10.1080/0958315021000054395""]",Biocontrol science and technology.,03-autodissemination-social,03-autodissemination-social|02c_formulation_delivery|02a_efficacy,autodissemination|formulation-delivery|efficacy,Autodissemination/disseminator/SIT or vectoring pathway; Trap/bait/lure/electrostatic delivery pathway,wave1_narrow_signal,high,accepted,
6150,rayyan-628433116,Autodissemination of Metarhizium anisopliae and Beauveria bassiana in Musca domestica L. Results in Less Oviposition and Short Gonotrophic Cycle,2015,"Garcia-Munguia, CA;Reyes-Villanueva, F;Rodriguez-Perez, MA;Cortez-Madrigal, H;Acosta-Ramos, M;Ibarra-Juarez, LA;Velazquez-Machuca, MA;Silva-Garcia, JT;Rebollar-Plata, M;Garcia-Munguia, AM",,http://europepmc.org/abstract/AGR/IND604666420,Southwestern Entomologist,03-autodissemination-social,03-autodissemination-social,autodissemination,Autodissemination/disseminator/SIT or vectoring pathway,reaudit_prior_relevant,high,accepted,1
5454,rayyan-628425450,Autoinoculation trap for management of Hypothenemus hampei (Ferrari) with Beauveria bassiana (Bals.) in coffee crops,2017,"Mota, Luiz Henrique Costa;Silva, Weliton D;Sermarini, Renata Alcarde;Demetrio, Clarice Garcia Borges;Bento, Jose Mauricio S;Delalibera, Italo",10.1016/j.biocontrol.2017.05.007,"[""http://europepmc.org/abstract/AGR/IND605692044"", ""https://doi.org/10.1016/j.biocontrol.2017.05.007""]",Biological Control.,03-autodissemination-social,03-autodissemination-social|02c_formulation_delivery|02a_efficacy,autodissemination|formulation-delivery|efficacy,Autodissemination/disseminator/SIT or vectoring pathway; Trap/bait/lure/electrostatic delivery pathway,wave1_narrow_signal,high,accepted,
5820,rayyan-628426711,Beauveria bassiana is a potential effective biological agent against Psoroptes ovis var. cuniculi mites,2019,"Jiang, An;Yuanyuan;Yang, Rui;Zhang, Na;Xie, Yue;Lai, Weiming;Peng, Xuerong;Yang, Guangyou;Gu, Xiaobin",10.1016/j.biocontrol.2019.01.010,"[""http://europepmc.org/abstract/AGR/IND606293306"", ""https://doi.org/10.1016/j.biocontrol.2019.01.010""]",Biological Control.,03-autodissemination-social,03-autodissemination-social,horizontal-spore-transfer,Horizontal/social spore transfer pathway,wave2_gap_03_horizontal,high,accepted,
5813,rayyan-628426548,Bio efficacy of Indigenous isolates of Beauveria bassiana against different Stages of Bactrocera zonata (Guava Fruit fly),2025,"Riaz, Shehla;Haq, Imran Ul;Ali, Rameesha Amjad;Majeed, Shahid;, Muneeba;Abbas, Huma;Javaid, Faria",10.21203/rs.3.rs-7259186/v1,"[""http://europepmc.org/abstract/PPR/PPR1075809"", ""https://doi.org/10.21203/rs.3.rs-7259186/v1""]",,03-autodissemination-social,03-autodissemination-social,horizontal-spore-transfer,Horizontal/social spore transfer pathway,wave1_narrow_signal,high,accepted,
5448,rayyan-628425366,"Biodiversity and pathogenicity of entomopathogenic fungi associated with the lesser spruce sawfly, Pristiphora abietina",2021,"Biryol, Seda;Araz, Nazan;Eski, Ardahan;Akturk, Rasim;Aksu, Yasar;Celik Gokturk, Berna;Bilgin, Lale;Demir, Ismail",10.1111/eea.13035,"[""http://europepmc.org/abstract/AGR/IND607354234"", ""https://doi.org/10.1111/eea.13035""]",Entomologia Experimentalis et Applicata.,03-autodissemination-social,03-autodissemination-social,horizontal-spore-transfer,Horizontal/social spore transfer pathway,wave2_gap_03_horizontal,high,accepted,
356,rayyan-628415665,Biopesticide Exposure Increases Aggression Without Impairing Nestmate Recognition in a Social Paper Wasp,2025,"De Fazi, Livia;Cervo, Rita;Baracchi, David;Bruschini, Claudia;Cappa, Federico",10.1002/tox.24547,"[""http://europepmc.org/abstract/MED/40495406"", ""https://doi.org/10.1002/tox.24547""]",Environmental toxicology,03-autodissemination-social,03-autodissemination-social|04-nontarget-ecotox,horizontal-spore-transfer|nontarget|seed-vespideae,Horizontal/social spore transfer pathway; Nontarget risk in delivery/product/horizontal Bb context; Vespidae/Vespa/hornet with Bb,wave1_narrow_signal,high,accepted,
1430,rayyan-628420167,"Combining insect pathogenic fungi and a pheromone trap for sustainable management of the fall armyworm, Spodoptera frugiperda (Lepidoptera: Noctuidae)",2020,"Akutse, Komivi S;Khamis, Fathiya M;Ambele, Felicitas C;Kimemia, Jane W;Ekesi, Sunday;Subramanian, Sevgan",10.1016/j.jip.2020.107477,"[""http://europepmc.org/abstract/MED/33053399"", ""https://doi.org/10.1016/j.jip.2020.107477""]",Journal of invertebrate pathology,03-autodissemination-social,03-autodissemination-social|02c_formulation_delivery|02a_efficacy,formulation-delivery|efficacy|horizontal-spore-transfer,Trap/bait/lure/electrostatic delivery pathway; Horizontal/social spore transfer pathway,wave1_narrow_signal,high,accepted,
2145,rayyan-628420952,Comparison of Twelve Ant Species and Their Susceptibility to Fungal Infection,2019,"Bos, Nick;Kankaanpaa-Kukkonen, Viljami;Freitak, Dalial;Stucki, Dimitri;Sundstrom, Liselotte",10.3390/insects10090271,"[""http://europepmc.org/abstract/MED/31454953"", ""https://doi.org/10.3390/insects10090271""]",Insects,03-autodissemination-social,03-autodissemination-social,horizontal-spore-transfer,Horizontal/social spore transfer pathway,wave1_narrow_signal,high,accepted,
2229,rayyan-628421041,Contribution of the horizontal transmission of the entomopathogenic fungus Beauveria bassiana to the overall performance of a fungal powder formulation against Triatoma infestans,2011,"Forlani, Lucas;Pedrini, Nicolas;Juarez, M Patricia",10.2147/rrtm.s22961,"[""http://europepmc.org/abstract/MED/30881187"", ""https://doi.org/10.2147/RRTM.S22961""]",Research and reports in tropical medicine,03-autodissemination-social,03-autodissemination-social|02c_formulation_delivery|02b_strains_traits,autodissemination|horizontal-spore-transfer|formulation-delivery|strains-traits,Autodissemination/disseminator/SIT or vectoring pathway; Horizontal/social spore transfer pathway; Formulation/carrier with trap/bait/device framing; Strain traits linked to carrier/trap/surface context,wave2_gap_03_horizontal,high,accepted,
3984,rayyan-628422925,Development and evaluation of a novel contamination device that targets multiple life-stages of Aedes aegypti,2014,"Snetselaar, Janneke;Andriessen, Rob;Suer, Remco A;Osinga, Anne J;Knols, Bart Gj;Farenhorst, Marit",10.1186/1756-3305-7-200,"[""http://europepmc.org/abstract/MED/24766772"", ""https://doi.org/10.1186/1756-3305-7-200""]",Parasites & vectors,03-autodissemination-social,03-autodissemination-social|02c_formulation_delivery|02a_efficacy,autodissemination|formulation-delivery|efficacy,Autodissemination/disseminator/SIT or vectoring pathway; Trap/bait/lure/electrostatic delivery pathway,wave1_narrow_signal,high,accepted,
357,rayyan-628415666,Development and field evaluation of a lure-and-infect strategy integrating attractants with Beauveria bassiana for controlling Bactrocera dorsalis,2026,"Xie, Jingpeng;Zhang, Lin;Lu, Xianli;Fu, Ying;Guan, Yingxue;Liu, Huan;Wen, Jian;Cao, Fengqin",10.21203/rs.3.rs-8322768/v1,"[""http://europepmc.org/abstract/PPR/PPR1147622"", ""https://doi.org/10.21203/rs.3.rs-8322768/v1""]",,03-autodissemination-social,03-autodissemination-social|02c_formulation_delivery|02a_efficacy,formulation-delivery|efficacy|horizontal-spore-transfer,Trap/bait/lure/electrostatic delivery pathway; Horizontal/social spore transfer pathway; Formulation/carrier with trap/bait/device framing,wave1_narrow_signal,high,accepted,
2387,rayyan-628421213,"Development of an attract-and-infect device for biological control of lesser mealworm, Alphitobius diaperinus (Coleoptera: Tenebrionidae) in poultry houses",2020,"Hassemer, Marla J;Lopes, Rogerio B;Borges, Miguel;Alves, Luis F A;Withall, David M;Pickett, JA;Laumann, Raul A;Birkett, Michael Alexander;Blassioli-Moraes, Maria C",10.1016/j.biocontrol.2020.104326,"[""http://europepmc.org/abstract/AGR/IND606979620"", ""https://orca.cardiff.ac.uk/134191/1/PP.pdf""]",Biological Control.,03-autodissemination-social,03-autodissemination-social|02c_formulation_delivery|02a_efficacy,formulation-delivery|efficacy|horizontal-spore-transfer,Trap/bait/lure/electrostatic delivery pathway; Horizontal/social spore transfer pathway,wave1_narrow_signal,high,accepted,
5397,rayyan-628425286,Dissemination of microbial agents using an autoinoculating device and several insect species as vectors,1995,"Vega, FE;Dowd, PF;Bartelt, RJ",10.1006/bcon.1995.1064,"[""http://europepmc.org/abstract/AGR/IND20598545"", ""https://doi.org/10.1006/bcon.1995.1064""]",Biological Control.,03-autodissemination-social,03-autodissemination-social|02c_formulation_delivery|02a_efficacy,autodissemination|formulation-delivery|efficacy,Autodissemination/disseminator/SIT or vectoring pathway; Trap/bait/lure/electrostatic delivery pathway,wave2_gap_03_horizontal+gap_bait_trap,high,accepted,
5039,rayyan-628424243,Dual suppression of Glossina pallidipes using entomopathogenic fungal-based biopesticides and sterile insect technique.,2024,Ombura FLO;Abd-Alla AMM;Akutse KS;Runo S;Mireji PO;Bateta R;Otiwi JE;Ajene IJ;Khamis FM,10.3389/fmicb.2024.1472324,https://pubmed.ncbi.nlm.nih.gov/39717267/,Frontiers in microbiology,03-autodissemination-social,03-autodissemination-social,autodissemination,Autodissemination/disseminator/SIT or vectoring pathway,wave1_narrow_signal,high,accepted,
1976,rayyan-628420771,Effect of bee-vectored Beauveria bassiana on greenhouse beneficials under greenhouse cage conditions,2012,"Shipp, Les;Kapongo, Jean Pierre;Park, Hong-Hyun;Kevan, Peter",10.1016/j.biocontrol.2012.07.008,"[""http://europepmc.org/abstract/AGR/IND601120470"", ""https://doi.org/10.1016/j.biocontrol.2012.07.008""]",Biological Control.,03-autodissemination-social,03-autodissemination-social|02c_formulation_delivery|04-nontarget-ecotox|01-existing-products,existing-products|autodissemination|formulation-delivery|nontarget,Named commercial Bb product or registry/approval product record; Autodissemination/disseminator/SIT or vectoring pathway; Formulation/carrier with trap/bait/device framing; Pollinator exposure or bee-related Bb biocontrol/nontarget context,wave1_narrow_signal,high,accepted,
6103,rayyan-628432083,Effect of entomopathogenic fungus Beauveria bassiana on behavior of termite Reticulitermes chinensis.,2025,Hassan H;Hassan A;Raza T;Ding J;Ali A;Huang Q;Lu M,10.1016/j.jip.2025.108419,https://pubmed.ncbi.nlm.nih.gov/40780392/,Journal of invertebrate pathology,03-autodissemination-social,03-autodissemination-social,horizontal-spore-transfer,Horizontal/social spore transfer pathway,wave1_narrow_signal,high,accepted,
563,rayyan-628416045,Efficacy of Beauveria bassiana strain GHA spray applications against coffee berry borer Hypothenemus hampei on Hawai'i Island [Erratum: 2022 ; p.105038],2021,"Wraight, SP;Galaini-Wraight, S;Howes, RL;Castrillo, LA;Griggs, MH;Carruthers, RI;Smith, RH;Matsumoto, TK;Keith, LM",10.1016/j.biocontrol.2021.104587,"[""http://europepmc.org/abstract/AGR/IND607305384"", ""https://doi.org/10.1016/j.biocontrol.2021.104587""]",Biological Control.,03-autodissemination-social,03-autodissemination-social|02c_formulation_delivery|02a_efficacy|01-existing-products,existing-products|formulation-delivery|efficacy|horizontal-spore-transfer,Named commercial Bb product or registry/approval product record; Trap/bait/lure/electrostatic delivery pathway; Horizontal/social spore transfer pathway,wave1_narrow_signal,high,accepted,
5052,rayyan-628424282,"Efficacy of Entomopathogenic Fungi as Prevention against Early Life Stages of the Red Palm Weevil, Rhynchophorus ferrugineus (Coleoptera: Curculionidae) in Laboratory and Greenhouse Trials.",2023,Ment D;Levy N;Allouche A;Davidovitz M;Yaacobi G,10.3390/insects14120918,https://pubmed.ncbi.nlm.nih.gov/38132592/,Insects,03-autodissemination-social,03-autodissemination-social|01-existing-products,existing-products|horizontal-spore-transfer,Named commercial Bb product or registry/approval product record; Horizontal/social spore transfer pathway,wave1_narrow_signal,high,accepted,
925,rayyan-628419627,Epidemiology of Beauveria bassiana in Controlled Populations of Bactericera cockerelli1,2017,"Suarez-Nunez, Janette;Alberto Margarito Garcia-Munguia;Hipolito Cortez-Madrigal",,http://europepmc.org/abstract/AGR/IND605947294,Southwestern Entomologist,03-autodissemination-social,03-autodissemination-social,autodissemination|horizontal-spore-transfer,Autodissemination/disseminator/SIT or vectoring pathway; Horizontal/social spore transfer pathway,wave2_gap_03_horizontal,high,accepted,
1770,rayyan-628420544,Estimating Contact Rates Between Metarhizium anisopliae-Exposed Males With Female Aedes aegypti,2021,"Reyes-Villanueva, Filiberto;Russell, Tanya L;Rodriguez-Perez, Mario A",10.3389/fcimb.2021.616679,"[""http://europepmc.org/abstract/MED/33996617"", ""https://www.frontiersin.org/articles/10.3389/fcimb.2021.616679/pdf""]",Frontiers in cellular and infection microbiology,03-autodissemination-social,03-autodissemination-social,autodissemination,Autodissemination/disseminator/SIT or vectoring pathway,wave2_gap_03_horizontal,high,accepted,
5692,rayyan-628426219,"Evaluating the Vector Control Potential of the In2Care(R) Mosquito Trap Against Aedes aegypti and Aedes albopictus Under Semifield Conditions in Manatee County, Florida.",2017,Buckner EA;Williams KF;Marsicano AL;Latham MD;Lesser CR,10.2987/17-6642R.1,https://pubmed.ncbi.nlm.nih.gov/28854105/,Journal of the American Mosquito Control Association,03-autodissemination-social,03-autodissemination-social|02c_formulation_delivery|02a_efficacy,autodissemination|formulation-delivery|efficacy,Autodissemination/disseminator/SIT or vectoring pathway; Trap/bait/lure/electrostatic delivery pathway,wave1_narrow_signal,high,accepted,
6145,rayyan-628433031,"Evaluation of In2Care mosquito stations for suppression of the Australian backyard mosquito, Aedes notoscriptus (Diptera: Culicidae)",2023,"Paris, Veronique;Bell, Nicholas;Schmidt, Thomas L;Endersby-Harshman, Nancy M;Hoffmann, Ary A",10.1093/jme/tjad099,"[""http://europepmc.org/abstract/MED/37535973"", ""https://doi.org/10.1093/jme/tjad099""]",Journal of medical entomology,03-autodissemination-social,03-autodissemination-social,autodissemination,Autodissemination/disseminator/SIT or vectoring pathway,wave1_narrow_signal,high,accepted,
2837,rayyan-628421742,Evaluation of Locally Isolated Entomopathogenic Fungi against Multiple Life Stages of Bactrocera zonata and Bactrocera dorsalis (Diptera: Tephritidae): Laboratory and Field Study,2021,"Usman, Muhammad;Wakil, Waqas;Pinero, Jaime C;Wu, Shaohui;Toews, Michael D;Shapiro-Ilan, David Ian",10.3390/microorganisms9081791,"[""http://europepmc.org/abstract/MED/34442870"", ""https://doi.org/10.3390/microorganisms9081791""]",Microorganisms,03-autodissemination-social,03-autodissemination-social,horizontal-spore-transfer,Horizontal/social spore transfer pathway,wave2_gap_03_horizontal,high,accepted,
2592,rayyan-628421435,Evaluation of the In2care Mosquito Station against Culex quinquefasciatus mosquitoes (Diptera: Culicidae) under semifield conditions,2025,"Buckner, Eva A;Romero-Weaver, Ana L;Schluep, Sierra M;Bellamy, Shawna K;Zimler, Rebecca A;Kendziorski, Natalie L;Ramirez, Daviela;Whitehead, Shelley A",10.1093/jme/tjae124,"[""http://europepmc.org/abstract/MED/39373161"", ""https://doi.org/10.1093/jme/tjae124""]",Journal of medical entomology,03-autodissemination-social,03-autodissemination-social,autodissemination,Autodissemination/disseminator/SIT or vectoring pathway,wave1_narrow_signal,high,accepted,
4878,rayyan-628423830,Foster carers influence brood pathogen resistance in ants,2014,"Purcell, Jessica;Chapuisat, Michel",10.1098/rspb.2014.1338,"[""http://europepmc.org/abstract/MED/25143036"", ""https://doi.org/10.1098/rspb.2014.1338""]",Proceedings. Biological sciences,03-autodissemination-social,03-autodissemination-social,horizontal-spore-transfer,Horizontal/social spore transfer pathway,wave1_narrow_signal,high,accepted,
5450,rayyan-628425380,Horizontal Transmission of Beauveria bassiana (Hypocreales: Cordycipitaceae) and Metarhizium anisopliae (Hypocreales: Clavicipitaceae) in Musca domestica (Diptera: Muscidae),2015,"Carcamo, MC;Felchicher, F;Duarte, JP;Bernardi, E;Ribeiro, PB",10.1093/jee/tov163,"[""http://europepmc.org/abstract/MED/26470298"", ""https://doi.org/10.1093/jee/tov163""]",Journal of economic entomology,03-autodissemination-social,03-autodissemination-social,horizontal-spore-transfer,Horizontal/social spore transfer pathway,reaudit_prior_relevant,high,accepted,1
6144,rayyan-628433030,"Horizontal Transmission of the Entomopathogenic Fungal Isolate INRS-242 of Beauveria bassiana (Hypocreales: Cordycipitaceae) in Emerald Ash Borer, Agrilus planipennis (Coleoptera: Buprestidae)",2020,"Srei, Narin;Lavallee, Robert;Guertin, Claude",10.1093/jee/toz256,"[""http://europepmc.org/abstract/MED/31579922"", ""https://doi.org/10.1093/jee/toz256""]",Journal of economic entomology,03-autodissemination-social,03-autodissemination-social,autodissemination|horizontal-spore-transfer,Autodissemination/disseminator/SIT or vectoring pathway; Horizontal/social spore transfer pathway,wave2_gap_03_horizontal,high,accepted,
6111,rayyan-628432283,Horizontal transmission of Beauveria bassiana (Bals.) Vuill,2000,"Long, DW;Groden, E;Drummond, FA",10.1046/j.1461-9563.2000.00046.x,"[""http://europepmc.org/abstract/AGR/IND22047371"", ""https://doi.org/10.1046/j.1461-9563.2000.00046.x""]",Agricultural and Forest Entomology,03-autodissemination-social,03-autodissemination-social,horizontal-spore-transfer,Horizontal/social spore transfer pathway; Include from title only; abstract missing; Title-only include; abstract missing; to be verified; Human QA 2026-08-08: accepted from uncertain (title-only),reaudit_prior_relevant,high,accepted,1
5453,rayyan-628425448,Horizontal transmission of Beauveria bassiana in Anastrepha ludens (Diptera: Tephritidae) under laboratory and field cage conditions,2007,"Toledo, Jorge;Campos, Sergio E;Flores, Salvador;Liedo, Pablo;Barrera, Juan F;Villasenior, Antonio;Montoya, Pablo",10.1603/0022-0493(2007)100[291:htobbi]2.0.co;2,"[""http://europepmc.org/abstract/MED/17461049"", ""https://academic.oup.com/jee/article-pdf/100/2/291/7020352/jee100-0291.pdf""]",Journal of economic entomology,03-autodissemination-social,03-autodissemination-social,autodissemination|horizontal-spore-transfer,Autodissemination/disseminator/SIT or vectoring pathway; Horizontal/social spore transfer pathway,wave1_narrow_signal,high,accepted,
5814,rayyan-628426567,Horizontal transmission of Beauveria bassiana spores using infected males and inoculation device: impact on survival and fecundity of Ceratitis capitata (Diptera: Tephritidae),2022,"Galvez, Cesar;Flores, Salvador;Campos, Sergio;Ramirez, Francisco Ramirez;Rosas-Quijano, Raymundo;Montoya, Pablo",10.21203/rs.3.rs-2180398/v1,"[""http://europepmc.org/abstract/PPR/PPR566541"", ""https://www.researchsquare.com/article/rs-2180398/latest.pdf""]",,03-autodissemination-social,03-autodissemination-social,autodissemination|horizontal-spore-transfer,Autodissemination/disseminator/SIT or vectoring pathway; Horizontal/social spore transfer pathway,wave2_gap_03_horizontal,high,accepted,
4917,rayyan-628423950,Horizontal transmission of entomopathogenic fungi by the diamondback moth,2001,"Furlong, MJ;Pell, JK",10.1006/bcon.2001.0981,"[""http://europepmc.org/abstract/AGR/IND23262599"", ""https://doi.org/10.1006/bcon.2001.0981""]",Biological Control.,03-autodissemination-social,03-autodissemination-social,autodissemination|horizontal-spore-transfer,Autodissemination/disseminator/SIT or vectoring pathway; Horizontal/social spore transfer pathway,wave2_gap_03_horizontal,high,accepted,
4911,rayyan-628423899,"Horizontal transmission of the entomopathogenic fungus Beauveria bassiana among the spruce bark beetle, Ips typographus (Col., Scolytidae) in the laboratory and under field conditions",2004,"Kreutz, J;Zimmermann, G;Vaupel, O",10.1080/788222844,"[""http://europepmc.org/abstract/AGR/IND43673592"", ""https://doi.org/10.1080/788222844""]",Biocontrol science and technology.,03-autodissemination-social,03-autodissemination-social,horizontal-spore-transfer,Horizontal/social spore transfer pathway,wave2_gap_03_horizontal,high,accepted,
4708,rayyan-628423659,"Identity, Prevalence, and Pathogenicity of Entomopathogenic Fungi Infecting Invasive Polistes (Vespidae: Polistinae) Paper Wasps in New Zealand",2022,"Reason, Aiden;Bulgarella, Mariana;Lester, Philip J",10.3390/insects13100922,"[""http://europepmc.org/abstract/MED/36292870"", ""https://www.mdpi.com/2075-4450/13/10/922/pdf?version=1665634143""]",Insects,03-autodissemination-social,03-autodissemination-social,seed-vespideae,Vespidae/Vespa/hornet with Bb,wave1_narrow_signal,high,accepted,
5087,rayyan-628424478,Indigenous strains of Beauveria and Metharizium as potential biological control agents against the invasive hornet Vespa velutina.,2018,Poidatz J;Lopez Plantey R;Thiery D,10.1016/j.jip.2018.02.021,https://pubmed.ncbi.nlm.nih.gov/29501664/,Journal of invertebrate pathology,03-autodissemination-social,03-autodissemination-social,seed-vespideae|seed-vespa-velutina,Vespidae/Vespa/hornet with Bb,reaudit_prior_relevant,high,accepted,1
94,rayyan-628415251,"Investigating the potential of an autodissemination system for managing populations of vine weevil, Otiorhynchus sulcatus (Coleoptera: Curculionidae) with entomopathogenic fungi",2018,"Pope, Tom W;Hough, Gemma;Arbona, Charlotte;Roberts, Harriet;Bennison, Jude;Buxton, John;Prince, Gill;Chandler, Dave",10.1016/j.jip.2018.04.002,https://app.dimensions.ai/details/publication/pub.1103243582,Journal of Invertebrate Pathology,03-autodissemination-social,03-autodissemination-social,autodissemination,Autodissemination/disseminator/SIT or vectoring pathway,wave2_gap_03_horizontal,high,accepted,
5070,rayyan-628424415,"Laboratory and field evaluation of an autoinoculation device as a tool to manage poultry red mite, Dermanyssus gallinae, infestations with Beauveria bassiana.",2020,Nascimento MM;Alves LFA;de Oliveira DGP;Lopes RB;Guimaraes ATB,10.1007/s10493-020-00466-6,https://pubmed.ncbi.nlm.nih.gov/31950300/,Experimental & applied acarology,03-autodissemination-social,03-autodissemination-social|02c_formulation_delivery|02a_efficacy,autodissemination|formulation-delivery|efficacy,Autodissemination/disseminator/SIT or vectoring pathway; Trap/bait/lure/electrostatic delivery pathway,wave1_narrow_signal,high,accepted,
5811,rayyan-628426494,"Metarhizium anisopliae and Beauveria bassiana: Pathogenicity, Horizontal Transmission, and Their Effects on Reproductive Potential of Thaumatotibia leucotreta (Lepidoptera: Tortricidae).",2020,Mkiga AM;Mohamed SA;du Plessis H;Khamis FM;Akutse KS;Ekesi S,10.1093/jee/toz342,https://pubmed.ncbi.nlm.nih.gov/31913470/,Journal of economic entomology,03-autodissemination-social,03-autodissemination-social,horizontal-spore-transfer,Horizontal/social spore transfer pathway,wave2_gap_03_horizontal,high,accepted,
6146,rayyan-628433046,Microbial Control of the Emerald Ash Borer (Coleoptera: Buprestidae) Using Beauveria bassiana (Hypocreales: Cordycipitaceae) by the Means of an Autodissemination Device,2020,"Srei, Narin;Guertin, Claude;Lavallee, Robert;Lajoie, Marie-Eve;Brousseau, Christian;Bergevin, Rejean;Miller, Fredric;McMillin, Kendra;Trudel, Richard",10.1093/jee/toaa226,"[""http://europepmc.org/abstract/MED/33089312"", ""https://doi.org/10.1093/jee/toaa226""]",Journal of economic entomology,03-autodissemination-social,03-autodissemination-social|02c_formulation_delivery|02a_efficacy,autodissemination|formulation-delivery|efficacy,Autodissemination/disseminator/SIT or vectoring pathway; Trap/bait/lure/electrostatic delivery pathway,wave2_gap_03_horizontal+gap_bait_trap,high,accepted,
6112,rayyan-628432284,Modelling Beauveria bassiana horizontal transmission,2000,"Long, DW;Drummond, FA;Groden, E;Donahue, DW",10.1046/j.1461-9563.2000.00047.x,"[""http://europepmc.org/abstract/AGR/IND22047374"", ""https://doi.org/10.1046/j.1461-9563.2000.00047.x""]",Agricultural and Forest Entomology,03-autodissemination-social,03-autodissemination-social,horizontal-spore-transfer,Horizontal/social spore transfer pathway; Include from title only; abstract missing; Title-only include; abstract missing; to be verified; Human QA 2026-08-08: accepted from uncertain (title-only),wave2_gap_03_horizontal,high,accepted,
1066,rayyan-628419778,"Mycosis inhibits cannibalism by Melanoplus sanguinipes, M. differentialis, Schistocerca americana, and Anabrus simplex",2013,"Jaronski, Stefan T",10.1673/031.013.12201,"[""http://europepmc.org/abstract/MED/24786183"", ""https://doi.org/10.1673/031.013.12201""]",Journal of insect science (Online),03-autodissemination-social,03-autodissemination-social,horizontal-spore-transfer,Horizontal/social spore transfer pathway,wave2_gap_03_horizontal,high,accepted,
1521,rayyan-628420270,Natural biocide disrupts nestmate recognition in honeybees,2019,"Cappa, Federico;Petrocelli, Iacopo;Dani, Francesca Romana;Dapporto, Leonardo;Giovannini, Michele;Silva-Castellari, Jeferson;Turillazzi, Stefano;Cervo, Rita",10.1038/s41598-019-38963-3,"[""http://europepmc.org/abstract/MED/30816211"", ""https://www.nature.com/articles/s41598-019-38963-3.pdf""]",Scientific reports,03-autodissemination-social,03-autodissemination-social|04-nontarget-ecotox,horizontal-spore-transfer|nontarget,Horizontal/social spore transfer pathway; Pollinator exposure or bee-related Bb biocontrol/nontarget context,wave2_gap_03_horizontal+gap_04_pollinator,high,accepted,
379,rayyan-628415693,Optimization and efficacy of an autoinoculation device for managing Liriomyza sativae with Beauveria bassiana,2025,"Zhang, Qikai;Wang, Dengjie;Liang, Xinghui;Wang, Haihong;Lyu, Baoqian",,http://europepmc.org/abstract/AGR/IND609241699,Biological Control.,03-autodissemination-social,03-autodissemination-social|02c_formulation_delivery|02a_efficacy,autodissemination|formulation-delivery|efficacy,Autodissemination/disseminator/SIT or vectoring pathway; Trap/bait/lure/electrostatic delivery pathway; Formulation/carrier with trap/bait/device framing,wave1_narrow_signal,high,accepted,
6151,rayyan-628433188,Pathogenicity of entomopathogenic fungi Metarhizium anisopliae and Beauveria bassiana (Hypocreales: Clavicipitaceae) isolates to the adult pea leafminer (Diptera: Agromyzidae) and prospects of an autoinoculation device for infection in the field,2010,"Migiro, LN;Maniania, NK;Chabi-Olaye, A;Vandenberg, J",10.1603/en09359,"[""http://europepmc.org/abstract/MED/20388276"", ""http://www.bioone.org/bioone/?request=get-abstract&issn=0046-225X&volume=039&issue=02&page=0468""]",Environmental entomology,03-autodissemination-social,03-autodissemination-social,autodissemination,Autodissemination/disseminator/SIT or vectoring pathway,reaudit_prior_relevant,high,accepted,1
1355,rayyan-628420086,Pathogenicity of three formulations of Beauveria bassiana and efficacy of autoinoculation devices and sterile fruit fly males for dissemination of conidia for the control of Ceratitis capitata,2017,"Toledo, Jorge;Flores, Salvador;Campos, Sergio;Villasenor, Antonio;Enkerlin, Walther;Liedo, Pablo;Valle, Alvaro;Montoya, Pablo",10.1111/eea.12608,"[""http://europepmc.org/abstract/AGR/IND605836419"", ""https://doi.org/10.1111/eea.12608""]",Entomologia Experimentalis et Applicata.,03-autodissemination-social,03-autodissemination-social,autodissemination,Autodissemination/disseminator/SIT or vectoring pathway,reaudit_prior_relevant,high,accepted,1
6147,rayyan-628433094,Physiological and Pathogenical Characterization of Beauveria bassiana and Metarhizium anisopliae Isolates for Management of Adult Spodoptera frugiperda,2019,"Guti??rrez-C??rdenas, Oscar Giovanni;Cortez-Madrigal, Hipolito;Malo, Edi A;G??mez-Ru??z, Jaime;Nord, Rineaud",,http://europepmc.org/abstract/AGR/IND606489546,Southwestern Entomologist,03-autodissemination-social,03-autodissemination-social,autodissemination|horizontal-spore-transfer,Autodissemination/disseminator/SIT or vectoring pathway; Horizontal/social spore transfer pathway,wave1_narrow_signal,high,accepted,
330,rayyan-628415621,Semifield evaluation of autodissemination systems in Aedes notoscriptus and Culex quinquefasciatus and laboratory analysis of In2Care formulation effects,2026,"Paris, Veronique;Bell, Nicholas;Hoffmann, Ary A",10.1093/jme/tjag078,"[""http://europepmc.org/abstract/MED/42228545"", ""https://doi.org/10.1093/jme/tjag078""]",Journal of medical entomology,03-autodissemination-social,03-autodissemination-social|02c_formulation_delivery,autodissemination|formulation-delivery,Autodissemination/disseminator/SIT or vectoring pathway; Formulation/carrier with trap/bait/device framing,wave2_gap_03_horizontal,high,accepted,
2595,rayyan-628421438,Sexual performance and survival of males of Ceratitis capitata VIENNA 8 (Diptera: Tephritidae) inoculated with a commercial formulation of Beauveria bassiana,2022,"Ramirez y Ramirez, Francisco;Salvador-Figueroa, Miguel;Rosas-Quijano, Raymundo;Cruz-Lopez, Leopoldo;Toledo, Jorge;Quintero-Fong, Luis",,http://europepmc.org/abstract/AGR/IND607628548,Journal of Applied Entomology,03-autodissemination-social,03-autodissemination-social|02c_formulation_delivery,autodissemination|formulation-delivery,Autodissemination/disseminator/SIT or vectoring pathway; Formulation/carrier with trap/bait/device framing,wave1_narrow_signal,high,accepted,
1175,rayyan-628419892,Simultaneous use of SIT plus disseminator devices of Beauveria bassiana enhances horizontal transmission in Anastrepha ludens,2020,"Montoya, Pablo;Flores, Salvador;Campos, Sergio;Liedo, Pablo;Toledo, Jorge",10.1111/jen.12766,"[""http://europepmc.org/abstract/AGR/IND607049243"", ""https://doi.org/10.1111/jen.12766""]",Journal of Applied Entomology,03-autodissemination-social,03-autodissemination-social|02c_formulation_delivery|02a_efficacy|04-nontarget-ecotox,autodissemination|formulation-delivery|efficacy|horizontal-spore-transfer|nontarget,Autodissemination/disseminator/SIT or vectoring pathway; Trap/bait/lure/electrostatic delivery pathway; Horizontal/social spore transfer pathway; Nontarget risk in delivery/product/horizontal Bb context,wave1_narrow_signal,high,accepted,
6129,rayyan-628432686,"Sterile Male Peach Fruit Flies, Bactrocera zonata (Saunders) (Diptera: Tephritidae), as a Potential Vector of the Entomopathogen Beauveria bassiana (Balsamo) Vuillemin in a SIT Programme",2014,"Sookar, P;Alleck, M;Ahseek, N;Bhagwant, S",,http://europepmc.org/abstract/AGR/IND601242556,African entomology,03-autodissemination-social,03-autodissemination-social,autodissemination,Autodissemination/disseminator/SIT or vectoring pathway,wave1_narrow_signal,high,accepted,
5452,rayyan-628425406,Susceptibility of Dendroctonus simplex to Hypocreales fungi: towards the development of a biological control strategy,2017,"Srei, N;Lavallee, R;Guertin, C",10.1111/jen.12361,"[""http://europepmc.org/abstract/AGR/IND605720477"", ""https://doi.org/10.1111/jen.12361""]",Journal of Applied Entomology,03-autodissemination-social,03-autodissemination-social,autodissemination,Autodissemination/disseminator/SIT or vectoring pathway,wave2_gap_03_horizontal,high,accepted,
234,rayyan-628415450,Temperature Effects on the Virulence and Horizontal Transmission of Beauveria bassiana Against Zeugodacus cucurbitae with SIR Model Analysis,2026,"Fu, Ying;Xie, Jingpeng;Zhou, Zhongshi;Fu, Lang;Wen, Jian;Cao, Fengqin",10.3390/insects17050475,https://app.dimensions.ai/details/publication/pub.1201238932,Insects,03-autodissemination-social,03-autodissemination-social,horizontal-spore-transfer,Horizontal/social spore transfer pathway,wave2_gap_03_horizontal,high,accepted,
2045,rayyan-628420845,"The Entomopathogenic Fungi Metarhizium anisopliae and Beauveria bassiana for Management of the Melon Fly Zeugodacus cucurbitae: Pathogenicity, Horizontal Transmission, and Compatability with Cuelure",2022,"Onsongo, Susan K;Mohamed, Samira A;Akutse, Komivi S;Gichimu, Bernard M;Dubois, Thomas",10.3390/insects13100859,"[""http://europepmc.org/abstract/MED/36292807"", ""https://www.mdpi.com/2075-4450/13/10/859/pdf?version=1663809200""]",Insects,03-autodissemination-social,03-autodissemination-social,horizontal-spore-transfer,Horizontal/social spore transfer pathway,wave1_narrow_signal,high,accepted,
1450,rayyan-628420192,Transmission of Metarhizium anisopliae and Beauveria bassiana to adults of Kuschelorhynchus macadamiae (Coleoptera: Curculionidae) from infected adults and conidiated cadavers,2021,"Khun, Kim Khuy;Ash, Gavin J;Stevens, Mark M;Huwer, Ruth K;Wilson, Bree A L",10.1038/s41598-021-81647-0,"[""http://europepmc.org/abstract/MED/33500474"", ""https://www.nature.com/articles/s41598-021-81647-0.pdf""]",Scientific reports,03-autodissemination-social,03-autodissemination-social,horizontal-spore-transfer,Horizontal/social spore transfer pathway,wave2_gap_03_horizontal,high,accepted,
1957,rayyan-628420751,Virulence and horizontal transmission of Metarhizium anisopliae by the adults of the greenhouse whitefly Trialeurodes vaporariorum (Hemiptera: Aleyrodidae) and the efficacy of oil formulations against its nymphs,2021,"Paradza, Vongai M;Khamis, Fathiya M;Yusuf, Abdullahi A;Subramanian, Sevgan;Akutse, Komivi S",10.1016/j.heliyon.2021.e08277,"[""http://europepmc.org/abstract/MED/34765790"", ""https://doi.org/10.1016/j.heliyon.2021.e08277""]",Heliyon,03-autodissemination-social,03-autodissemination-social,horizontal-spore-transfer,Horizontal/social spore transfer pathway,wave2_gap_03_horizontal,high,accepted,
6104,rayyan-628432098,dsRNA-mediated interference with RcGRPs significantly reduced the resistance of Reticulitermes chinensis Snyder (Blattodea: Termitidae) to pathogens.,2026,Xiong Y;Jiang D;Tang F,10.1002/ps.71081,https://pubmed.ncbi.nlm.nih.gov/42415550/,Pest management science,03-autodissemination-social,03-autodissemination-social,horizontal-spore-transfer,Horizontal/social spore transfer pathway,wave2_gap_03_horizontal,high,accepted,
475,rayyan-628415890,A laboratory evaluation to determine the compatibility of microbiological control agents with the pollinator Bombus terrestris,2009,"Mommaerts, Veerle;Sterk, Guido;Hoffmann, Lucien;Smagghe, Guy",10.1002/ps.1778,https://app.dimensions.ai/details/publication/pub.1036735186,Pest Management Science,04-nontarget-ecotox,04-nontarget-ecotox|01-existing-products,existing-products|nontarget,Named commercial Bb product or registry/approval product record; Pollinator exposure or bee-related Bb biocontrol/nontarget context,wave1_narrow_signal,high,accepted,
4365,rayyan-628423313,Antimicrobial activity of a honeybee (Apis cerana) venom Kazal-type serine protease inhibitor,2013,"Kim, Bo Yeon;Lee, Kwang Sik;Zou, Feng Ming;Wan, Hu;Choi, Yong Soo;Yoon, Hyung Joo;Kwon, Hyung Wook;Je, Yeon Ho;Jin, Byung Rae",10.1016/j.toxicon.2013.09.017,"[""http://europepmc.org/abstract/MED/24076031"", ""https://doi.org/10.1016/j.toxicon.2013.09.017""]",Toxicon : official journal of the International Society on Toxinology,04-nontarget-ecotox,04-nontarget-ecotox,nontarget,Pollinator exposure or bee-related Bb biocontrol/nontarget context,wave1_narrow_signal,high,accepted,
3781,rayyan-628422714,Apolipophorin III from honeybees (Apis cerana) exhibits antibacterial activity,2015,"Kim, Bo Yeon;Jin, Byung Rae",10.1016/j.cbpb.2014.11.010,"[""http://europepmc.org/abstract/MED/25483322"", ""https://doi.org/10.1016/j.cbpb.2014.11.010""]","Comparative biochemistry and physiology. Part B, Biochemistry & molecular biology",04-nontarget-ecotox,04-nontarget-ecotox,nontarget,Pollinator exposure or bee-related Bb biocontrol/nontarget context,wave1_narrow_signal,high,accepted,
5140,rayyan-628424756,"Bio-pesticide applications may impair the pollination services and survival of foragers of honey bee, Apis cerana Fabricius in oilseed brassica.",2019,Challa GK;Firake DM;Behere GT,10.1016/j.envpol.2019.03.048,https://pubmed.ncbi.nlm.nih.gov/30933757/,"Environmental pollution (Barking, Essex : 1987)",04-nontarget-ecotox,04-nontarget-ecotox,nontarget,Pollinator exposure or bee-related Bb biocontrol/nontarget context,wave1_narrow_signal,high,accepted,
6128,rayyan-628432676,Biological control of Lygus lineolaris (Hemiptera: Miridae) and Frankliniella occidentalis (Thysanoptera: Thripidae) by Bombus impatiens (Hymenoptera: Apidae) vectored Beauveria bassiana in greenhouse sweet pepper,2006,"Al-mazra'awi, MS;Shipp, L;Broadbent, B;Kevan, P",10.1016/j.biocontrol.2005.11.014,"[""http://europepmc.org/abstract/AGR/IND43803075"", ""http://atrium.lib.uoguelph.ca/xmlui/bitstream/10214/2403/4/2006_Al-mazraawi_et_al_2006_Biological_Control.pdf""]",Biological Control.,04-nontarget-ecotox,04-nontarget-ecotox,nontarget,Pollinator exposure or bee-related Bb biocontrol/nontarget context,wave1_narrow_signal,high,accepted,
1259,rayyan-628419984,Co-vectoring of Beauveria bassiana and Clonostachys rosea by bumble bees (Bombus impatiens) for control of insect pests and suppression of grey mould in greenhouse tomato and sweet pepper,2008,"Kapongo, JP;Shipp, L;Kevan, P;Sutton, JC",10.1016/j.biocontrol.2008.05.008,"[""http://europepmc.org/abstract/AGR/IND44119713"", ""https://doi.org/10.1016/j.biocontrol.2008.05.008""]",Biological Control.,04-nontarget-ecotox,04-nontarget-ecotox|01-existing-products,existing-products|nontarget,Named commercial Bb product or registry/approval product record; Pollinator exposure or bee-related Bb biocontrol/nontarget context,wave1_narrow_signal,high,accepted,
212,rayyan-628415421,Colony heating protects honey bee populations from a risk of contact with wide-spectrum Beauveria bassiana insecticides applied in the field,2020,"Peng, Guoxiong;Tong, Sen-Miao;Zeng, Deyu;Xia, Yuxian;Feng, Ming-Guang",10.1002/ps.5803,https://app.dimensions.ai/details/publication/pub.1125106622,Pest Management Science,04-nontarget-ecotox,04-nontarget-ecotox,nontarget,Pollinator exposure or bee-related Bb biocontrol/nontarget context,wave2_gap_04_pollinator,high,accepted,
4283,rayyan-628423230,Development of Beauveria bassiana dry formulation for vectoring by honey bees Apid mellifera (Hymenoptera: Apidae) to the flowers of crops for pest control,2007,"Al-Mazra'Awi, MS;Kevan, PG;Shipp, L",10.1080/09583150701484759,"[""http://europepmc.org/abstract/AGR/IND43975270"", ""https://doi.org/10.1080/09583150701484759""]",Biocontrol science and technology.,04-nontarget-ecotox,04-nontarget-ecotox,nontarget,Pollinator exposure or bee-related Bb biocontrol/nontarget context,wave1_narrow_signal,high,accepted,
5049,rayyan-628424274,"Different toxic and hormetic responses of Bombus impatiens to Beauveria bassiana, Bacillus subtilis and spirotetramat.",2013,Ramanaidu K;Cutler GC,10.1002/ps.3456,https://pubmed.ncbi.nlm.nih.gov/23281229/,Pest management science,04-nontarget-ecotox,04-nontarget-ecotox,nontarget,Pollinator exposure or bee-related Bb biocontrol/nontarget context,wave1_narrow_signal,high,accepted,
3089,rayyan-628422003,"Duration and spread of an entomopathogenic fungus, Beauveria bassiana (Deuteromycota: Hyphomycetes), used to treat varroa mites (Acari: Varroidae) in honey bee (Hymenoptera: Apidae) hives",2007,"Meikle, WG;Mercadier, G;Holst, N;Nansen, C;Girod, V",10.1603/0022-0493(2007)100[1:dasoae]2.0.co;2,"[""http://europepmc.org/abstract/MED/17370802"", ""https://doi.org/10.1093/jee/100.1.1""]",Journal of economic entomology,04-nontarget-ecotox,04-nontarget-ecotox,nontarget,Pollinator exposure or bee-related Bb biocontrol/nontarget context,reaudit_prior_relevant,high,accepted,1
2667,rayyan-628421531,Effect of Bee-Borne Entomopathogenic Fungi and Essential Oils in Controlling Cyclamen Mite on Strawberries,2024,"KOTOMALE, Morel Libere Comlan;Kapongo, Jean Pierre;Lubusu, Alphonsine Muzinga Bin;Simo Nana, Romuald;Tokam, Donald Rostand Fopie;Mboussou, Grace Suzert Nottin",10.20944/preprints202408.0225.v1,"[""http://europepmc.org/abstract/PPR/PPR895311"", ""https://doi.org/10.20944/preprints202408.0225.v1""]",,04-nontarget-ecotox,04-nontarget-ecotox,nontarget,Pollinator exposure or bee-related Bb biocontrol/nontarget context,wave1_narrow_signal,high,accepted,
5120,rayyan-628424683,Effect of Three Entomopathogenic Fungi on Three Species of Stingless Bees (Hymenoptera: Apidae) Under Laboratory Conditions.,2016,Toledo-Hernandez RA;Ruiz-Toledo J;Toledo J;Sanchez D,10.1093/jee/tow064,https://pubmed.ncbi.nlm.nih.gov/27151469/,Journal of economic entomology,04-nontarget-ecotox,04-nontarget-ecotox,nontarget,Pollinator exposure or bee-related Bb biocontrol/nontarget context,wave1_narrow_signal,high,accepted,
1281,rayyan-628420007,"Efficacy of two fungus-based biopesticide against the honeybee ectoparasitic mite, Varroa destructor",2013,"Ahmed, Abdelaal A;Abd-Elhady, Hany K",10.3923/pjbs.2013.819.825,"[""http://europepmc.org/abstract/MED/24498835"", ""https://doi.org/10.3923/pjbs.2013.819.825""]",Pakistan journal of biological sciences : PJBS,04-nontarget-ecotox,04-nontarget-ecotox,nontarget,Pollinator exposure or bee-related Bb biocontrol/nontarget context,wave1_narrow_signal,high,accepted,
4436,rayyan-628423387,"Entomopathogenic fungi as potential biocontrol agents of the ecto-parasitic mite, Varroa destructor, and their effect on the immune response of honey bees (Apis mellifera L.)",2012,"Hamiduzzaman, Mollah Md;Sinia, Alice;Guzman-Novoa, Ernesto;Goodwin, Paul H",10.1016/j.jip.2012.09.001,"[""http://europepmc.org/abstract/MED/23000027"", ""https://doi.org/10.1016/j.jip.2012.09.001""]",Journal of invertebrate pathology,04-nontarget-ecotox,04-nontarget-ecotox,nontarget,Pollinator exposure or bee-related Bb biocontrol/nontarget context,wave1_narrow_signal,high,accepted,
6081,rayyan-628431886,"Evaluation of Oregano (Lippia berlandieri) Essential Oil and Entomopathogenic Fungi for Varroa destructor1 Control in Colonies of Honey Bee, Apis mellifera2",2016,"Romo-Chacon, Alejandro;Martinez-Contreras, Liz J;Molina-Corral, F Javier;Acosta-Muniz, Carlos H;Rios-Velasco, Claudio;Leon-Door, Adrian Ponce de;Rivera, Raul",,http://europepmc.org/abstract/AGR/IND605588787,Southwestern Entomologist,04-nontarget-ecotox,04-nontarget-ecotox,nontarget,Pollinator exposure or bee-related Bb biocontrol/nontarget context,wave1_narrow_signal,high,accepted,
4977,rayyan-628424082,Evaluation of toxicity of biorational insecticides against larvae of the alfalfa weevil.,2016,Reddy GVP;Antwi FB;Shrestha G;Kuriwada T,10.1016/j.toxrep.2016.05.003,https://pubmed.ncbi.nlm.nih.gov/28959570/,Toxicology reports,04-nontarget-ecotox,04-nontarget-ecotox|01-existing-products,existing-products|nontarget,Named commercial Bb product or registry/approval product record; Pollinator exposure or bee-related Bb biocontrol/nontarget context,wave1_narrow_signal,high,accepted,
1564,rayyan-628420317,Exposure to a biopesticide interferes with sucrose responsiveness and learning in honey bees,2020,"Carlesso, Daniele;Smargiassi, Stefania;Sassoli, Lara;Cappa, Federico;Cervo, Rita;Baracchi, David",10.1038/s41598-020-76852-2,"[""http://europepmc.org/abstract/MED/33199794"", ""https://www.nature.com/articles/s41598-020-76852-2.pdf""]",Scientific reports,04-nontarget-ecotox,04-nontarget-ecotox,nontarget,Pollinator/bee-related Bb biocontrol or nontarget context,wave_full_remainder_strict,high,accepted,
338,rayyan-628415636,"Impact of Commercial Beauveria bassiana Application on Okra (Abelmoschus esculentus) Insect Pests, Pollinator Densities and Some Growth and Fruit Parameters",2026,"I, Babayemi Hannah;T, Ayangbemi Busola;O, Filani Caroline;R, Pitan Olufemi;A, Kehinde Iyabode",10.21203/rs.3.rs-9264759/v1,"[""http://europepmc.org/abstract/PPR/PPR1172266"", ""https://doi.org/10.21203/rs.3.rs-9264759/v1""]",,04-nontarget-ecotox,04-nontarget-ecotox,nontarget,Pollinator exposure or bee-related Bb biocontrol/nontarget context,wave1_narrow_signal,high,accepted,
5107,rayyan-628424641,Impact of two treatments of a formulation of Beauveria bassiana (Deuteromycota: Hyphomycetes) conidia on Varroa mites (Acari: Varroidae) and on honeybee (Hymenoptera: Apidae) colony health.,2008,Meikle WG;Mercadier G;Holst N;Girod V,10.1007/s10493-008-9160-z,https://pubmed.ncbi.nlm.nih.gov/18506583/,Experimental & applied acarology,04-nontarget-ecotox,04-nontarget-ecotox,nontarget,Pollinator exposure or bee-related Bb biocontrol/nontarget context,wave1_narrow_signal,high,accepted,
5197,rayyan-628424977,Laboratory Risk Assessment of Three Entomopathogenic Fungi Used for Pest Control toward Social Bee Pollinators.,2022,Leite MOG;Alves DA;Lecocq A;Malaquias JB;Delalibera I Jr;Jensen AB,10.3390/microorganisms10091800,https://pubmed.ncbi.nlm.nih.gov/36144402/,Microorganisms,04-nontarget-ecotox,04-nontarget-ecotox,nontarget,Pollinator exposure or bee-related Bb biocontrol/nontarget context,wave1_narrow_signal,high,accepted,
1687,rayyan-628420447,Leaf microbiota of strawberries as affected by biological control agents,2013,"Sylla, Justine;Alsanius, Beatrix W;Kruger, Erika;Reineke, Annette;Strohmeier, Stephan;Wohanka, Walter",10.1094/phyto-01-13-0014-r,"[""http://europepmc.org/abstract/MED/24020904"", ""https://apsjournals.apsnet.org/doi/pdf/10.1094/PHYTO-01-13-0014-R""]",Phytopathology,04-nontarget-ecotox,04-nontarget-ecotox|01-existing-products,existing-products|nontarget,Named commercial Bb product or registry/approval product record; Nontarget risk in delivery/product/horizontal Bb context,wave1_narrow_signal,high,accepted,
460,rayyan-628415859,Lethal and sublethal toxicity assessment of Bacillus thuringiensis var. israelensis and Beauveria bassiana based bioinsecticides to the aquatic insect Chironomus riparius,2019,"Bordalo, M.D.;Gravato, C.;Beleza, S.;Campos, D.;Lopes, I.;Pestana, J.L.T.",10.1016/j.scitotenv.2019.134155,https://app.dimensions.ai/details/publication/pub.1120743950,Science of The Total Environment,04-nontarget-ecotox,04-nontarget-ecotox|01-existing-products,existing-products|nontarget,Named commercial Bb product or registry/approval product record; Nontarget risk in delivery/product/horizontal Bb context,wave1_narrow_signal,high,accepted,
2026,rayyan-628420823,Lethality of the Entomogenous Fungus Beauveria bassiana Strain NI8 on Lygus lineolaris (Hemiptera:Miridae) and its Possible Impact on Beneficial Arthropods,2017,"Portilla, Maribel;Luttrell, Randall;Snodgrass, Gordon;Zhu, Yu Cheng;Riddick, Eric",,http://europepmc.org/abstract/AGR/IND605922757,Journal of Entomological Science,04-nontarget-ecotox,04-nontarget-ecotox,nontarget,Pollinator exposure or bee-related Bb biocontrol/nontarget context,wave1_narrow_signal,high,accepted,
3815,rayyan-628422749,Pseudomonas contamination of a fungus-based biopesticide: Implications for honey bee (Hymenoptera: Apidae) health and Varroa mite (Acari: Varroidae) control,2012,"Meikle, William G;Mercadier, Guy;Guermache, Fatiha;Bon, Marie-Claude",10.1016/j.biocontrol.2011.12.004,"[""http://europepmc.org/abstract/AGR/IND44870809"", ""https://doi.org/10.1016/j.biocontrol.2011.12.004""]",Biological Control.,04-nontarget-ecotox,04-nontarget-ecotox,nontarget,Pollinator exposure or bee-related Bb biocontrol/nontarget context,wave2_gap_04_pollinator,high,accepted,
4437,rayyan-628423388,Review on safety of the entomopathogenic fungi Beauveria bassiana and Beauveria brongniartii,2007,"Zimmermann, G",10.1080/09583150701309006,"[""http://europepmc.org/abstract/AGR/IND43948321"", ""https://doi.org/10.1080/09583150701309006""]",Biocontrol science and technology.,04-nontarget-ecotox,04-nontarget-ecotox,nontarget,Pollinator exposure or bee-related Bb biocontrol/nontarget context,wave1_narrow_signal,high,accepted,
5637,rayyan-628426091,"Selection of entomopathogenic fungus Beauveria bassiana (Deuteromycotina: Hyphomycetes) for the biocontrol of Dendroctonus ponderosae (Coleoptera: Curculionidae, Scolytinae) in Western Canada.",2021,Rosana ARR;Pokorny S;Klutsch JG;Ibarra-Romero C;Sanichar R;Engelhardt D;van Belkum MJ;Erbilgin N;Bohlmann J;Carroll AL;Vederas JC,10.1007/s00253-021-11172-7,https://pubmed.ncbi.nlm.nih.gov/33590267/,Applied microbiology and biotechnology,04-nontarget-ecotox,04-nontarget-ecotox,nontarget,Pollinator exposure or bee-related Bb biocontrol/nontarget context,wave1_narrow_signal,high,accepted,
2274,rayyan-628421087,Side effects of a fungus-based biopesticide on stingless bee guarding behaviour,2022,"Almeida, Felipe Chagas Rocha;Magalhaes, Diego Martins;Favaris, Arodi Prado;Rodriguez, Jonathan;Azevedo, Kamila Emmanuella Xavier;Bento, Jose Mauricio Simoes;Alves, Denise Araujo",10.1016/j.chemosphere.2021.132147,"[""http://europepmc.org/abstract/MED/34492415"", ""https://doi.org/10.1016/j.chemosphere.2021.132147""]",Chemosphere,04-nontarget-ecotox,04-nontarget-ecotox,nontarget,Pollinator exposure or bee-related Bb biocontrol/nontarget context,wave2_gap_03_horizontal,high,accepted,
5012,rayyan-628424160,"Soil application of Beauveria bassiana GHA against apple sawfly, Hoplocampa testudinea (Hymenoptera: Tenthredinidae): Field mortality and fungal persistence.",2016,Swiergiel W;Meyling NV;Porcel M;Ramert B,10.1111/1744-7917.12233,https://pubmed.ncbi.nlm.nih.gov/25959579/,Insect science,04-nontarget-ecotox,04-nontarget-ecotox|01-existing-products,existing-products|nontarget,Named commercial Bb product or registry/approval product record; Nontarget risk in delivery/product/horizontal Bb context,wave1_narrow_signal,high,accepted,
3283,rayyan-628422200,Susceptibility of adult Aethina tumida (Coleoptera: Nitidulidae) to entomopathogenic fungi,2006,"Muerrle, TM;Neumann, P;Dames, JF;Hepburn, HR;Hill, MP",10.1093/jee/99.1.1,"[""http://europepmc.org/abstract/MED/16573316"", ""https://doi.org/10.1603/0022-0493(2006)099[0001:SOAATC]2.0.CO;2""]",Journal of economic entomology,04-nontarget-ecotox,04-nontarget-ecotox,nontarget,Pollinator exposure or bee-related Bb biocontrol/nontarget context,wave1_narrow_signal,high,accepted,
2295,rayyan-628421110,Susceptibility of the Western Honey Bee Apis mellifera and the African Stingless Bee Meliponula ferruginea (Hymenoptera: Apidae) to the Entomopathogenic Fungi Metarhizium anisopliae and Beauveria bassiana,2022,"Omuse, Evanson R;Niassy, Saliou;Wagacha, John M;Ong'amo, George O;Lattorff, H Michael G;Kiatoko, Nkoba;Mohamed, Samira A;Subramanian, Sevgan;Akutse, Komivi S;Dubois, Thomas",10.1093/jee/toab211,"[""http://europepmc.org/abstract/MED/35139218"", ""https://doi.org/10.1093/jee/toab211""]",Journal of economic entomology,04-nontarget-ecotox,04-nontarget-ecotox,nontarget,Pollinator exposure or bee-related Bb biocontrol/nontarget context,wave1_narrow_signal,high,accepted,
453,rayyan-628415847,Sustainable control of the bird cherry-oat aphid (Rhopalosiphum padi L.) in northwestern Ontario using Beauveria bassiana delivered by bumblebees,2025,"Kapongo, Jean Pierre;Kotomale, Morel Libere Comlan;Bin Lubusu, Alphonsine Muzinga;Nana, Romuald Simo;Tokam, Donald Rostand Fopie;Mboussou, Grace Suzert Nottin",10.3389/finsc.2025.1468262,https://app.dimensions.ai/details/publication/pub.1185666054,Frontiers in Insect Science,04-nontarget-ecotox,04-nontarget-ecotox,nontarget,Pollinator exposure or bee-related Bb biocontrol/nontarget context,wave1_narrow_signal,high,accepted,
412,rayyan-628415753,Conclusion on the peer review of the pesticide risk assessment of the active substances Beauveria bassiana strains ATCC-74040 and GHA,2013,"Authority, European Food Safety",10.2903/j.efsa.2013.3031,https://app.dimensions.ai/details/publication/pub.1009204038,EFSA Journal,05-regulatory-policy,05-regulatory-policy|01-existing-products,regulatory-eu-approval|existing-products,EFSA/EU or regulatory Bb active-substance material; Named commercial Bb product or registry/approval product record,reaudit_prior_relevant,high,accepted,1
2554,rayyan-628421391,Peer review of the pesticide risk assessment of the active substance Beauveria bassiana IMI389521,2017,"=European Food Safety Authority (EFSA);Arena, Maria;Auteri, Domenica;Barmaz, Stefania;Bellisai, Giulia;Brancato, Alba;Brocca, Daniela;Bura, Laszlo;Byers, Harry;Chiusolo, Arianna;Court Marques, Daniele;Crivellente, Federica;De Lentdecker, Chloe;De Maglie, Marcella;Egsmose, Mark;Erdos, Zoltan;Fait, Gabriella;Ferreira, Lucien;Goumenou, Marina;Greco, Luna;Ippolito, Alessio;Istace, Frederique;Jarrah, Samira;Kardassi, Dimitra;Leuschner, Renata",10.2903/j.efsa.2017.4831,"[""http://europepmc.org/abstract/MED/32625636"", ""https://doi.org/10.2903/j.efsa.2017.4831""]",EFSA journal. European Food Safety Authority,05-regulatory-policy,05-regulatory-policy|01-existing-products,regulatory-eu-approval|existing-products,EFSA/EU or regulatory Bb active-substance material; Named commercial Bb product or registry/approval product record,reaudit_prior_relevant,high,accepted,1
5493,rayyan-628425671,Peer review of the pesticide risk assessment of the active substance Beauveria bassiana strain 203.,2020,Anastassiadou M;Arena M;Auteri D;Brancato A;Bura L;Carrasco Cabrera L;Chaideftou E;Chiusolo A;Crivellente F;De Lentdecker C;Egsmose M;Fait G;Greco L;Ippolito A;Istace F;Jarrah S;Kardassi D;Leuschner R;Lostia A;Lythgo C;Magrans O;Mangas I;Miron I;Molnar T;Padovani L;Parra Morte JM;Pedersen R;Reich H;Santos M;Sharp R;Szentes C;Terron A;Tiramani M;Vagenende B;Villamar-Bouza L,10.2903/j.efsa.2020.6295,https://pubmed.ncbi.nlm.nih.gov/33209153/,EFSA journal. European Food Safety Authority,05-regulatory-policy,05-regulatory-policy|01-existing-products,regulatory-eu-approval|existing-products,EFSA/EU or regulatory Bb active-substance material; Named commercial Bb product or registry/approval product record,reaudit_prior_relevant,high,accepted,1
6206,rayyan-628435603,Peer review of the pesticide risk assessment of the active substance Beauveria bassiana strain PPRI 5339.,2018,Arena M;Auteri D;Barmaz S;Brancato A;Brocca D;Bura L;Carrasco Cabrera L;Chiusolo A;Court Marques D;Crivellente F;De Lentdecker C;Egsmose M;Fait G;Ferreira L;Goumenou M;Greco L;Ippolito A;Istace F;Jarrah S;Kardassi D;Leuschner R;Lythgo C;Magrans JO;Medina P;Miron I;Molnar T;Nougadere A;Padovani L;Parra Morte JM;Pedersen R;Reich H;Sacchi A;Santos M;Serafimova R;Sharp R;Stanek A;Streissl F;Sturma J;Szentes C;Tarazona J;Terron A;Theobald A;Vagenende B;Villamar-Bouza L,10.2903/j.efsa.2018.5230,https://pubmed.ncbi.nlm.nih.gov/32625869/,EFSA journal. European Food Safety Authority,05-regulatory-policy,05-regulatory-policy|01-existing-products,regulatory-eu-approval|existing-products,EFSA/EU or regulatory Bb active-substance material; Named commercial Bb product or registry/approval product record,reaudit_prior_relevant,high,accepted,1
