record_index,accession_number,title,publication_year,authors,doi,urls,secondary_title,screening_category,screening_categories_all,tags,inclusion_reason,source_wave,agent_confidence,qa_status,prior_asreview_label,abstract,article_link,abstract_missing,abstract_join_method
5004,rayyan-628424143,A New Isolate Beauveria bassiana GxABT-1: Efficacy against Myzus persicae and Promising Impact on the Beet Mild Yellow Virus-Aphid Association.,2024,Dessauvages K;Scheifler M;Francis F;Ben Fekih I,10.3390/insects15090697,https://pubmed.ncbi.nlm.nih.gov/39336665/,Insects,01-existing-products,01-existing-products,existing-products,Named commercial Bb product or registry/approval product record,wave1_narrow_signal,high,accepted,,"Within the context of ecofriendly alternatives to neonicotinoids, we explored the direct and endophytic potential of two Beauveria bassiana isolates, GHA from BotaniGard and the new endemic isolate GxABT-1, against the Sugar Beet Mild Yellow Virus (BMYV)-Myzus persicae pathosystem. A mortality rate of 96 and 91% was registered after 8 days of treatment with GHA and Gx-ABT-1, respectively. To assess the endophytic impact, sugar beet seeds were treated, and the ability of the fungi to colonize the plant was assessed and correlated with the aphids' (1) life cycle, (2) attraction towards the plants, and (3) ability to transmit BMYV. Both fungi colonized the plants, and the GxABT-1 isolate impaired the aphids' life cycle. Myzus persicae were more attracted to leaf discs from non-treated plants than to the fungal-treated ones. Interestingly, when the choice test dealt only with the fungal treatments, aphids were more attracted to leaves from plants harboring Gx-ABT-1 than those with GHA. Moreover, no significant impact was observed for BMYV transmission despite the slight decrease in the viral load in GxABT-1 isolate-treated plants. Our findings constitute a baseline to delve more into the performance of the new endemic isolate B. bassiana in other pathosystems using different treatment methods.",https://doi.org/10.3390/insects15090697,0,doi
5017,rayyan-628424174,Activity of Metarhizium brunneum and Beauveria bassiana against early developmental stages of the false codling moth Thaumatotibia leucotreta.,2020,Mondaca LL;Da-Costa N;Protasov A;Ben-Yehuda S;Peisahovich A;Mendel Z;Ment D,10.1016/j.jip.2019.107312,https://pubmed.ncbi.nlm.nih.gov/31870852/,Journal of invertebrate pathology,01-existing-products,01-existing-products,existing-products,Named commercial Bb product or registry/approval product record,wave1_narrow_signal,high,accepted,,"This study evaluated the efficacy of two entomopathogenic Hypocrealean fungi, Metarhizium brunneum (laboratory isolate) and Beauveria bassiana (the commercial product Botanigard), for preventative control of the false codling moth, Thaumatotibia leucotreta. The mortality of eggs and first instar larvae was studied in three different assays. First, fungal virulence was examined under optimal laboratory conditions (25 C, 85% RH) by placing T. leucotreta eggs on conidia-impregnated filter paper. One-day-old eggs and first instar larvae were susceptible to both fungi. In contrast, 5-day-old eggs (advanced embryo development) were susceptible to M. brunneum, but not to B. bassiana. The activity of both fungi against eggs was assessed under two humidity regimes: 85% RH-optimal for fungal germination, and 60% RH-the average humidity in the laboratory. Pieces of parchment paper serving as oviposition surfaces were treated with each of the fungi and introduced to gravid females at different time points after inoculation (0, 2, 7 and 14 days). Although the tested fungal species differed in their virulence to T. leucotreta eggs, both reduced hatching rate under both humidity regimes to 8.3-58.3%, compared to 71.7-83.3% in the control treatments. To evaluate reduction of T. leucotreta infestation of fruit, 'Ori' citrus fruit (easy peeler Citrus sinensis) were treated with each of the fungi. Eggs were placed on the fruit peels and the fruit were maintained under room conditions (25 C,",https://doi.org/10.1016/j.jip.2019.107312,0,doi
1141,rayyan-628419856,Application of an entomopathogenic fungus (Beauveria bassiana) increases potato nematodes reproduction and potato tubers damage caused by Ditylenchus destructor and D. dipsaci,2017,"Mwaura, Peter;Niere, Bjorn;Vidal, Stefan",10.1016/j.biocontrol.2017.08.012,"[""http://europepmc.org/abstract/AGR/IND605825896"", ""https://doi.org/10.1016/j.biocontrol.2017.08.012""]",Biological Control.,01-existing-products,01-existing-products,existing-products,Named commercial Bb product or registry/approval product record,wave1_narrow_signal,high,accepted,,"Two greenhouse experiments were conducted to investigate the influence of Beauveria bassiana inoculated in the soil together with potato tuber rot nematode (Ditylenchus destructor) and stem and bulb nematode (Ditylenchus dipsaci). Data on nematode reproduction and consequently damage caused on potato tubers by these nematodes was investigated. In both experiments, the growing medium was inoculated with B. bassiana singly or in combination with D. destructor or D. dipsaci. B. bassiana alone did not negatively influence potato growth or tuber development. However, when B. bassiana was inoculated together with nematodes, higher nematode reproduction and tuber damage was observed at the end of the experiments. Tuber numbers and above ground fresh weight were not influenced by nematodes or a combination of B. bassiana and nematodes. Tuber weight was significantly reduced when nematodes were present together with B. bassiana. Although B. bassiana is an effective bio-control agent against some Meloidogyne spp., the application B. bassiana strain Naturalis in the presence of D. destructor and D. dipsaci might result in a detrimental interaction leading to higher nematode population densities and higher potato tuber damage.",https://doi.org/10.1016/j.biocontrol.2017.08.012,0,doi
501,rayyan-628415943,"Applications of Beauveria bassiana (Hypocreales: Cordycipitaceae) to Control Populations of Spotted Lanternfly (Hemiptera: Fulgoridae), in Semi-Natural Landscapes and on Grapevines",2020,"Clifton, Eric H;Hajek, Ann E;Jenkins, Nina E;Roush, Richard T;Rost, John P;Biddinger, David J",10.1093/ee/nvaa064,https://app.dimensions.ai/details/publication/pub.1127525982,Environmental Entomology,01-existing-products,01-existing-products,existing-products,Named commercial Bb product or registry/approval product record,wave1_narrow_signal,high,accepted,,"Spotted lanternfly, Lycorma delicatula (White), is an invasive Asian insect that was initially found in Berks County, Pennsylvania, in 2014. As of early 2020, this pest had been found in five more eastern states and it is expected to continue to expand its geographical range. Lycorma delicatula is highly polyphagous but seems to prefer tree-of-heaven, Ailanthus altissima. However, grape growers in Pennsylvania have reported significant damage and loss of vines caused by L. delicatula adults. In fall 2018, two fungal entomopathogens (Beauveria bassiana and Batkoa major) drove localized collapses in L. delicatula populations in Berks County, Pennsylvania. In 2019, we tested applications of a commercialized mycoinsecticide based on B. bassiana strain GHA on L. delicatula populations in a public park in southeastern Pennsylvania. A single application of B. bassiana reduced fourth instar nymphs by 48% after 14 d. Applications of B. bassiana to L. delicatula adults in the same park resulted in 43% mortality after 14 d. Beauveria bassiana spores remained viable on foliage for 5-7 d after spraying. We also conducted semi-field bioassays with B. bassiana GHA (formulated as BoteGHA and Aprehend) and another mycoinsecticide containing Isaria fumosorosea Apopka Strain 97 against L. delicatula adults feeding on potted grapes. All the mycoinsecticides killed 90% of adults after 9 d using direct applications. Aprehend killed 99% of adults after 9 d with exposure to residues on sprayed grap",https://doi.org/10.1093/ee/nvaa064,0,doi
4963,rayyan-628424052,Biocontrol of invasive pheretimoid earthworms using Beauveria bassiana.,2021,Nouri-Aiin M;Gorres JH,10.7717/peerj.11101,https://pubmed.ncbi.nlm.nih.gov/33868811/,PeerJ,01-existing-products,01-existing-products,existing-products,Named commercial Bb product or registry/approval product record,wave1_narrow_signal,high,accepted,,"BACKGROUND: Invasive species cause enormous costs of over $120 billion to the U.S. economy. Among biological invasions, the invasion by pheretimoid earthworms has gone relatively unnoticed and their invasion imposes yet unknown damage on USA agriculture and horticulture. The main dispersal is with horticultural goods such as plant material and composts. Pheretimoids affect commercially important hardwood forest. With no chemical agents currently certified for earthworm control nor any best horticultural practices, slowing the invasion is difficult. METHODS: In this study we measured the efficacy of a commercial entomopathogenic fungal isolate of B. bassiana (BotaniGard((R))) to kill pheretimoid earthworms under greenhouse conditions. Four treatments of B. bassiana were applied: The commercial product as per label, re-cultured commercial B. bassiana, 15 g and 25 g millet grains mycotized with recultured product. In all, three bioassays were conducted in 2 consecutive years with two batches of BotaniGard((R)). RESULTS: With fresh batches, all B. bassiana treatments with re-cultured product resulted in greater than 70% mortality within 4 weeks. Mortality was less than 60% when BotaniGard((R)) was used as prescribed by the label. When using 1-year old spores (refrigerated at 4 C), mortality rates for B. bassiana treatments were less than 20% and not significantly different from the controls. However, B. bassiana still affected the earthworms by slowing their development from juvenile",https://doi.org/10.7717/peerj.11101,0,doi
2081,rayyan-628420887,Biocontrol of strawberry fruit infected by Botrytis cinerea: Effects on the microbial communities on fruit assessed by next-generation sequencing,2018,"Cruz, Andre Freire;Barka, Geleta Dugassa;Sylla, Justine;Reineke, Annette",10.1111/jph.12700,"[""http://europepmc.org/abstract/AGR/IND605939303"", ""https://doi.org/10.1111/jph.12700""]",Journal of Phytopathology.,01-existing-products,01-existing-products,existing-products,Named commercial Bb product or registry/approval product record,wave1_narrow_signal,high,accepted,,"Fruit grey mould, caused by the fungus Botrytis cinerea, is known to be a harmful disease of strawberry at postharvest stage. However, effects of an application of biological control agents (BCAs) on strawberry fruit in terms of shift in the microbial community are still unknown. The present research aimed to investigate the effects of an application of BCAs on postharvest microbial populations present on strawberry fruits. Strawberry plants were sprayed with three kinds of BCA, RhizoVital 42 fl. (Bacillus amyloliquefaciens FZB42), Trianum-P (Trichoderma harzianum T22) and Naturalis (Beauveria bassiana ATCC 74040), targeting Botrytis cinerea fungus. Control plots were composed of water and fungicide treatments. Microbial communities (bacteria and fungi) were analysed via next-generation sequencing on an Illumina MiSeq. Analysis of 16S RNA and ITS rRNA sequences indicated that the BCAs application modified both bacterial and fungal community compositions and diversity. An application of two BCAs together had more effects on microbial community composition than a single application. These results suggest that BCAs can modify bacterial and fungal community composition and diversity on strawberry fruits, which may consequently improve the efficiency and establishment of these products on control of postharvest diseases of fruits, such as grey mould.",https://doi.org/10.1111/jph.12700,0,doi
5031,rayyan-628424226,"Biological control of Western flower thrips, Frankliniella occidentalis using a self-sustaining granular fungal treatment.",2021,Davari A;Parker BL;Sullivan CF;Ghalehgolabbehbahani A;Skinner M,10.1017/S0007485321000365,https://pubmed.ncbi.nlm.nih.gov/34134799/,Bulletin of entomological research,01-existing-products,01-existing-products,existing-products,Named commercial Bb product or registry/approval product record,wave1_narrow_signal,high,accepted,,"Western flower thrips (WFT), Frankliniella occidentalis, is one of the most destructive pests of vegetables, fruits and ornamental crops worldwide, causing extensive damage by direct feeding of the crop and transmitting economically important viruses. Despite the successes of biocontrol agents to control WFT, more efficient and cost-effective ways must be found to encourage grower adoption of integrated pest management. A sustainable fungal treatment was developed to preserve fungal inoculum in potting soil and reduce thrips populations. Combining cooked, oven-dried millet with BotaniGard((R)) (a commercial form of Beauveria bassiana strain GHA) to potting soil increased spore production and persistence of the fungus in the soil. In treated pots with millet, spore concentrations were 3-4 times greater after 30 days compared with spore yields at 10 days. The number of WFT adults was significantly lower in the marigold pots treated with GHA mix + millet than untreated controls, 12% and 10% in treated pots and 70% and 68% in untreated pots in sterile and non-sterile soil, respectively. Incorporation of millet in the potting mix enhanced the effect of the fungal treatments by providing a nutritive substrate on which the fungus could become established. This method is relatively inexpensive and easy for growers to use in greenhouses because granular formulations of B. bassiana are not commercially available.",https://doi.org/10.1017/S0007485321000365,0,doi
3719,rayyan-628422650,Biological control of greenhouse whitefly (Trialeurodes vaporariorum) with fungal insecticides,2003,"Siongers, C;Coosemans, J",,http://europepmc.org/abstract/MED/15149114,Communications in agricultural and applied biological sciences,01-existing-products,01-existing-products,existing-products,Named commercial Bb product or registry/approval product record,wave1_narrow_signal,high,accepted,,"The influence of the biological insecticide Botanigard (Beauveria bassiana) on different developmental stages of the greenhouse whitefly (Trialeurodes vaporariorum) has been tested and compared with the influence of Preferal (Paecilomyces fumosoroseus), also a biological product. Six experiments were set up to test the two products on eggs, which were four and seven days old, on larvae of the first, second/third and fourth stage and to test the effect on egg-deposition. These experiments were all conducted on cucumber. Egg-deposition was limited to a small area on the leaf by using leaf cages. To evaluate these tests the number of eggs or larvae developed to the next stage has been counted and compared to the total amount of eggs or larvae on the leaves. The results revealed that Botanigard has an effect on the larval stages. The first larval stage is most sensitive; the next stages have a decreasing sensitivity. There was no influence on the hatching of the eggs, but a treatment short before the hatching could have a residual effect on the new nymphs. When the treatment with Botanigard is performed shortly before a moult or a fungicide treatment, the efficacy of the product decreases significantly. The influence of Preferal on the greenhouse whitefly is, under the same circumstances, less obvious.",http://europepmc.org/abstract/MED/15149114,0,title
816,rayyan-628419511,"Biological control of the red flour beetle, Tribolium castaneum, using entomopathogenic fungi",2019,"Al-Zurfi, Sienaa Muslim Abid",,"[""http://europepmc.org/theses/ETH/820217"", ""https://ethos.bl.uk/OrderDetails.do?uin=uk.bl.ethos.820217""]",,01-existing-products,01-existing-products,existing-products,Named commercial Bb product or registry/approval product record,wave1_narrow_signal,high,accepted,,"In this project the factors influencing the efficacy of entomopathogenic fungi on Tribolium castaneum (Herbst.) were evaluated. Initially, the efficacy of commercial formulations of Beauveria bassiana (Naturalis-L), Metarhizium anisopliae (Met52) and Verticillium lecanii (Mycotal) was assessed with adults and different instar larvae of T. castaneum. Results showed that all fungi tested had a pathogenic impact on T. castaneum. Beauveria bassiana and M. anisopliae were more effective than V. lecanii at the concentrations tested. To investigate whether combining dsRNA with fungi would improve the performance against T. castaneum, low concentration fungal spore formulations of B. bassiana and M. anisopliae in combination with the dsRNA of the T. castaneum small conductance calcium-activated potassium channel protein (SK) and potassium voltage-gated channel protein Shaker (SH) genes were evaluated. The combined treatments (fungi and dsRNA) were more successful than fungi or dsRNA treatment alone. To assess the effects of quinones secreted by T. castaneum on infection by the fungi the effects of B. bassiana and M. anisopliae on T. castaneum adults were assessed with three different types of flour medium: fresh, ... (continues)",http://europepmc.org/theses/ETH/820217,0,title
1269,rayyan-628419994,"Biological response of chilli thrips, Scirtothrips dorsalis Hood (Thysanoptera: Thripidae), to various regimes of chemical and biorational insecticides",2010,"Seal, Dakshina R;Kumar, Vivek",10.1016/j.cropro.2010.07.011,"[""http://europepmc.org/abstract/AGR/IND44425198"", ""https://doi.org/10.1016/j.cropro.2010.07.011""]",Crop Protection,01-existing-products,01-existing-products,existing-products,Named commercial Bb product or registry/approval product record,wave1_narrow_signal,high,accepted,,"The chilli thrips Scirtothrips dorsalis (Hood) (Thysanoptera: Thripidae), a new invasive pest in the USA, is an economically important pest of certain vegetable, ornamental and fruit crops in southern and eastern Asia, Oceania and parts of Africa. These crops cannot be protected from the pest without resorting to the use of chemical insecticides. In order to forestall or delay the development of insecticide resistance in S. dorsalis, we continued our focus on the discovery of insecticides with different modes of action for rotational use. In this study we evaluated candidate insecticides to control S. dorsalis on 'Jalapeno' pepper, Capsicum annuum L.; these materials belong to different IRAC mode of action classes as follows: (i) 4A - neonicotinoids, i.e., imidacloprid, thiamethoxam and dinotefuran, (ii) 5 - spinosyns, i.e., spinosad and spinetoram, (iii) 3A - pyrethroids, i.e., -cyfluthrin, esfenvalerate, -cypermethrin and -cyhalothrin and (iv) 8D - borax mixed together with orange oil and detergents in the TriCon(R) formulation. In addition we evaluated the entomopathogenic fungus, Beauveria bassiana (Botanigard(R)) alone and in combination with the borax formulation at 12 of their usual rates of application. Each of the 3 neonicotinoid insecticides when applied either as a single foliar spray or as a soil drench significantly suppressed both adults and larvae for at least 10 days; indeed imidacloprid did so for 15 days. Dinotefuran was more effective as a foliar spray than a",https://doi.org/10.1016/j.cropro.2010.07.011,0,doi
5000,rayyan-628424135,Biopolymer-Based Formulations of Beauveria bassiana for Biological Control of the Cabbage Whitefly (Aleyrodes proletella).,2026,Spasova M;Chervenkova E;Stoeva A;Petkova M;Stoilova O,10.3390/pathogens15050524,https://pubmed.ncbi.nlm.nih.gov/42198650/,"Pathogens (Basel, Switzerland)",01-existing-products,01-existing-products,existing-products,Named commercial Bb product or registry/approval product record,wave1_narrow_signal,high,accepted,,"Whiteflies, including Aleyrodes proletella, are major agricultural pests which cause significant yield losses through direct feeding damage and virus transmission. The entomopathogenic fungus Beauveria bassiana is a promising alternative to synthetic insecticides. However, its field performance is often constrained by environmental sensitivity and limited formulation stability. In this study, biopolymer-based suspensions incorporating B. bassiana strain 730 were developed using chitooligosaccharide (COS) and 2-hydroxyethyl cellulose (HEC) as biodegradable carriers. Rheological analysis showed increased viscosity upon fungal incorporation (from 75 to 226 cP for COS and from 250 to 354 cP for HEC), indicating effective interaction between the polymer matrices and fungal conidia. Scanning electron microscopy confirmed uniform dispersion and physical entrapment of fungal structures, while microbiological assays demonstrated preserved viability and sporulation capacity. Bioassays against eggs and nymphs of A. proletella revealed a clear time-dependent response, with limited efficacy after 24 h but substantial increases by day 3. The unformulated fungal suspension achieved 93.0% efficacy, while COS/B. bassiana and HEC/B. bassiana formulations reached 84.6% and 76.1%, respectively, comparable to the commercial product Naturalis((R)) (87.2%). Polymer solutions applied alone exhibited significantly lower activity. These results demonstrate that biopolymer-based formulations, particular",https://doi.org/10.3390/pathogens15050524,0,doi
465,rayyan-628415866,Characterization of the synergistic interaction between Beauveria bassiana strain GHA and Bacillus thuringiensis morrisoni strain tenebrionis applied against Colorado potato beetle larvae,2017,"Wraight, S.P.;Ramos, M.E.",10.1016/j.jip.2017.01.007,https://app.dimensions.ai/details/publication/pub.1017099022,Journal of Invertebrate Pathology,01-existing-products,01-existing-products,existing-products,Named commercial Bb product or registry/approval product record,wave1_narrow_signal,high,accepted,,"Studies were undertaken to further characterize the previously identified synergistic activity of Bacillus thuringiensis- and Beauveria bassiana-based biopesticides against Colorado potato beetle (CPB). A flowable concentrate of B. thuringiensis morrisoni strain tenebrionis (Bt) (Novodor(R) FC) and a wettable powder of B. bassiana strain GHA (Bb) (Mycotrol(R) 22WP) were applied against CPB larval populations infesting potato in field plots. Novodor FC and an oil-dispersion formulation of Bb (Mycotrol ES) were applied against second-instar CPB larvae on potted potato plants in greenhouse tests under low relative humidity (RH), variable-temperature conditions. Each pathogen was applied alone and in combination (tank-mixed) with the other pathogen. In the field tests, each biopesticide was also combined with the spray-carrier (formulation without active ingredient) of the other pathogen. Results from the greenhouse tests showed that under warm, dry conditions, low activity of Mycotrol was counterbalanced by high activity of the Novodor, and under cool, somewhat more humid conditions, low Novodor activity was balanced by high activity of Mycotrol, with the result being a constant level of synergism (CPB mortality ca. 20 percentage points higher than predicted by independent action). Similar levels of synergism were observed under the markedly different conditions of the field and greenhouse environments, and the synergism was confirmed as arising from interaction of the two micobes,",https://doi.org/10.1016/j.jip.2017.01.007,0,doi
3659,rayyan-628422583,"Comparative toxicity of botanical and reduced-risk insecticides to Mediterranean populations of Tetranychus urticae and Phytoseiulus persimilis (Acari Tetranychidae, Phytoseiidae)",2008,"Duso, Carlo;Malagnini, Valeria;Pozzebon, Alberto;Castagnoli, Marisa;Liguori, Marialivia;Simoni, Sauro",10.1016/j.biocontrol.2008.06.011,"[""http://europepmc.org/abstract/AGR/IND44106031"", ""https://doi.org/10.1016/j.biocontrol.2008.06.011""]",Biological Control.,01-existing-products,01-existing-products,existing-products,Named commercial Bb product or registry/approval product record,wave1_narrow_signal,high,accepted,,"The two-spotted spider mite Tetranychus urticae and its predator Phytoseiulus persimilis are widely spread throughout the Mediterranean area. Predator-prey interactions in crops may be affected by pesticides used to control other pests, and thus knowledge of pesticide side-effects is essential when managing spider mite populations following integrated pest management (IPM). Toxicological studies evaluating the effects of pesticides on both predator and prey can better predict their impact on mite communities. The botanical and reduced-risk insecticides recommended for the control of aphids, whiteflies and thrips, Biopiren(R) plus (pyrethrins), Confidor(R) (imidacloprid), Naturalis(R) (Beauveria bassiana), Oikos(R) (azadirachtin), Plenum(R) (pymetrozine) and Rotena(R) (rotenone) were evaluated on T. urticae and P. persimilis females in the laboratory. Mite populations were collected on unsprayed vegetables in the Mediterranean area (island of Sardinia). Mite females were treated by micro-immersion and then reared on treated leaves in holding cells. The survival, fecundity and fertility of mites were assessed. All the products affected mite survival and/or fecundity. Pyrethrins and rotenone were more toxic to P. persimilis than to T. urticae; azadirachtin, B. bassiana and pymetrozine showed an opposite tendency. Imidacloprid had a similar impact on predator and prey. Additional toxicological trials were conducted with T. urticae and P. persimilis eggs. Beauveria bassiana was the most effec",https://doi.org/10.1016/j.biocontrol.2008.06.011,0,doi
502,rayyan-628415946,Comparative virulence of Beauveria bassiana isolates against lepidopteran pests of vegetable crops,2010,"Wraight, S.P.;Ramos, M.E.;Avery, P.B.;Jaronski, S.T.;Vandenberg, J.D.",10.1016/j.jip.2010.01.001,https://app.dimensions.ai/details/publication/pub.1024587495,Journal of Invertebrate Pathology,01-existing-products,01-existing-products,existing-products,Named commercial Bb product or registry/approval product record,wave1_narrow_signal,high,accepted,,"Forty-three isolates of the entomopathogenic fungus Beauveria bassiana were screened for virulence against second-instar larvae of diamondback moth (Plutella xylostella) (DBM), European corn borer (Ostrinia nubilalis) (ECB), corn earworm (Helicoverpa zea) (CEW), and fall armyworm (Spodoptera frugiperda) (FAW); 30 of these isolates were tested against beet armyworm (Spodoptera exigua) (BAW). Highly virulent isolates were also tested against black cutworm (Agrotis ipsilon) (BCW), and the most virulent isolate was also assayed against imported cabbage worm (Pieris rapae) (ICW) and cabbage looper (Trichoplusia ni) (CL). All lepidopteran species tested were susceptible to B. bassiana. Corn earworm and beet armyworm were most susceptible to fungal infection, and fall armyworm was least susceptible. Limited testing suggested low susceptibility of black cutworm and cabbage looper. B. bassiana isolate 1200 exhibited virulence against all pest species greater than or equal to commercial strain GHA of B. bassiana currently registered in the USA as BotaniGard. In assays in which larvae were topically sprayed and maintained on the treated substrate for 24h at 100% relative humidity, 6-day (25 degrees C) median lethal concentrations (LC(50)s) of this isolate against CEW, BAW, DBM, FAW, ICW, ECB, CL, and BCW were 4, 5, 7, 11, 12, 98, 125, and 273 conidia/mm(2), respectively. The respective LC(50)s of commercial strain GHA against these pest species were 9, 67, 97, 1213, 29, 1668, 541, and 3",https://doi.org/10.1016/j.jip.2010.01.001,0,doi
468,rayyan-628415877,Comparison of cauliflower-insect-fungus interactions and pesticides for cabbage root fly control,2017,"Razinger, Jaka;Zerjav, Metka;Zemljic-Urbancic, Meta;Modic, Spela;Lutz, Matthias;Schroers, Hans-Josef;Grunder, Jurg;Fellous, Simon;Urek, Gregor",10.1111/1744-7917.12534,https://app.dimensions.ai/details/publication/pub.1091397196,Insect Science,01-existing-products,01-existing-products,existing-products,Named commercial Bb product or registry/approval product record,wave1_narrow_signal,high,accepted,,"Cabbage root fly (Delia radicum L.) control represents a major challenge in brassica production, therefore different management strategies for its control were tested in conventionally managed open field cauliflower production. Strategies included treatments with low-risk methods such as nitrogen lime, the insecticide spinosad and the Beauveria bassiana ATCC 74040-based biopesticide Naturalis. Their effects were compared with treatments based on nonformulated fungal species Metarhizium brunneum, B. bassiana, Clonostachys solani, Trichoderma atroviride, T. koningiopsis, and T. gamsii and commercial insecticides -cyhalothrin and thiamethoxam. Spinosad and thiamethoxam were pipetted to individual plants before transplanting; -cyhalothrin was sprayed after transplanting; nitrogen lime was applied at first hoeing. Nonformulated fungi were delivered onto cauliflower plantlets' roots as a single pretransplantation inoculation. The cabbage root fly population dynamics exhibited a strong spatiotemporal variation. The lowest number of cabbage root fly pupae recovered from cauliflower roots in the field experiments was recorded in plants treated with spinosad (significant reduction), followed by Naturalis and one of the tested M. brunneum strains (nonsignificant reduction). Significantly more pupae were counted in the nitrogen lime treatment. The field experiments showed that a single drench of cauliflower plantlets with spinosad offered consistent and enduring cabbage root fly contro",https://doi.org/10.1111/1744-7917.12534,0,doi
2791,rayyan-628421696,Comparisons of ecorational and chemical insecticides against crucifer flea beetle (Coleoptera: Chrysomelidae) on canola,2007,"Antwi, FB;Olson, DL;Carey, DR",10.1603/0022-0493(2007)100[1201:coeaci]2.0.co;2,"[""http://europepmc.org/abstract/MED/17849871"", ""https://scholarworks.montana.edu/bitstreams/5c9960fe-b204-4348-ad9c-72ddf1e83e94/download""]",Journal of economic entomology,01-existing-products,01-existing-products,existing-products,Named commercial Bb product or registry/approval product record,wave1_narrow_signal,high,accepted,,"Studies were done comparing the insecticides SpinTor (spinosad), BotaniGard (Beauveria bassiana), Neemix (azadirachtin), and Surround (kaolin, a clay) with conventional chemical insecticides Capture (bifenthrin) and Helix XTra (thiamethoxam), all applied at seven rates in a 7-d assay to assess their impact on adult crucifer flea beetle, Phyllotreta cruciferae (Goeze) (Coleoptera: Chrysomelidae). Lethal time (LT) required for 25, 50, and 75% mortality (LT25, LT50, and LT75) and relative potencies for the insecticide concentration groupings (0, 1X-1.5X, and 2X- 4X) were estimated for each treatment by using survival functions. P. cruciferae mortality increased in response to increasing concentrations, especially for Helix XTra, Capture and SpinTor. After 2 d of exposure in 2002, mortality ranged from 54 to 78% for Helix XTra, from 60 to 94% for Capture, and from 66 to 92% for SpinTor across concentrations. In 2003, flea beetle mortality ranged from 37 to 60%, from 29 to 63%, and from 23 to 52% on exposure to Helix XTra, Capture, and SpinTor, respectively, for 2 d. The LT50 and relative potencies of the insecticides were in the order of Helix XTra, Capture, and SpinTor BotaniGard, Neemix, and Surround. In 2002, LT50 values were 1 and 2 d for Capture and SpinTor, 2 d for BotaniGard, and 3 d for Neemix and Surround. In 2003, LT50 values occurred between 2 and 4 d after exposure to Helix XTra, Capture, and SpinTor, with LT50 values of 5-7 d on exposure to BotaniGard, Neemix, and",https://doi.org/10.1603/0022-0493(2007)100[1201:coeaci]2.0.co;2,0,doi
216,rayyan-628415426,Compatibility among entomopathogenic hyphocreales and two beneficial insects used to control Trialeurodes vaporariorum (Hemiptera: Aleurodidae) in Mediterranean greenhouses,2011,"Hamdi, Faten;Fargues, Jacques;Ridray, Gilles;Jeannequin, Benoit;Bonato, Olivier",10.1016/j.jip.2011.05.018,https://app.dimensions.ai/details/publication/pub.1042242650,Journal of Invertebrate Pathology,01-existing-products,01-existing-products,existing-products,Named commercial Bb product or registry/approval product record,wave1_narrow_signal,high,accepted,,"The effect of the combined use of Encarsia formosa or Macrolophus caliginosus and one of three marketed mycoinsecticides, Mycotal(R) (Leucanicillium muscarium-based), Naturalis-LTM (Beauveria bassiana-based) and PreFeRal(R) (Isaria fumosorosea-based), on the control of the whitefly, Trialeurodes vaporariorum, was studied under laboratory and greenhouse conditions. The results of both types of tests, the bioassays and the greenhouse trials, for all combinations of E. Formosa with each of the three mycoinsecticides showed that the total mortality of larval populations of T. vaporariorum was not affected. The mortality of T. vaporariorum larvae treated in the second instar revealed the capacity for both B. bassiana- and L. muscarium-based formulations and E. formosa to kill the host either separately or in association. Because of its higher pathogenic activity (under our test conditions), L. muscarium provoked a large proportion of mycoses in larvae exposed to parasitization. In contrast, the efficacy of parasitization was higher in larvae treated with B. bassiana and exposed to E. formosa because of a lower pathogenic activity of the fungus. Bioassays carried out with third-instar larvae of T. vaporariorum showed a low susceptibility to both tested fungi. Consequently, mortalities recorded in larvae subjected to the combined treatments by consecutive exposures or at 2-4 days post-parasitization were mainly caused by the development of the parasitoid. Greenhouse trials showed that fu",https://doi.org/10.1016/j.jip.2011.05.018,0,doi
2620,rayyan-628421473,Compatibility of Beauveria bassiana with fungicides in vitro and on zucchini plants infested with Trialeurodes vaporariorum,2017,"Roberti, Roberta;Righini, Hillary;Masetti, Antonio;Maini, Stefano",10.1016/j.biocontrol.2017.06.006,"[""http://europepmc.org/abstract/AGR/IND605734927"", ""https://doi.org/10.1016/j.biocontrol.2017.06.006""]",Biological Control.,01-existing-products,01-existing-products,existing-products,Named commercial Bb product or registry/approval product record,wave1_narrow_signal,high,accepted,,"The effect of fungicides on the entomopathogenic fungus Beauveria bassiana strain ATCC 74040 (Naturalis(R)) was evaluated in vitro and in vivo. The formulated fungicides Cantus(R) (boscalid), Frupica (mepanipyrim), Galben (benalaxyl), Melody(R) Compact (iprovalicarb+Cu oxychloride), OracleTM (fenamidone+Cu), Prosper(R) 300 CS (spiroxamine), Signum(R) (boscalid+pyraclostrobin), Switch(R) (cyprodinil+fludioxonil) and Talendo(R) (proquinazid) were tested on fungal colony growth from 10 field dose (10FD) to 104FD. Each product mixed with Naturalis at FD was also tested against Trialeurodes vaporariorum on zucchini plants. Fungal colony growth was not affected by Cantus, Galben, Melody Compact, Oracle and Talendo at FD, while Frupica and Prosper 300 CS reduced colony growth by 9.7% and 6.9%, respectively. All these products did not inhibit the activity of B. bassiana on whiteflies at FD. On the contrary, Signum and Switch significantly inhibited colony growth at all doses and reduced the entomopathogenic activity on whiteflies when applied in mixture with B. bassiana. The toxic effect of both fungicides on B. bassiana persisted for 10days after treatments, with a 91.2% reduction in nymph mortality in comparison to control for Signum and 87.4% for Switch. The mode of action of their active ingredients, boscalid, pyraclostrobin, cyprodinil and fludioxonil, individually and in mixture (boscalid+pyraclostrobin and cyprodinil+fludioxonil), was studied on fungal colony growth, spore germination, germ",https://doi.org/10.1016/j.biocontrol.2017.06.006,0,doi
4212,rayyan-628423157,Compatibility of an entomopathogenic fungus with a predator and a parasitoid in the biological control of greenhouse whitefly,2009,"Labbe, RM;Gillespie, DR;Coutier, C;Brodeur, J",10.1080/09583150902803229,"[""http://europepmc.org/abstract/AGR/IND44220058"", ""https://doi.org/10.1080/09583150902803229""]",Biocontrol science and technology.,01-existing-products,01-existing-products,existing-products,Named commercial Bb product or registry/approval product record,wave1_narrow_signal,high,accepted,,"An ongoing debate in biological control consists of whether interference between biological agents can disrupt pest control. This study investigated the outcome of interactions between the entomopathogen Beauveria bassiana with the whitefly predator Dicyphus hesperus and the parasitoid Encarsia formosa, as well as their effect on the control of the greenhouse whitefly Trialeurodes vaporariorum on greenhouse tomato crops. Our objective was to determine whether the generalist B. bassiana would disrupt biological control by interfering with D. hesperus or E. formosa. In experimental greenhouses, whitefly, parasitoid and predator populations were established, and over 27 days, tomato plants were sprayed with three applications of the B. bassiana based product BotaniGard (5.13x10(3) conidia/mm2) or water (control). Populations of greenhouse whitefly and biological control organisms were regularly monitored in control and B. bassiana-treated compartments. Overall, 10.6% of all whiteflies in treated compartments were infected, and 0.98% were both infected and parasitized. There were 31.7 and 22.3% fewer immature and adult whiteflies, respectively, on B. bassiana-treated plants relative to controls. Parasitism by E. formosa and predation by D. hesperus occurred at rates of 7.5 and 2.5%, respectively, in B. bassiana-treated compartments, and 5 and 6%, respectively in control compartments. Our study suggests that applications of B. bassiana for short-term biological control of greenhou",https://doi.org/10.1080/09583150902803229,0,doi
2469,rayyan-628421299,Compatibility of endophytic fungal entomopathogens with plant extracts for the management of sweetpotato whitefly Bemesia tabaci Gennadius (Homoptera: Aleyrodidae),2018,"Jaber, Lara R;Araj, Salah-Eddin;Qasem, Jamal R",10.1016/j.biocontrol.2017.11.009,"[""http://europepmc.org/abstract/AGR/IND605912523"", ""https://doi.org/10.1016/j.biocontrol.2017.11.009""]",Biological Control.,01-existing-products,01-existing-products,existing-products,Named commercial Bb product or registry/approval product record,wave1_narrow_signal,high,accepted,,"The effects of individual and combined application of endophytic fungal entomopathogens (Beauveria bassiana strain NATURALIS and Metarhizium brunneum strain BIPESCO5) and aqueous extracts of two medicinal plants (Calotropis procera and Inula viscosa) on the survival and development of the sweetpotato whitefly (Bemisia tabaci) were investigated for the first time. Brassica oleracea was inoculated through foliar spray of plants with the conidial suspension of fungal strains, and the endophytic colonization of different plant parts (leaf, stem, and root) was confirmed 7 days post-inoculation (7 dpi); when B. tabaci adults were introduced into plants and prior to plant extract application. 48 h later, whitefly adults were removed and the egg bearing leaves of respective treatments were sprayed with aqueous plant extracts. Although all treatments had a significant negative effect on the survival of different B. tabaci developmental stages compared to control, an increase in percentage mortality among all developmental stages was consistently observed when combined applications of endophytic entomopathogenic fungi and aqueous plant extracts were used; irrespective of fungal strain or plant extract. However, the increase was not always additive. Combined application of endophytic entomopathogenic fungi and plant extracts had an additive effect on mortality of nearly all whitefly developmental stages when endophytic B. bassiana was applied with C. procera extract. On the other hand,",https://doi.org/10.1016/j.biocontrol.2017.11.009,0,doi
728,rayyan-628419417,"Control of the Banded Fruit Weevil, Phlyctinus callosus (Schonherr) (Coleoptera: Curculionidae), Using Entomopathogenic Fungi",2020,"Dlamini, BE;Malan, AP;Addison, P",,http://europepmc.org/abstract/AGR/IND606976509,African entomology,01-existing-products,01-existing-products,existing-products,Named commercial Bb product or registry/approval product record,wave1_narrow_signal,high,accepted,,"Phlyctinus callosus (Schonherr) (Coleoptera: Curculionidae), the banded fruit weevil (BFW), is a sporadic pest, causing damage to fruits, leaves and roots of deciduous fruits and grapevines in the Western Cape Province. Using trunk barriers to prevent the flightless weevils from reaching the leaves and fruits is labour-intensive. Entomopathogenic fungi (EPF) are effective biocontrol agents for the control of soil-borne and above-ground insect pests. Different EPF isolates were screened at 1 106 conidia/ml for virulence against different life stages (larvae, pupae and adults) of the BFW. The results indicated that unformulated, laboratory-cultured Beauveria bassiana 1 (Broadband(R)) and Metarhizium anisopliae 1 (Meta 69(R)) resulted in significantly higher BFW larval mortality of 97 % and 93 %, respectively, than B. bassiana 2 (Eco-Bb(R)) with 58 % mortality. Beauveria bassiana 1 (92 %) resulted in significantly higher pupal mortality than B. bassiana 2 (68 %) and M. anisopliae 1 (66 %). Beauveria bassiana 1 caused 90 % adult BFW mortality, which differed significantly from that obtained with B. bassiana 2 (69 %) and M. anisopliae 1 (65 %). A local EPF isolate (EA2) was compared with the commercial EPF isolates, and B. bassiana 1 (92 %) again caused significantly higher mortality of BFW adults compared to B. bassiana 2 (65 %), M. anisopliae 1 (60 %) and M. anisopliae isolate EA2 (64 %). In a sand bioassay using final instar BFW larvae, B. bassiana 1 (85 %) resulted in higher morta",http://europepmc.org/abstract/AGR/IND606976509,0,title
1621,rayyan-628420380,Delayed efficacy of Beauveria bassiana foliar spray applications against Colorado potato beetle: Impacts of number and timing of applications on larval and next-generation adult populations,2015,"Wraight, SP;Ramos, ME",10.1016/j.biocontrol.2014.12.019,"[""http://europepmc.org/abstract/AGR/IND605328859"", ""https://doi.org/10.1016/j.biocontrol.2014.12.019""]",Biological Control.,01-existing-products,01-existing-products,existing-products,Named commercial Bb product or registry/approval product record,wave1_narrow_signal,high,accepted,,"Spray programs comprising multiple or single foliar applications of the fungal pathogen Beauveria bassiana strain GHA (Bb-GHA) made during morning (AM) vs. evening (PM) hours were tested against Colorado potato beetle Leptinotarsa decemlineata (CPB) in small research plots of potatoes over multiple field seasons, and efficacy against larval and first-generation adult populations was evaluated. The pathogen (formulated as BotaniGard WP(R)) was applied at the rate of 2.51013 conidia in a spray volume of 468-480Lperha. Modes of efficacy were investigated by collecting pre-pupal larvae and holding them in soil cages in the field and laboratory. Results revealed that larval control achievable with multiple-spray programs was poor regardless of environmental moisture conditions, but that emerging adult populations were reduced by an average of 80% (range 58-93%) relative to control populations. Programs comprising a single application of Bb targeted against late-instar larvae reduced adult populations by an average of 60% (range 36-75%). Overall mean differences in efficacy of PM vs. AM applications were not significant in terms of larval control and defoliation damage. Emergence of next-generation adults was significantly lower in the PM vs. AM treatments, but differences were small in terms of percent control. Average yields from the Bb-GHA multiple-spray programs were 18% greater than those from the controls; the mean 5% increase resulting from the Bb-GHA single-spray programs wa",https://doi.org/10.1016/j.biocontrol.2014.12.019,0,doi
448,rayyan-628415835,Direct plantlet inoculation with soil or insect-associated fungi may control cabbage root fly maggots,2014,"Razinger, Jaka;Lutz, Matthias;Schroers, Hans-Josef;Palmisano, Marilena;Wohler, Christian;Urek, Gregor;Grunder, Jurg",10.1016/j.jip.2014.05.006,https://app.dimensions.ai/details/publication/pub.1047097238,Journal of Invertebrate Pathology,01-existing-products,01-existing-products,existing-products,Named commercial Bb product or registry/approval product record,wave1_narrow_signal,high,accepted,,"A potential Delia radicum biological control strategy involving cauliflower plantlet inoculation with various fungi was investigated in a series of laboratory and glasshouse experiments. In addition to entomopathogenic fungi, fungi with a high rhizosphere competence and fungi with the ability to survive as saprotrophs in soil were tested. The following fungal species were evaluated in the experiments: Trichoderma atroviride, T. koningiopsis, T. gamsii, Beauveria bassiana, Metharhizium anisopliae, M. brunneum and Clonostachys solani. A commercial carbosulfan-based insecticide was used as a positive control. Additionally, two commercial products, one based on B. bassiana (Naturalis) and one on Bacillus thuringiensis (Delfin) were used as reference biocontrol agents. The aims were (i) to assess the pathogenicity of the selected fungal isolates to Delia radicum, (ii) to evaluate the fungal isolates' rhizosphere competence, with the emphasis on the persistence of the original inoculum on the growing roots, (iii) to assess possible endophytic plant tissue colonization, and (iv) to evaluate potential plant growth stimulating effects of the added inoculi. Significant pathogenicity of tested fungi against Delia radicum was confirmed in in vitro and glasshouse experiments. All tested fungi persisted on cauliflower rhizoplane. More importantly, the added fungi were found on thoroughly washed roots outside the original point of inoculation. This provided us with evidence that our tested",https://doi.org/10.1016/j.jip.2014.05.006,0,doi
305,rayyan-628415572,Do hydraulic pumps and filters of sprayers influence the viability of Beauveria bassiana based mycoinsecticide Botanigard(R)?,2024,"Beltran-Marti, Roberto;Garcera, Cruz;Cuquerella, Jaime J;Catala-Senent, Laura;Izquierdo-Sanz, Hector;Garrido-Jurado, Inma;Chueca, Patricia",,http://europepmc.org/abstract/AGR/IND608317011,Crop Protection,01-existing-products,01-existing-products,existing-products,Named commercial Bb product or registry/approval product record,wave1_narrow_signal,high,accepted,,"Entomopathogenic fungi are promising biocontrol agents for pest management, but they could be sensitive to application methods. Sprayers, used for both fungal and chemical products, can potentially harm the fungal propagules. This study investigated the impact of common hydraulic pumps (piston and diaphragm) on the viability of Beauveria bassiana Vuillemin (Ascomycota: Hyprocreales) based mycoinsecticide Botanigard(R) in the spray mixture. It also aimed to determine the optimal filter mesh size for the system to prevent clogging during application. The results showed significant reduction in conidial germination percentages with increasing number of passes through both types of pumps. However, in both cases the decrease was around 4% with a 90% of conidial germination which may be high enough to control the pest. The temperature of the mixture increased with the number of passes through the pumps, but it remained within the suitable range for fungal growth. When it came to filter clogging, the 32-mesh filter did not clog, the 50-mesh had a low clogging percentage, and the 80-mesh filters had higher clogging percentages (18% for suction filter and 56% for impulsion filter) after 30 passes through the system. As a conclusion, hydraulic pumps are suitable to apply B. bassiana based mycoinsecticide Botanigard(R), but temperature control should be taken into account to prevent conidia damage. Using 32-mesh filters for both suction and impulsion is recommended to prevent clogging issue",http://europepmc.org/abstract/AGR/IND608317011,0,title
303,rayyan-628415563,Dual Action of Beauveria bassiana (Hypocreales; Cordycipitaceae) Endophytic Stains as Biocontrol Agents against Sucking Pests and Plant Growth Biostimulants on Melon and Strawberry Field Plants,2022,"Mantzoukas, Spiridon;Daskalaki, Eufrosini;Kitsiou, Foteini;Papantzikos, Vasileios;Servis, Dimitrios;Bitivanos, Stergios;Patakioutas, George;Eliopoulos, Panagiotis A",10.3390/microorganisms10112306,"[""http://europepmc.org/abstract/MED/36422376"", ""https://www.mdpi.com/2076-2607/10/11/2306/pdf?version=1669110959""]",Microorganisms,01-existing-products,01-existing-products,existing-products,Named commercial Bb product or registry/approval product record,wave1_narrow_signal,high,accepted,,"Entomopathogenic fungi (EPF) can colonize plant tissues and serve crops not only as biopesticides but also as biostimulants that promote plant growth and trigger defense mechanisms. In this context, field trials were conducted evaluating two commercial strains of the entomopathogen Beauveria bassiana (Hypocreales: Cordycipitaceae), GHA (Botanigard) and PPRI 5339 (Velifer(R) ES) and a wild strain (AP0101) isolated from Achaia, Greece. The three strains were investigated in the field for their endophytic effects on melon Cucumis melo (Cucurbitales: Cucurbitaceae) and strawberry Fragaria sp. (Rosales: Rosaceae) plants and in particular for their ability to colonize plant tissues, control infestations of sucking insects Aphis gossypii (Hemiptera: Aphididae), Chaetosiphon fragaefolii (Hemiptera: Aphididae) and Frankliniella occidentalis (Thysanoptera: Thripidae), and improve plant growth parameters (plant height, number of flowers and fruits). All experimental fungal strains successfully colonized both plants. A significant decrease in the aphid and thrip populations was observed in the treated plants compared to the untreated control. As for plant growth, the number of flowers and fruits was significantly increased in plants treated with B. bassiana strains AP0101 and PPRI 5339. Our results clearly indicate that fungal endophytes can efficiently act as dual action agents demonstrating both insecticidal and growth-promoting",https://doi.org/10.3390/microorganisms10112306,0,doi
4781,rayyan-628423732,Effect of air humidity on the infection potential of hyphomycetous fungi as Mycoinsecticides for Trialeurodes vaporariorum,2003,"Vidal, C;Fargues, J;Rougier, M;Smits, N",10.1080/0958315021000073457,"[""http://europepmc.org/abstract/AGR/IND43646757"", ""https://doi.org/10.1080/0958315021000073457""]",Biocontrol science and technology.,01-existing-products,01-existing-products,existing-products,Named commercial Bb product or registry/approval product record,wave1_narrow_signal,high,accepted,,"Two commercial mycoinsecticides, 'Mycotal', based on Verticillium lecanii and 'Naturalis-L', on Beauveria bassiana, were used at dosages recommended by manufacturers to examine effects of a range of medium and high humidities on infection towards Trialeurodes vaporariorum. Two series of bioassays were carried out using special devices. In one series, a non-excised bean leaf was sandwiched in order to create a chamber above the whitefly-infected area. In another series, three potted whole bean plants were maintained in an airtight plastic box. In both series, conducted at 25 degrees C, relative humidity (RH) was controlled by injecting a circulating constant flow of humidity-regulated air which had passed over a salt solution used to maintain targeted air humidity levels (ranging from 53 to 98.5 and 75 to 98.5% RH, respectively). Microclimatic measurements demonstrated that non-excised leaves significantly increased the air humidity in the air circulating in the immediate environment of the leaf surface as well as that of the whole plant. In the first series of assays under all RH conditions tested (from 70 to 98% RH after passage above the leaves), both mycoinsecticides induced high mortality rates (92-100%). The fungal effect occurred early, since at least 70% of whiteflies died as second instars, before the next molt occurred. Fungus-induced mortality appeared to be independent of the expected humidity level. In the second series of assays, mortality rates were high (98-100",https://doi.org/10.1080/0958315021000073457,0,doi
1892,rayyan-628420676,Effect of seed treatment duration on growth and colonization of Vicia faba by endophytic Beauveria bassiana and Metarhizium brunneum,2016,"Jaber, Lara R;Enkerli, Juerg",10.1016/j.biocontrol.2016.09.008,"[""http://europepmc.org/abstract/AGR/IND605840169"", ""https://doi.org/10.1016/j.biocontrol.2016.09.008""]",Biological Control.,01-existing-products,01-existing-products,existing-products,Named commercial Bb product or registry/approval product record,wave1_narrow_signal,high,accepted,,"The effect of increased duration of seed treatment with two fungal entomopathogens, Beauveria bassiana (NATURALIS) and Metarhizium brunneum (BIPESCO5), on the growth and colonization of broad bean (Vicia faba) was assessed in two replicate greenhouse experiments. The plants were inoculated by soaking seeds in a concentration of 1107conidiaml1 of each of the two fungal strains or in sterile distilled water containing 0.1% Tween 80 for 2, 8, and 16h. Percent seed germination and seedling emergence as well as primary root length were determined seven days post inoculation. Effects of fungal strain and seed treatment duration on plant height, number of leaf pair, fresh root and shoot weight were measured 14 and 28days post inoculation. Seed treatment with either fungal strain significantly enhanced almost all measured plant growth parameters. Overall, plant growth was also significantly enhanced as seed treatment duration increased; irrespective of fungal strain. Percent colonization of different plant parts (root, leaf, and stem) sampled 14 and 28days post inoculation increased as the duration of seed treatment increased as well. The increase in colonization rate due to increased seed treatment duration varied significantly among plant parts, but not among both sampling dates. Our study demonstrates that M. brunneum can systemically colonize different plant parts and improve plant growth when applied as a seed treatment. This was also confirmed for the well-known endophytic B.",https://doi.org/10.1016/j.biocontrol.2016.09.008,0,doi
490,rayyan-628415920,Effects of Biorational Pesticides on Four Coccinellid Species (Coleoptera: Coccinellidae) having Potential as Biological Control Agents in Interiorscapes,2000,"Smith, S. F.;Krischik, V. A.",10.1603/0022-0493-93.3.732,https://app.dimensions.ai/details/publication/pub.1020467884,Journal of Economic Entomology,01-existing-products,01-existing-products,existing-products,Named commercial Bb product or registry/approval product record,wave1_narrow_signal,high,accepted,,"The direct toxicity of insecticidal soap, horticultural oil, Azatin, an extract from the Neem tree containing azadiractin, and BotainiGard, a commercial formulation of the entomopathogenic fungus Beauveria bassiana, was assessed on adults of four species of coccinellids--Hippodamia convergens (Guerin-Meneville), Coleomegilla maculata (DeGeer), Harmonia axyridis Pallas, and Cryptolaemus montrouzieri Mulsant. All biorationals caused less mortality than a conventional pesticide, carbaryl (Sevin). Horticultural oil (Sunspray ultrafine oil) consistently had no effect on beetle survivorship. Insecticidal soap (M-Pede) significantly reduced survival in all replicates for C. maculata and in at least one of the three replicates for the other three coccinellid species. Beauveria bassiana (BotaniGard) significantly reduced survival of C. montrouzieri at 72 h after spray in all three replicates. Azatin reduced survivorship in only one species, C. maculata, in only one of the three replicates.",https://doi.org/10.1603/0022-0493-93.3.732,0,doi
4974,rayyan-628424076,Effects of Chemical Insecticide Residues and Household Surface Type on a Beauveria bassiana-Based Biopesticide (Aprehend((R))) for Bed Bug Management.,2021,Shikano I;Bellicanta GS;Principato S;Jenkins NE,10.3390/insects12030214,https://pubmed.ncbi.nlm.nih.gov/33802315/,Insects,01-existing-products,01-existing-products,existing-products,Named commercial Bb product or registry/approval product record,wave1_narrow_signal,high,accepted,,"The biopesticide Aprehend, containing spores of the entomopathogenic fungus Beauveria bassiana, is a biological control agent for the management of the common bed bug (Cimex lectularius L.) (Hemiptera: Cimicidae). The spores are applied in strategically placed barriers, which bed bugs walk across as they search for a bloodmeal. Application of chemical insecticides by the general public and professional pest managers is common, which means that Aprehend may be sprayed on existing insecticide residues. We evaluated the effect of chemical residues, of 22 different chemical insecticides on different household surface types. We found that residues from 12 chemical pesticides significantly reduced spore viability measured 5 weeks after application in comparison to the control. However, efficacy of Aprehend, as measured by bed bug mortality and mean survival time after exposure to sprayed surfaces, seven weeks after application was not impacted detrimentally. Furthermore, in some cases, efficacy of old chemical residues was enhanced by the combination of chemical and Aprehend seven weeks after application. Surface type also played a role in the relative efficacy of all products and combinations, particularly as the residues aged.",https://doi.org/10.3390/insects12030214,0,doi
1666,rayyan-628420426,Effects of different Beauveria bassiana isolates on field populations of Lygus lineolaris in pigweed (Amaranthus spp.),2006,"Leland, JE;McGuire, MR",10.1016/j.biocontrol.2006.08.005,"[""http://europepmc.org/abstract/AGR/IND43862193"", ""https://doi.org/10.1016/j.biocontrol.2006.08.005""]",Biological Control.,01-existing-products,01-existing-products,existing-products,Named commercial Bb product or registry/approval product record,wave1_narrow_signal,high,accepted,,"The tarnished plant bug, Lygus lineolaris (Palisot de Beauvois), is a pest of various fruit, vegetable, fiber, and seed crops; including cotton. Lygus spp. populations often build on alternate host plants before moving to cotton, and in the midsouthern U.S. wild host plants, such as pigweed (Amaranthus spp.), play a major role in L. lineolaris population development. Three isolates of the entomopathogenic fungus Beauveria bassiana (Balsamo) were evaluated for L. lineolaris control in redroot pigweed (Amaranthus retroflexus L.): one from L. lineolaris in Mississippi (TPB3); one from Lygus hesperus (Knight) in California (WTPB2); and one commercial isolate from Mycotrol(R) (GHA). Fungal applications resulted in moderate to high mycosis in adults (33 to 80%) and moderate mycosis in nymphs (36 to 53%) that were collected from field plots at 2 days post-treatment and incubated under laboratory conditions. Although TPB3 was previously found to be more pathogenic in laboratory bioassays, there was not a consistent separation of this isolate from the other two isolates in field trials. Where differences in adult mycosis or mortality were observed, TPB3 was the most pathogenic. However, in one field trial 7 day mortality for nymphs treated with GHA was higher than those treated with TPB3 or WTPB2. Infection rates at 2, 7, and 14 days post-treatment from caged and non-caged adults suggested that movement of adults among plots occurred, which could have masked some treatment effects. Fung",https://doi.org/10.1016/j.biocontrol.2006.08.005,0,doi
746,rayyan-628419436,Effects of entomopathogenic fungi on Encarsia formosa Gahan. (Hymenoptera: Aphelinidae) activity and behavior,2016,"Oreste, Monica;Bubici, Giovanni;Poliseno, Michele;Tarasco, Eustachio",10.1016/j.biocontrol.2016.05.011,"[""http://europepmc.org/abstract/AGR/IND605248237"", ""https://doi.org/10.1016/j.biocontrol.2016.05.011""]",Biological Control.,01-existing-products,01-existing-products,existing-products,Named commercial Bb product or registry/approval product record,wave1_narrow_signal,high,accepted,,"The effects of a previously selected entomopathogenic fungus, Beauveria bassiana AL1 strain, and the B. bassiana-based mycoinsecticide Naturalis were evaluated on the Trialeurodes vaporariorum-Encarsia formosa system. The parasitoid's ability to recognize uninfected and infected hosts was examined by evaluation of E. formosa tropism in 'choice' conditions and its activity (residence time on leaf, searching time, handling hosts time and hosts acceptance) in no-choice conditions. Finally, the role of E. formosa in transmitting the mycoses from infected to uninfected host populations was estimated. E. formosa showed no differential tropism in 'choice' conditions. It was able neither to locate the host at distance nor to discriminate between infected and uninfected hosts. E. formosa was able to vector fungal propagules from contaminated to uncontaminated hosts during its activity. The results of these laboratory experiments have clarified some biological and behavioral aspects of pathogen-host-parasitoid interactions.",https://doi.org/10.1016/j.biocontrol.2016.05.011,0,doi
406,rayyan-628415733,Effects of four commercial fungal formulations on mortality and sporulation in house flies (Musca domestica) and stable flies (Stomoxys calcitrans),2016,"WEEKS, E. N. I.;MACHTINGER, E. T.;GEZAN, S. A.;KAUFMAN, P. E.;GEDEN, C. J.",10.1111/mve.12201,https://app.dimensions.ai/details/publication/pub.1035909337,Medical and Veterinary Entomology,01-existing-products,01-existing-products,existing-products,Named commercial Bb product or registry/approval product record,reaudit_prior_relevant,high,accepted,1,"The house fly Musca domestica L. (Diptera: Muscidae) and stable fly Stomoxys calcitrans (L.) (Diptera: Muscidae) are major pests of livestock. Biological control is an important tool in an integrated control framework. Increased mortality in filth flies has been documented with entomopathogenic fungi, several strains of which are commercially available. Three strains of Beauveria bassiana (Balsamo-Crivelli) Vuillemin (Hypocreales: Cordycipitaceae) and one strain of Metarhizium brunneum (Petch) (Hypocreales: Clavicipitaceae) were tested in commercial formulations for pathogenicity against house flies and stable flies. There was a significant increase in mortality of house flies with three of the formulations, BotaniGard(R) ES, Mycotrol(R) O, and Met52(R) EC, during days 4-9 in comparison with balEnceTM and the control. In stable flies, mortality rates were highest with Met52(R) EC, followed by Mycotrol(R) O, BotaniGard(R) ES and, finally, balEnceTM. There was a significant fungal effect on sporulation in both house flies and stable flies. Product formulation, species differences and fungal strains may be responsible for some of the differences observed. Future testing in field situations is necessary. These commercial biopesticides may represent important tools in integrated fly management programmes.",https://doi.org/10.1111/mve.12201,0,doi
300,rayyan-628415559,Effects of surface type and distance traveled on the efficacy of a Beauveria bassiana (Hypocreales:Cordycipitaceae)-based biopesticide (Aprehend) for bed bug (Hemiptera: Cimicidae) control,2024,"Principato, Simona;DeVries, Zachary C",10.1093/jee/toae184,"[""http://europepmc.org/abstract/MED/39174495"", ""https://doi.org/10.1093/jee/toae184""]",Journal of economic entomology,01-existing-products,01-existing-products,existing-products,Named commercial Bb product or registry/approval product record,wave1_narrow_signal,high,accepted,,"The cryptic behavior that characterizes bed bugs (Cimex lectularius L.) makes them one of the most difficult indoor pests to control. Thus, the use of products with long residual efficacy is a key component of successful bed bug management. Aprehend is a biopesticide for bed bug control, whose active ingredient is the entomopathogenic fungus, Beauveria bassiana. This product shows promise for extended bed bug control against pyrethroid-resistant bed bugs, causing mortality days after contact with the treated surface. However, it is unclear how surface type and distance traveled by bed bugs over a treated surface impact efficacy. Therefore, we evaluated the efficacy of different Aprehend band widths applied to different substrates commonly encountered by bed bugs, looking specifically at average time to mortality and overall mortality. Our findings indicate that exposure to fresh applications of Aprehend resulted in high mortality when bed bugs traveled very short distances (1 cm) over some Aprehend-treated surfaces (vinyl tile and cotton jersey fabric), while exposure to other treated surfaces (unfinished pinewood and painted drywall) resulted in comparatively lower mortality even over longer distances (5 cm). Furthermore, we found that bed bugs crawling on cotton jersey fabric picked up a significantly higher number of spores compared to unfinished pinewood. These results indicate that applications of Aprehend as 5 cm (2 inches) bands according to label recommendations can b",https://doi.org/10.1093/jee/toae184,0,doi
362,rayyan-628415672,Effects of tomato treatments with commercial formulations of entomopathogenic fungi on the pest Tuta absoluta and the predator Macrolophus pygmaeus,2025,"Scovero, Sara;Moraglio, Silvia T;Tavella, Luciana",,http://europepmc.org/abstract/AGR/IND609230061,Biological Control.,01-existing-products,01-existing-products,existing-products,Named commercial Bb product or registry/approval product record,wave1_narrow_signal,high,accepted,,"Tuta absoluta is a devasting pest causing severe yield losses in most tomato-growing areas. Macrolophus pygmaeus is a generalist predator released in tomato crop to control T. absoluta. Entomopathogenic fungi are also used on tomato against other pests, but they can play a role in controlling T. absoluta. Therefore, the effects of two commercial products Naturalis(R) and Mycotal(R), based on the entomopathogenic fungi Beauveria bassiana and Akanthomyces muscarius, respectively, on T. absoluta and M. pygmaeus were assessed. In no-choice tests on leaflets, mortality was significantly higher on fungus-treated leaflets for 1st-2nd instar T. absoluta larvae, and not for 3rd-4th instar larvae and for both younger and older M. pygmaeus nymphs. Similarly, in no-choice tests on plants, development rate was significantly lower only for T. absoluta on plants treated with Mycotal(R). In two-choice tests, both pest and predator did not show any preference between fungus-treated and untreated plants. Following the laboratory results, Mycotal(R) was applied also in plastic tunnel cultivation of tomato under field conditions. The number of T. absoluta larvae was significantly lower on plants treated with Mycotal(R) than on untreated plants, while the presence of M. pygmaeus was not affected by the treatment. Therefore, the use of fungal products together with the predator appears to be a promising strategy for the control of T. absoluta on tomato crop.",http://europepmc.org/abstract/AGR/IND609230061,0,title
1402,rayyan-628420138,Efficacy of Beauveria bassiana (Hyphomycetes) for control of Russian wheat aphid (Homoptera: Aphididae) on resistant wheat under field conditions,2004,"Hatting, JL;Wraight, SP;Miller, RM",10.1080/09583150410001683501,"[""http://europepmc.org/abstract/AGR/IND43731302"", ""https://doi.org/10.1080/09583150410001683501""]",Biocontrol science and technology.,01-existing-products,01-existing-products,existing-products,Named commercial Bb product or registry/approval product record,wave1_narrow_signal,high,accepted,,"The Russian wheat aphid, Diuraphis noxia (Kurdjumov) (Homoptera: Aphididae) is considered the most important pest of wheat produced under dryland field conditions in South Africa. As part of an integrated pest management strategy, the entomopathogenic hyphomycete Beauveria bassiana (Balsamo) Vuillemin was evaluated in combination with antibiotic host plant resistance under dryland field conditions during 1998 and 1999. A commercial formulation, Mycotrol ES, was applied at a rate of 2.4 L (5 x 10(13) conidia) per hectare +0.1% organosilicone surfactant. During both years, two applications were administered, i.e., on growth stages 31 (first node detectable) and 39 (early flag leaf). An additional treatment, application at growth stage 39 only, was included during 1999. Over the duration of the 1998 trial, ca. 65% fewer aphids were observed on treated plots compared with controls. A similar level of population reduction was observed during the 1999 trial; however, treatment effects were only briefly evident due to a rapid field-wide decline in aphid populations caused by adverse (cool, wet) weather conditions. The early application (GS 31) resulted in some level of control only during 1998. It was hypothesized that this phenomenon was the result of greater exposure to the spray applications and/or greater secondary pick-up of fungal inoculum by the aphids due to the higher level of aphid activity observed on the cultivar employed during that year. In this regard, migration of D.",https://doi.org/10.1080/09583150410001683501,0,doi
2536,rayyan-628421370,Efficacy of Beauveria bassiana formulations against the fungus gnat Lycoriella ingenua,2016,"Andreadis, Stefanos S;Cloonan, Kevin R;Bellicanta, Giovani S;Paley, Kimberly;Pecchia, John;Jenkins, Nina E",10.1016/j.biocontrol.2016.09.003,"[""http://europepmc.org/abstract/AGR/IND605496869"", ""https://doi.org/10.1016/j.biocontrol.2016.09.003""]",Biological Control.,01-existing-products,01-existing-products,existing-products,Named commercial Bb product or registry/approval product record,wave1_narrow_signal,high,accepted,,"Lycoriella ingenua Dufour (Diptera: Sciaridae) is a major pest species in commercial mushroom (Agaricus bisporus) production throughout the world. Grower demand for alternative control measures, following the recent withdrawal of a number of chemical control options, led to a label extension for use of the fungal biopesticide BotaniGard(R) ES, for control of mushroom flies. Semi-field trials were conducted to evaluate the efficacy of BotaniGard(R) ES, and two alternative formulations of Beauveria bassiana strain GHA (the active ingredient in BotaniGard(R) ES), for control of L. ingenua, and their effect on crop yield when incorporated at spawning. Data collected from two replicated trials demonstrated that incorporation of B. bassiana was not detrimental to mushroom yield, but was also ineffective in controlling the development of L. ingenua larvae in artificially infested compost. Subsequent laboratory bioassays demonstrated that L. ingenua eggs and larvae were not susceptible to infection by B. bassiana strain GHA whereas pupae were somewhat susceptible (41% mortality). Bioassays conducted on adult L. ingenua using 1h exposure to a surface sprayed with BotaniGard(R) ES resulted in 100% mortality within 8days and a mean survival time of 6days, which was significantly different from the control population.",https://doi.org/10.1016/j.biocontrol.2016.09.003,0,doi
2309,rayyan-628421126,"Efficacy of biorational insecticides against chilli thrips, Scirtothrips dorsalis (Thysanoptera: Thripidae), infesting roses under nursery conditions",2017,"Aristizabal, LF;Chen, Y;Cherry, RH;Cave, RD;Arthurs, SP",10.1111/jen.12340,"[""http://europepmc.org/abstract/AGR/IND605720453"", ""https://doi.org/10.1111/jen.12340""]",Journal of Applied Entomology,01-existing-products,01-existing-products,existing-products,Named commercial Bb product or registry/approval product record,wave1_narrow_signal,high,accepted,,"We evaluated biopesticides based on entomopathogenic fungi, azadirachtin and horticultural oils for the management of the chilli thrips, Scirtothrips dorsalis Hood, an economically significant invasive pest in the United States. Insecticides were applied four times at 7- to 10-day intervals against established S. dorsalis infestations on shrub roses KnockOut(R), Rosa x 'Radrazz' under simulated nursery conditions. When applied as stand-alone treatments, Beauveria bassiana GHA (BotaniGard(R) ES), Metarhizium brunneum F52 (Met-52 EC), a horticultural oil (SuffOil-X(R)) and azadirachtin (Molt-X(R)) at label rates provided significant control, reducing populations of S. dorsalis by 48-71% compared with control over 4-6 weeks. Similar results were observed when the biopesticides were applied in rotation with each other. A conventional standard, spinosad (Conserve(R) SC), was consistently the most effective treatment in these studies, reducing thrips populations by 95% overall. In another study, more effective control (87%-92%) was achieved in biopesticide rotation programmes that included spinosad, when compared with those that did not. Results also showed that these biopesticides can be tank-mixed. However, there was no evidence that B. bassiana or M. brunneum combined with azadirachtin resulted in additive or synergistic control, as neither tank-mix treatment improved control compared with azadirachtin alone. These findings highlight the potential use of biopesticides in rotation program",https://doi.org/10.1111/jen.12340,0,doi
307,rayyan-628415576,"Entomopathogenic fungi and chemical insecticides have synergistic action against adult large pine weevil, Hylobius abietis",2025,"van Vlaenderen, Johan;Hennessy, Niamh;O'Tuama, Padraig;Williams, Christopher D;Griffin, Christine T",,http://europepmc.org/abstract/AGR/IND609406866,Biological Control.,01-existing-products,01-existing-products,existing-products,Named commercial Bb product or registry/approval product record,wave1_narrow_signal,high,accepted,,"The large pine weevil, Hylobius abietis, is a serious pest of reforestation across much of northern Europe. Larvae develop in the stumps and roots of recently felled conifers, and adults feed on the bark of young trees used to replant the site. Entomopathogenic fungi and chemical insecticides, alone and in combination, were tested against adult pine weevil in laboratory and field experiments. In a broad screening experiment, weevils were dipped in conidial suspension of Beauveria bassiana (Bb Naturalis and Bb SC4), Beauveria caledonica (Bc SG61) and Metarhizium anisopliae (Ma F52 and Ma SG6) and/or provided with twigs treated with chemical insecticides (cypermethrin, acetamiprid and thiacloprid). When assessed after 14 or 17 days, there was higher weevil mortality in combined treatments than expected based on individual treatments, with synergistic effects demonstrated in most cases. In a second laboratory experiment, Bb Naturalis, Bc SG61 and Ma F52 applied in each of two ways, either by dipping weevils or contaminating the substrate, gave synergistic effects in combination with cypermethrin, and mainly additive effects with acetamiprid. Weevil cadavers in all fungus-insecticide treatments tested developed mycosis, which would facilitate recycling of fungi in the field. In a field trial, a commercial formulation of Ma F52 (Met52) and cypermethrin were tested alone and in combination for protection of young Sitka spruce trees. Weevil feeding damage on trees treated with Met52",http://europepmc.org/abstract/AGR/IND609406866,0,title
4967,rayyan-628424061,Entomopathogenic fungus Beauveria bassiana-based bioinsecticide suppresses severity of powdery mildews of vegetables by inducing the plant defense responses.,2023,Iida Y;Higashi Y;Nishi O;Kouda M;Maeda K;Yoshida K;Asano S;Kawakami T;Nakajima K;Kuroda K;Tanaka C;Sasaki A;Kamiya K;Yamagishi N;Fujinaga M;Terami F;Yamanaka S;Kubota M,10.3389/fpls.2023.1211825,https://pubmed.ncbi.nlm.nih.gov/37692425/,Frontiers in plant science,01-existing-products,01-existing-products,existing-products,Named commercial Bb product or registry/approval product record,wave1_narrow_signal,high,accepted,,"The entomopathogenic fungus Beauveria bassiana is used commercially as a microbial insecticides against a wide range of agricultural insect pests. Some strains of B. bassiana protect the plants from pathogens, but the underlying mechanisms are largely unknown. Here, we found that prophylactic sprays of commercial bioinsecticide Botanigard on cucumber, tomato, and strawberry plants suppressed the severity of economically damaging powdery mildews. On leaf surfaces, hyphal elongation and spore germination of cucumber powdery mildew, Podosphaera xanthii, were inhibited, but B. bassiana strain GHA, the active ingredient isolated from Botanigard, only inhibited hyphal elongation but had no effect on spore germination of P. xanthii. In addition, strain GHA suppressed powdery mildew symptoms locally, not systemically. Treatment with Botanigard and strain GHA induced a hypersensitive response (HR)-like cell death in epidermal cells of the cucumber leaves in a concentration-dependent manner and inhibited penetration by P. xanthii. Transcriptome analysis and mass spectrometry revealed that GHA induced expression of salicylic acid (SA)-related genes, and treatment with Botanigard and GHA increased the SA level in the cucumber leaves. In NahG-transgenic tomato plants, which do not accumulate SA, the biocontrol effect of tomato powdery mildew by GHA was significantly reduced. These results suggested that B. bassiana GHA induces SA accumulation, leading to the induction of HR-like cell dea",https://doi.org/10.3389/fpls.2023.1211825,0,doi
170,rayyan-628415361,Estimation of Median Lethal Concentration of Three Isolates of Beauveria bassiana for Control of Megacopta cribraria (Heteroptera: Plataspidae) Bioassayed on Solid Lygus spp. Diet,2016,"Portilla, Maribel;Jones, Walker;Perera, Omaththage;Seiter, Nick;Greene, Jeremy;Luttrell, Randall",10.3390/insects7030031,https://app.dimensions.ai/details/publication/pub.1026429724,Insects,01-existing-products,01-existing-products,existing-products,Named commercial Bb product or registry/approval product record,wave1_narrow_signal,high,accepted,,"The kudzu bug, Megacopta cribraria (F.), is an urban nuisance and significant agricultural pest. The median lethal concentrations of three strains of Beauveria bassiana (Balsamo), including the Mississippi Delta native strain (NI8) isolated from Lygus lineolaris (Palisot de Beauvois), the commercial strain BotaniGard((R)) (GHA) (Victor, NY, USA), and the B. bassiana strain isolated from M. cribraria (KUDSC), were estimated on kudzu bug adults. A technique developed to evaluate B. bassiana against L. lineolaris was used. Younger adults (eight days after collection) were treated with NI8 and GHA and older adult (50 days after collection) were treated with NI8, GHA and KUDSC. Higher concentrations (n 106, n 107) of NI8 and GHA caused kudzu bug mortality two days after treatment in younger adults and similar concentrations of NI8, GHA, and KUDSC caused mortality one day after treatment in older adults. Lower concentrations (n 104, n 105) were not significantly different in mortality between strains. LS50 values of the KUDSC were significantly lower than NI8 and GHA values in older adults. This is the first available information on median lethal concentration of B. bassiana on kudzu bug adults bioassayed on artificial diet. It was determined that B. bassiana (KUDSC and NI8) are highly effective for young adults at very low doses (LC50 1.98-4.98 viable spores per mm2).",https://doi.org/10.3390/insects7030031,0,doi
299,rayyan-628415557,Ethanol tolerance of fungal strains underlies biocontrol of invasive ambrosia beetles,2026,"Moore, M Elizabeth;Cure, Anne E;Johnson, Thomas W;Biddle, Gregory;Baniszewski, Julie A;Ranger, Christopher M;Milbrath, Lindsey R;Lovett, Brian",10.1093/jee/toag144,"[""http://europepmc.org/abstract/MED/42212565"", ""https://doi.org/10.1093/jee/toag144""]",Journal of economic entomology,01-existing-products,01-existing-products,existing-products,Named commercial Bb product or registry/approval product record,wave1_narrow_signal,high,accepted,,"Entomopathogenic fungi are widely recognized as biological control agents showing potential against insect pests that are difficult to manage with chemical pesticides. Invasive ambrosia beetles threaten a wide variety of tree crops and prove challenging to manage with chemical pesticides due to their unique life history: entrenched in the xylem of tree hosts, feeding on symbiotic fungi. Many ambrosia beetle species attack trees that are flood-stressed and producing ethanol, a key component of growth for their fungal symbiont. Ethanol causes osmotic and chaotropic stress in microbes and could prevent successful biocontrol of ambrosia beetles using insect-killing microbes. To investigate the potential of entomopathogenic fungi to manage ambrosia beetles, we conducted a series of experiments using 3 species in eastern North America (Xylosandrus germanus, Xylosandrus crassiusculus, and Anisandrus maiche). We tested the efficacy of 3 microbial-based commercially available biopesticides (Botanigard 22 WP: Beauveria bassiana; Met52: Metarhizium brunneum; and PFR-97 20% WDG: Cordyceps javanica) in a series of environments with and without ethanol. We found that B. bassiana was the most effective against all 3 beetle species, but that its pathogenicity was heavily dependent on the ethanol-tolerance of the strain used. We isolated 2 strains of B. bassiana from separate batches of Botanigard that demonstrated significant differences in ethanol tolerance, as well as pathogenicity, radial",https://doi.org/10.1093/jee/toag144,0,doi
3941,rayyan-628422880,"Evaluation of Beauveria bassiana applications against adult house fly, Musca domestica, in commercial caged-layer poultry facilities in New York state",2005,"Kaufman, PE;Reasor, C;Rutz, DA;Ketzis, JK;Arends, JJ",10.1016/j.biocontrol.2005.03.011,"[""http://europepmc.org/abstract/AGR/IND43710387"", ""https://doi.org/10.1016/j.biocontrol.2005.03.011""]",Biological Control.,01-existing-products,01-existing-products,existing-products,Named commercial Bb product or registry/approval product record,reaudit_prior_relevant,high,accepted,1,"Applications of a commercially produced Beauveria bassiana product, balEnce, were compared with pyrethrin treatments for the control of adult house flies in New York high-rise, caged-layer poultry facilities. An integrated fly management program, which included the release of house fly pupal hymenopteran parasitoids, was used at all facilities. Adult house fly populations were lower in B. bassiana-treated facilities during the spray and post-spray periods, as recorded on spot cards. Concurrently, the numbers of house fly larvae recovered in B. bassiana-treated facilities were less than one-half that of the pyrethrin-treated facilities. House fly pupal parasitism levels were low, but similar under both treatment regimes. The numbers of adult and larval Carcinops pumilio, a predatory beetle, recovered from B. bassiana-treated facilities were 43 and 66% greater than from the pyrethrin-treated facilities, respectively.",https://doi.org/10.1016/j.biocontrol.2005.03.011,0,doi
2472,rayyan-628421302,Evaluation of Entomopathogenic Fungi Against the Western Flower Thrips (Thysanoptera: Thripidae) Under Laboratory Conditions,2016,"Kivett, JM;Cloyd, RA;Bello, NM",,http://europepmc.org/abstract/AGR/IND605581755,Journal of Entomological Science,01-existing-products,01-existing-products,existing-products,Named commercial Bb product or registry/approval product record,wave1_narrow_signal,high,accepted,,"Western flower thrips, Frankliniella occidentalis (Pergande), is an economically important pest of greenhouse production systems, and entomopathogenic fungi may be used to suppress populations of the western flower thrips. The objectives of our study were (a) to evaluate the efficacy of products containing three different entomopathogenic fungi (Beauveria bassiana [BotaniGard(R)], Isaria fumosoroseus [NoFlyTM], and Metarhizium anisopliae [Met52(R)]) against western flower thrips larvae and adults and (b) to assess effectiveness of combinations of entomopathogenic fungi and the insect growth regulator azadirachtin against western flower thrips larvae. In two laboratory bioassays western flower thrips larvae and adults were exposed to the three entomopathogenic fungi at two label rates (maximum and minimum), and two product shelf-life conditions (unexpired and expired). Bioassay 1 involved a 120-h incubation period; bioassay 2 entailed a 216-h incubation period. A third bioassay evaluated any synergistic effects of combining the entomopathogenic fungi with azadirachtin on western flower thrips larvae. Results indicated that (a) by 120 h of incubation, adult western flower thrips were more susceptible than larvae to maximum rates of unexpired B. bassiana and I. fumosoroseus; (b) unexpired products of B. bassiana and I. fumosoroseus had higher percentages of adult western flower thrips mortality than expired products at the maximum label rate; and (c) azadirachtin combined with unexpi",http://europepmc.org/abstract/AGR/IND605581755,0,title
4971,rayyan-628424070,"Evaluation of Spore Acquisition, Spore Production, and Host Survival Time for Tea Shot-Hole Borer, Euwallacea perbrevis, Adults after Exposure to Four Commercial Products Containing Beauveria bassiana.",2023,Chavez AV;Duren EB;Avery PB;Pitino M;Duncan RE;Cruz LF;Carrillo D;Cano LM;Cave RD,10.3390/insects14090726,https://pubmed.ncbi.nlm.nih.gov/37754694/,Insects,01-existing-products,01-existing-products,existing-products,Named commercial Bb product or registry/approval product record,wave1_narrow_signal,high,accepted,,"Euwallacea perbrevis, the tea shot-hole borer (TSHB), is an invasive ambrosia beetle that vectors several fungal pathogens that cause Fusarium branch dieback in avocado trees in southern Florida. This study assessed the potential of four commercial products containing the entomopathogenic fungus Beauveria bassiana (Bb) for managing adult TSHB beetles. Formulated products containing Bb strains to which adult beetles were exposed were BioCeres WP, BotaniGard WP, BotaniGard ES, and Velifer ES. Controls consisted of water only and BotaniGard ES and Velifer ES supernatant with spores removed. Acquisition of spores by adult beetles dipped in product suspensions with 2.5 0.1 10(6) spores/mL was assessed. Survival time of beetles after residual exposure to the Bb-based products in an in vivo avocado bark plug bioassay was determined. Production of Bb spores on beetles after being dipped in product suspensions and placed in a moistened bark-plug assay with water only was assessed. Significantly more spores were acquired by beetles exposed to Velifer ES and BotaniGard ES than beetles exposed to the other fungal products. Beetles exposed to Velifer ES and BotaniGard ES died faster (6-8 days) compared to beetles dipped in the other fungal products (10-11 days) and controls (12 days). Percentage of mycosis was highest with beetles exposed to Velifer ES (63%). Spore production on cadavers of beetles dipped in Velifer ES (20 6.4 10(5) spores/cadaver) was the highest among all treat",https://doi.org/10.3390/insects14090726,0,doi
2215,rayyan-628421027,"Evaluation of insecticides for the management of rough sweetpotato weevil, Blosyrus asellus (Coleoptera: Curculionidae) in Hawai'i island",2018,"Pulakkatu-thodi, Ishakh;Motomura-Wages, Sharon;Miyasaka, Susan",10.1016/j.cropro.2018.08.035,"[""http://europepmc.org/abstract/AGR/IND606144501"", ""https://doi.org/10.1016/j.cropro.2018.08.035""]",Crop Protection,01-existing-products,01-existing-products,existing-products,Named commercial Bb product or registry/approval product record,wave1_narrow_signal,high,accepted,,"Sweetpotato is an important staple food crop in Hawai'i, both for local consumption and export. Insect damage, especially from weevils, is a major production constraint of sweetpotato in the state of Hawai'i. Rough sweetpotato weevil, Blosyrus asellus (Olivier) is an invasive pest recently detected in the Hawaiian Islands. The immature stages of the weevil gouge shallow grooves on surfaces of storage roots that adversely affect their appearance, reduce their marketability, and result in wounds that could allow secondary microbial infections. Sustainable pest management practices are limited for this pest, due to its recent introduction in Hawai'i. As an interim approach, the efficacy of four insecticides including one bio-insecticide were compared against a control to manage this pest in the field. Results from two replicated trials indicate that broad spectrum insecticides such as Belay 16 WSG (Clothianidin) and Sevin XLR Plus (Carbaryl) are effective in managing this pest. Bio-insecticide BotaniGard (Beauveria bassiana strain GHA) was not very effective at the tested rate. Planting sweetpotatoes continuously in the same area would likely increase pest pressure in subsequent crop cycles because of the buildup of populations in the field. Cultural practices such as crop rotation and use of clean planting materials should help to reduce the incidence of pests in the field.",https://doi.org/10.1016/j.cropro.2018.08.035,0,doi
495,rayyan-628415930,"Evaluation of organically acceptable insecticides as stand-alone treatments and in rotation for managing yellowmargined leaf beetle, Microtheca ochroloma (Coleoptera: Chrysomelidae), in organic crucifer production",2012,"Balusu, Rammohan R;Fadamiro, Henry Y",10.1002/ps.2297,https://app.dimensions.ai/details/publication/pub.1016105471,Pest Management Science,01-existing-products,01-existing-products,existing-products,Named commercial Bb product or registry/approval product record,wave1_narrow_signal,high,accepted,,"BACKGROUND: Yellowmargined leaf beetle, Microtheca ochroloma, is the most damaging pest of organic crucifer crops in the southern United States. Experiments were conducted over four growing seasons (2007-2010) in Alabama to evaluate some botanical and microbial insecticides approved by the Organic Materials Review Institute (OMRI) against M. ochroloma in organically grown crucifer crops. Insecticides evaluated included PyGanic((R)) (pyrethrum), Aza-Direct((R)) (azadiractin), Entrust((R)) (spinosad), Mycotrol O((R)) (Beauveria bassiana strain GHA) and NOFLY((R)) [Isaria ( = Paecilomyces) fumosoroseus strain FE 9901]. Two experimental organic formulations, Tick-Ex (Metarhizium anisopliae strain F52) and MBI-203 (Chromobacterium subtsugae), and one non-OMRI-listed formulation, Novodor((R)) (Bacillus thuringiensis subspecies tenebrionis), were also evaluated. The insecticides were applied as stand-alone treatments at recommended field rates on a weekly schedule. In 2010, some of the treatments were also evaluated in rotation/alternation with Entrust((R)) . Insecticide efficacy was determined by comparing densities of M. ochroloma larvae and adults and crop damage ratings in treated versus untreated turnip plots.",https://doi.org/10.1002/ps.2297,0,doi
5050,rayyan-628424276,"Evaluation of spray applications of Metarhizium anisopliae, Metarhizium brunneum and Beauveria bassiana against larval winter ticks, Dermacentor albipictus.",2020,Sullivan CF;Parker BL;Davari A;Lee MR;Kim JS;Skinner M,10.1007/s10493-020-00547-6,https://pubmed.ncbi.nlm.nih.gov/33185806/,Experimental & applied acarology,01-existing-products,01-existing-products,existing-products,Named commercial Bb product or registry/approval product record,reaudit_prior_relevant,high,accepted,1,"Dermacentor albipictus (Acari: Ixodidae), the winter tick, is a one-host tick that parasitizes large ungulates. They can dramatically affect moose, Alces alces (Artiodactyla: Cervidae), causing significant physiological and metabolic stress and mortality among heavily parasitized individuals. Entomopathogenic fungi in the genera Metarhizium (Hypocreales: Clavicipitaceae) and Beauveria (Hypocreales: Cordycipitaceae) are promising tick biological control agents. We examined the pathogenicity of experimental and commercially formulated isolates of M. anisopliae, M. brunneum and B. bassiana sprayed at concentrations of 10(6), 10(7) and 10(8) conidia/mL against the larval stage of D. albipictus and assessed the efficacy of spraying the commercial product Met52(R)EC, containing M. brunneum, strain F52, under laboratory conditions. Results showed larval D. albipictus mortality was significantly higher and occurred earlier when treated with M. anisopliae and M. brunneum isolates compared to B. bassiana at 10(6), 10(7) and 10(8) conidia/mL. Mortality was observed as early as 3 days in the M. anisopliae and M. brunneum treatments and after 6 days in the B. bassiana treatments. After 21 days, larval mortality ranged from 74-99% when ticks were treated with M. anisopliae and M. brunneum isolates at 10(6), 10(7) and 10(8) and conidia/mL. In contrast, mortality of ticks treated with B. bassiana ranged from 30 to 64%. When larvae were treated with the commercial product Met52, mortality was",https://doi.org/10.1007/s10493-020-00547-6,0,doi
1227,rayyan-628419950,Fungal entomopathogens as endophytes reduce several species of Fusarium causing crown and root rot in sweet pepper (Capsicum annuum L.),2018,"Jaber, Lara R;Alananbeh, Kholoud M",10.1016/j.biocontrol.2018.08.007,"[""http://europepmc.org/abstract/AGR/IND606365618"", ""https://doi.org/10.1016/j.biocontrol.2018.08.007""]",Biological Control.,01-existing-products,01-existing-products,existing-products,Named commercial Bb product or registry/approval product record,wave1_narrow_signal,high,accepted,,"Fusarium Crown and Root Rot (FCRR) is one of the most widespread and economically important diseases caused by a complex of Fusarium spp. infecting a wide crop range worldwide. Although there are many studies on the efficacy of bacterial and fungal biocontrol agents against FCRR, there have been no attempts to investigate the efficacy of entomopathogenic fungi as endophytes for FCRR biocontrol. At the same time, the antagonistic activity of endophytic fungal entomopathogens against plant pathogens remains understudied compared to their well-known biocontrol activity against insect pests. Therefore, the present study was initiated to examine for the first time the antagonistic activity of the fungal entomopathogens Beauveria bassiana (strain NATURALIS) and Metarhizium brunneum (strain BIPESCO5) against three Fusarium species (F. oxysporum, F. culmorum, and F. moniliforme) causing FCRR in vitro through dual-culture tests and in planta following the endophytic establishment of fungal entomopathogens in pot-culture experiments. Both fungal entomopathogens significantly inhibited all Fusarium species in vitro, with competition for niche or resources and antibiosis as modes of action. Further in planta bioassays showed that plants endophytically colonized with fungal entomopathogens had significantly reduced FCRR incidence and severity as well as improved growth, irrespective of fungal entomopathogen or Fusarium spp. This study demonstrates for the first time the biocontrol potenti",https://doi.org/10.1016/j.biocontrol.2018.08.007,0,doi
2482,rayyan-628421313,"Granulate ambrosia beetle, Xylosandrus crassiusculus (Coleoptera: Curculionidae), survival and brood production following exposure to entomopathogenic and mycoparasitic fungi",2013,"Castrillo, Louela A;Griggs, Michael H;Vandenberg, John D",10.1016/j.biocontrol.2013.07.015,"[""http://europepmc.org/abstract/AGR/IND601120622"", ""https://doi.org/10.1016/j.biocontrol.2013.07.015""]",Biological Control.,01-existing-products,01-existing-products,existing-products,Named commercial Bb product or registry/approval product record,wave1_narrow_signal,high,accepted,,"The granulate ambrosia beetle, Xylosandrus crassiusculus, is one of the most important exotic pests in orchards and nurseries in the US. The beetle has a wide host range, including some of the most popular and valuable trees in nurseries, and is difficult to control using chemical insecticides because of its cryptic habits. In this study we evaluated the susceptibility of X. crassiusculus to three commercial strains of entomopathogenic fungi and also examined gallery formation and brood production among females exposed to these biocontrol agents and a mycoparasitic fungus, Trichoderma harzianum. All three entomopathogens were virulent to X. crassiusculus: Beauveria bassiana strains GHA and Naturalis and Metarhizium brunneum F52 produced 76.77%, 95.61.1%, and 78.97.8% mortality, respectively, among treated adult females at the highest dose (600conidia/mm2) 5days after inoculation. Females exposed to beech stems treated with entomopathogenic fungi at the highest concentration had lower survival rates and produced fewer galleries. All concentrations tested, however, resulted in females with fewer offspring compared to control. Those exposed to T. harzianum strain KRL-AG2 produced galleries with sparse, patchy, or no symbiont growth, many of which had no or few brood present. Some of the females exposed to either B. bassiana or M. brunneum also had galleries with sparse mycelial growth. These results show the potential of entomopathogenic or mycoparasitic fungi in controlling",https://doi.org/10.1016/j.biocontrol.2013.07.015,0,doi
4045,rayyan-628422986,Influence of temperature on the insecticidal effect of Beauveria bassiana in combination with diatomaceous earth against Rhyzopertha dominica and Sitophilus oryzae on stored wheat,2006,"Vassilakos, TN;Athanassiou, CG;Kavallieratos, NG;Kavallieratos, NG;Vayias, BJ",10.1016/j.biocontrol.2006.03.009,"[""http://europepmc.org/abstract/AGR/IND43815051"", ""https://doi.org/10.1016/j.biocontrol.2006.03.009""]",Biological Control.,01-existing-products,01-existing-products,existing-products,Named commercial Bb product or registry/approval product record,wave1_narrow_signal,high,accepted,,"Laboratory experiments were carried out in order to evaluate the insecticidal effect of Beauveria bassiana (Balsamo) Vuillemin formulations against adults of Rhyzopertha dominica (F.) and Sitophilus oryzae (L.) on stored wheat. To assess B. bassiana effect, the formulated product Naturalis was applied at three dose rates, 2500, 5000, and 10,000 ppm. Also, wheat was treated with the diatomaceous earth (DE) formulation SilicoSec (Biofa, Germany), at two dose rates, 0.2 and 0.5 g/kg of wheat either alone or in combination with each fungal rate. Dead adults were counted 24 h, 48 h, 7 days, and 14 days later. The bioassays were conducted at three temperatures, 22, 26, and 30 C and one RH level, 55%. Generally, the increase of temperature increased the insecticidal effect of DE against R. dominica and S. oryzae, but B. bassiana was more effective at 26 C than at 30 C, for both species examined. The simultaneous use of DE in the fungal formulation moderated this negative effect. Both species were almost equally susceptible to SilicoSec. In contrast, R. dominica was more susceptible than S. oryzae to B. bassiana. Some combination treatment had an additive effect on the fungal efficacy by DE while in others a negative effect was observed.",https://doi.org/10.1016/j.biocontrol.2006.03.009,0,doi
4818,rayyan-628423770,Investigation of native isolates of entomopathogenic fungi for the biological control of three citrus pests,2011,"Goble, TA;Dames, JF;Hill, MP;Moore, SD",10.1080/09583157.2011.608907,"[""http://europepmc.org/abstract/AGR/IND44628218"", ""https://doi.org/10.1080/09583157.2011.608907""]",Biocontrol science and technology.,01-existing-products,01-existing-products,existing-products,Named commercial Bb product or registry/approval product record,reaudit_prior_relevant,high,accepted,1,"The pathogenicity of 15 isolates of Beauveria bassiana (Balsamo) Vuillemin, five isolates of Metarhizium anisopliae (Metschnikoff) Sorokin and one isolate of M. flavoviride (Gams and Rozsypal) were tested under laboratory conditions against the subterranean life stages of the citrus pests, Ceratitis rosa Karsch, C. capitata Wiedemann (Diptera: Tephritidae) and Thaumatotibia leucotreta Meyrick. (Lepidoptera: Tortricidae). When these citrus pests were treated with a concentration of 1x10(7) conidia mL1, fungal isolates had a significantly greater effect on the adults of C. rosa and C. capitata than they did on the puparia of these two fruit fly species. Further, C. rosa and C. capitata did not differ significantly in their response to entomopathogenic fungi when adult and pupal mycosis were considered. Depending on fungal isolate, the percentage of T. leucotreta adults which emerged from fungal treated sand ranged from 5 to 60% and the percentage of pupae with visible signs of mycosis ranged from 21 to 93%. The relative virulence of the four most promising fungal isolates, as well as the commercially available B. bassiana product, BroadBand(R) (Biological Control Products, South Africa), were compared against one another as log-probit regressions of mortality against T. leucotreta which exhibited a dose-dependent response. The estimated LC50 values of the three most virulent B. bassiana isolates ranged from 6.8x10(5) to 2.1X10(6) conidia mL-1, while those of the least pathogenic",https://doi.org/10.1080/09583157.2011.608907,0,doi
2538,rayyan-628421372,Laboratory Evaluation of Entomopathogenic Fungi for the Control of Khapra Beetle (Coleoptera: Dermestidae) and Their Effects on the Beetles' Fecundity and Longevity,2019,"Mohammed, Akram A;Kadhim, Jamal H;Hasan, Ahmad M H",,http://europepmc.org/abstract/AGR/IND606486035,Journal of Agricultural and Urban Entomology,01-existing-products,01-existing-products,existing-products,Named commercial Bb product or registry/approval product record,wave1_narrow_signal,high,accepted,,"The khapra beetle, Trogoderma granarium Everts (Coleoptera: Dermestidae), is an important pest of stored wheat worldwide. The current study assessed the efficacy of five Iraqi isolates of entomopathogenic fungi, including Beauveria bassiana (Balsamo) Vuillemin (Cordycipitaceae) isolate Bb25, Lecanicillium attenuatum (Petch) Zare & Gams (Cordycipitaceae) isolate La90, Metarhizium anisopliae (Metchnikoff) Sorokin (Clavicipitaceae) isolate Ma42, Isaria fumosorosea (Wize) (Clavicipitaceae) isolate P10 and Chaetomium globosum (Kunze) (Chaetomiaceae) isolate CHG20, compared to a commercially produced B. bassiana strain GHA (Mycotrol(R) ESO). We also assessed the effects of fungal infection on the fecundity and longevity of adult female beetles under laboratory conditions of 30 2C and 65 5% RH. Beauveria bassiana isolate Bb25 and M. anisopliae isolate Ma42 had the highest virulence compared to L. attenuatum isolate La90, C. globosum isolate CHG20, I. fumosorosea isolate P10 and Mycotrol(R) ESO. Abbott-corrected mortality of T. granarium after exposure to either B. bassiana or M. anisopliae, at 106 conidia ml-1, varied according to the beetle's developmental stage. First, second and third instars were more susceptible compared with fourth, fifth instars and adults at 10 d post-treatment. Beauveria bassiana isolate Bb25 and M. anisopliae isolate Ma42 caused about 50% reduction in total fecundity and about 20% reduction in longevity of the female adults. The results demonstrate that t",http://europepmc.org/abstract/AGR/IND606486035,0,title
2463,rayyan-628421293,"Laboratory and field bioassays on the effects of Beauveria bassiana Vuillemin (Hypocreales: Cordycipitaceae) on red oak borer, Enaphalodes rufulus (Haldeman) (Coleoptera: Cerambycidae)",2013,"Meyers, JM;Stephen, FM;Haavik, LJ;Steinkraus, DC",10.1016/j.biocontrol.2013.02.001,"[""http://europepmc.org/abstract/AGR/IND601120557"", ""https://doi.org/10.1016/j.biocontrol.2013.02.001""]",Biological Control.,01-existing-products,01-existing-products,existing-products,Named commercial Bb product or registry/approval product record,wave1_narrow_signal,high,accepted,,"An unexpected outbreak of a native longhorned beetle, the red oak borer (Enaphalodes rufulus (Haldeman)), occurred in upland oak forests of Arkansas, Missouri and Oklahoma ca. 1999-2005. Few management tools exist for reducing E. rufulus populations. Laboratory bioassays were conducted to determine susceptibility of all E. rufulus life stages to the fungal pathogen Beauveria bassiana Vuillemin. Egg, neonate, early-instar, pupal, and adult stages of E. rufulus were all susceptible to a natural isolate of B. bassiana collected from E. rufulus (ARSEF 7404) or a commercial B. bassiana product, BotaniGard(R). In July 2003, 10 living, E. rufulus-infested northern red oak (Quercus rubra L.) boles were sprayed with a 2 L BotaniGard(R)B. bassiana suspension of 1.31011 viable conidia per 2m of each bole at a forested site in the Ozark National Forest, Franklin County, Arkansas. The following spring, trees were removed and sampled for E. rufulus larvae that had survived or died during the winter. Live E. rufulus larval density in untreated Q. rubra log samples was significantly greater than in treated log samples with means of 16.41.8 (SE) and 4.42.0 larvae per m2 of bark for untreated and treated logs, respectively. Application of B. bassiana spray against early-instar E. rufulus would be most effective in mid-summer of odd-numbered years to target vulnerable early E. rufulus life stages and to reduce structural damage to trees caused by E. rufulus feeding.",https://doi.org/10.1016/j.biocontrol.2013.02.001,0,doi
2871,rayyan-628421777,"Laboratory and glasshouse evaluation of entomopathogenic fungi against the two-spotted spider mite, Tetranychus urticae (Acari: Tetranychidae), on tomato, Lycopersicon esculentum",2005,"Chandler, D;Davidson, G;Jacobson, RJ",10.1080/09583150410001720617,"[""http://europepmc.org/abstract/AGR/IND43703437"", ""https://doi.org/10.1080/09583150410001720617""]",Biocontrol science and technology.,01-existing-products,01-existing-products,existing-products,Named commercial Bb product or registry/approval product record,wave1_narrow_signal,high,accepted,,"Forty isolates of entomopathogenic fungi from six genera were assessed against the two-spotted spider mite, Tetranychus urticae, in a single dose, direct application laboratory bioassay on tomato leaflets. Only three isolates caused greater mortality than the control: these were Metarhizium anisopliae 442.99, Hirsutella spp. 457.99, and Verticillium lecanii 450.99. These isolates were assessed in a multiple dose bioassay, together with three isolates cultured from commercial biopesticides as follows: Beauveria bassiana 432.99 (cultured from 'Naturalis-L', Troy Biosciences, Phoenix, TX, USA); Hirsutella thompsonii 463.99 (cultured from 'Mycar', Abbott Laboratories USA); and V. lecanii 19.79 (used in 'Mycotal' Koppert BV, The Netherlands). Beauveria bassiana 432.99, H. thompsonii 463.99, M. anisopliae 442.99, and V. lecanii 450.99 were all pathogenic to T. urticae in this bioassay. In addition, it was found that the mortality caused by B. bassiana 432.99 and Naturalis-L was increased when the mites were exposed to tomato leaflets sprayed previously with conidia suspensions, compared to spraying the mites directly. In a glasshouse experiment, sprays of B. bassiana 432.99, H. thompsonii 463.99, M. anisopliae 442.99, V. lecanii 450.99 and Naturalis-L reduced T. urticae populations in a tomato crop grown according to commercial practice. Naturalis-L reduced T. urticae numbers by up to 97%. In a second glasshouse experiment, single sprays of Naturalis-L and the acaricide fenbutatin",https://doi.org/10.1080/09583150410001720617,0,doi
5003,rayyan-628424140,Laboratory assessment of Beauveria bassiana (Hypocreales: Clavicipitaceae) strain GHA for control of Listronotus maculicollis (Coleoptera: Curculionidae) adults.,2013,Clavet C;Hampton E;Requintina M;Alm SR,10.1603/ec12476,https://pubmed.ncbi.nlm.nih.gov/24498729/,Journal of economic entomology,01-existing-products,01-existing-products,existing-products,Named commercial Bb product or registry/approval product record,wave1_narrow_signal,high,accepted,,"Bioassays were designed to evaluate Beauveria bassiana (Balsamo) Vuillemin strain GHA against Listronotus maculicollis (Kirby) adults. B. bassiana and its 'inert' carrier oil in the product BotaniGard and the inert carrier oil alone provided 99 and 96% mortality, respectively, in petri dish assays 1 d after treatment when applied in 1 ml water. When the same treatments were applied in 0.5 ml of carrier water, mortality was only 1.4 and 0.7%, respectively, 1 d after treatment. After 10 d in petri dishes, B. bassiana and its inert carrier oil and the inert carrier oil alone applied in 0.5 ml water showed 77 and 9% mortality, respectively. When one-tenth the label dosage of B. bassiana and inert carrier oil was combined with neonicotinoids applied in 1 ml water, there were significant increases in weevil mortality over the neonicotinoids alone 1 d after treatment. When 88.7% of one-tenth the label dosage of inert carrier oil alone was combined with neonicotinoids clothianidin, imidacloprid, and dinotefuran applied in 1 ml water, there was also a significant increases (38%) with clothianidin in weevil mortality over clothianidin alone 1 d after treatment. B. bassiana and its inert carrier oil provided 28, 50, and 78% mortality at the highest label dosage and 47, 76, and 89% mortality at 4x the highest label dosage in turf plug assays at 7, 10, and 14 d after treatment. Addition of 5 or 20% MycoMax (a nutrient source for B. bassiana) did not significantly increase mortality.",https://doi.org/10.1603/ec12476,0,doi
5040,rayyan-628424244,Laboratory bioassay of Beauveria bassiana against Tetranychus urticae (Acari: Tetranychidae) on leaf discs and potted bean plants.,2015,Ullah MS;Lim UT,10.1007/s10493-014-9871-2,https://pubmed.ncbi.nlm.nih.gov/25500970/,Experimental & applied acarology,01-existing-products,01-existing-products,existing-products,Named commercial Bb product or registry/approval product record,wave1_narrow_signal,high,accepted,,"Use of the mycopathogen Beauveria bassiana (strain GHA), marketed as BotaniGard((R)) ES, was evaluated as a plant protection strategy against the spider mite Tetranychus urticae Koch, which is considered one of the most economically important and cosmopolitan pests of many crops. Tetranychus urticae were treated with four concentrations of conidia (1 10(5), 1 10(6), 1 10(7), or 1 10(8) conidia/ml), and virulence was assessed on mites held at four relative humidity levels (35, 55, 75, and 95 2 % RH) at 25 1 C. At 1 10(8) spores/ml, the LT50 value was 9.7 h at 95 % RH, which was significantly lower than values for other RH levels. At 1 10(7) spores/ml, the LT50 value was 43.8 h at 95 % RH, which was significantly different from values at 55 and 35 % RH. The efficacy of B. bassiana product was also verified on mites infesting potted bean plants with a concentration of 1 10(8) spores/ml. In double spray treatment where applications were made 2 on days 5 and 10 after mite infestation, the nymphal and adult population of T. urticae were reduced to zero on days 20 and 15, respectively. With a single spray on day 5, the nymphal population was also greatly reduced, but increased rapidly after day 20. Single and double sprays with B. bassiana reduced leaf damage as measured by image analysis by 33 and 94 % compared to no treatment, respectively. These results suggest that 1 10(8) spores/ml was the most effective dose and that two applications, at a 5-day interval,",https://doi.org/10.1007/s10493-014-9871-2,0,doi
268,rayyan-628415507,Laboratory evaluation of Beauveria bassiana strain ATCC74040 as a potential biocontrol agent of Aculops lycopersici,2025,"Sybilska, Anna;Madry, Nina;Wojcik-Gront, Elzbieta;Puchalska, Ewa",10.1038/s41598-025-24062-z,"[""http://europepmc.org/abstract/MED/41249353"", ""https://doi.org/10.1038/s41598-025-24062-z""]",Scientific reports,01-existing-products,01-existing-products,existing-products,Named commercial Bb product or registry/approval product record,wave1_narrow_signal,high,accepted,,"The tomato russet mite (TRM), Aculops lycopersici (Tryon) (Eriophyidae) is a major pest of tomato crops worldwide, responsible for extensive plant damage and substantial yield losses. The limited availability of chemical control options for this pest, particularly in the European Union, highlights the need for alternative management strategies. The aim of this study was to assess the pathogenicity of the entomopathogenic fungus Beauveria bassiana strain ATCC74040 (in the form of biopesticide Naturalis(R)) against TRM females and eggs under laboratory conditions (25 2 C, 80% RH, 16:8 L/D), using a graded series of concentrations (103-107 CFU mL-1). At the two highest levels tested (106 and 107 CFU mL-1), direct spraying caused mean mortalities of 61.7% and 88.6% of TRM females after five days, respectively, whereas in the residual assay (exposure to plants treated 24 h earlier) the same concentrations resulted in only 8.2% and 16.4% mortality, correspondingly. The lethal concentrations required to cause 50% and 90% mortality of directly treated females within five days (LC50 and LC90) were 2.65 105 CFU mL-1 (95% CI 1.87 105-3.74 105) and 1.51 107 CFU mL-1 (95% CI 8.12 106-2.83 107), respectively. In contrast, in residual assays, LC50 and LC90 values were substantially h",https://doi.org/10.1038/s41598-025-24062-z,0,doi
113,rayyan-628415283,Laboratory evaluation of the effect of Beauveria bassiana on the predatory mite Phytoseiulus persimilis (Acari: Phytoseiidae),2017,"Ullah, Mohammad Shaef;Lim, Un Taek",10.1016/j.jip.2017.06.006,https://app.dimensions.ai/details/publication/pub.1086060365,Journal of Invertebrate Pathology,01-existing-products,01-existing-products,existing-products,Named commercial Bb product or registry/approval product record,wave1_narrow_signal,high,accepted,,"Tetranychus urticae Koch (Acari: Tetranychidae), a major pest of many agricultural crops, is mainly controlled with chemical acaricides. However, predatory mites and entomopathogens have been proposed as alternative control agents. In this study, the effect of the BotaniGard(R) GHA strain of Beauveria bassiana on the survival, longevity, fecundity, and egg hatch rate of the predatory mite Phytoseiulus persimilis Athias-Henriot (Acari: Phytoseiidae) were studied under laboratory conditions. When B. bassiana was applied directly to P. persimilis eggs at a concentration of 1108conidia/ml, corrected hatchability was less than 5%, and the corrected mortality of nymphs and adults was not significantly different from control 10days after treatment. Phytoseiulus persimilis nymphs that hatched from treated eggs showed no significant change in their development time, adult female longevity, hatch rate, survival rates over time, or offspring sex ratio. However, significant negative effects on fecundity and life table parameters (net reproductive rate, intrinsic rate of natural increase, mean generation time, finite rate of increase, and doubling time) were found when B. bassiana was applied to the adult stage. Spraying B. bassiana at 1108conidia/ml on newly emerged adults of P. persimilis caused 44% reduction in the oviposition period, 26% in adult longevity, and 63% in fecundity. Due to these negative effects, B. bassiana should be used with careful adj",https://doi.org/10.1016/j.jip.2017.06.006,0,doi
114,rayyan-628415284,Larval Mortality and Ovipositional Preference in Aedes albopictus (Diptera: Culicidae) Induced by the Entomopathogenic Fungus Beauveria bassiana (Hypocreales: Cordycipitaceae),2022,"Kirsch, John M;Tay, Jia-Wei",10.1093/jme/tjac084,https://app.dimensions.ai/details/publication/pub.1149305122,Journal of Medical Entomology,01-existing-products,01-existing-products,existing-products,Named commercial Bb product or registry/approval product record,reaudit_prior_relevant,high,accepted,1,"Entomopathogenic fungi allow chemical-free and environmentally safe vector management. Beauveria bassiana (Balsamo-Crivelli) Vuillemin is a promising biological control agent and an important component of integrated vector management. We investigated the mortality of Aedes albopictus (Skuse) larvae exposed to five concentrations of B. bassiana using Mycotrol ESO and adult oviposition behavior to analyze the egg-laying preferences of wild Ae. albopictus in response to different fungal concentrations. We examined the mortality of mid-instars exposed to B. bassiana concentrations of 1 104, 1 105, 1 106, 1 107, and 1 108 conidia/ml every 24 h for 12 d. In the oviposition behavior study, the fungus was applied to wooden paddles at 1 105, 1 107, and 1 109 conidia/ml, and the paddles were individually placed into quad-ovitraps. Both experiments contained control groups without B. bassiana. Kaplan-Meier survival analysis revealed that larval mortality was concentration dependent. The median lethal concentration was 2.43 105 conidia/ml on d 12. The median lethal time was 3.68 d at 1 106 conidia/ml. Oviposition monitoring revealed no significant difference in egg count between the control and treatment paddles. We observed an inverse relationship between the concentration of B. bassiana and the percentage of paddles with eggs. We concluded that concentrations above 1 106 conidia/ml are larvicidal, and Ae. albopictus laid similar numbers of eggs on fungus-impregnat",https://doi.org/10.1093/jme/tjac084,0,doi
971,rayyan-628419676,Management of Frankliniella occidentalis (Thysanoptera: Thripidae) with granular formulations of entomopathogenic fungi,2012,"Skinner, Margaret;Gouli, Svetlana;Frank, Cheryl E;Parker, Bruce L;Kim, Jae Su",10.1016/j.biocontrol.2012.08.004,"[""http://europepmc.org/abstract/AGR/IND601120484"", ""https://doi.org/10.1016/j.biocontrol.2012.08.004""]",Biological Control.,01-existing-products,01-existing-products,existing-products,Named commercial Bb product or registry/approval product record,wave1_narrow_signal,high,accepted,,"Western flower thrips (WFT), Franklinella occidentalis, is a major pest of ornamentals. Mycotized millet grains with entomopathogenic fungi applied to soil of potted marigold plants were tested to target the soil-dwelling stages of thrips. Two experimental fungal isolates, (Beauveria bassiana [ARS7060] and Metarhizium anisopliae [ERL1171]), were compared with the registered B. bassiana strain GHA [commercialized as BotaniGard(R)] and untreated controls in greenhouse caged trials. Mycotized millet grains were mixed into the upper surface of the potting soil in pots of flowering 'Hero Yellow' marigolds (4g/pot). One week after application five mated WFT females were released onto each plant (four plants per cage). At 8weeks post-infestation, the mean total number of thrips per plant was 81% and 90% less in the ERL1171 and ARS 7060 treatments, respectively, than in the control. The mean numbers of thrips per plant for the control and GHA treatments were not significantly different. Plant damage was 60% less on plants treated with the experimental fungi than the control and GHA treatments. At 10weeks post-application, 75-90% of WFT collected from the treatments of the experimental fungi were infected with the fungal species applied. These results demonstrate that soil applications of entomopathogenic fungi can reduce WFT populations significantly and prevent major damage.",https://doi.org/10.1016/j.biocontrol.2012.08.004,0,doi
1522,rayyan-628420271,Mitigating trans-boundary movement of Bemisia tabaci (Hemiptera: Aleyrodidae) on Mentha sp. by pre-shipping treatments of biopesticides,2018,"Aristizabal, Luis F;Avery, Pasco B;Kumar, Vivek;Caldwell, Jean H;McKenzie, Cindy L;Osborne, Lance S",10.1016/j.cropro.2018.01.015,"[""http://europepmc.org/abstract/AGR/IND605896375"", ""https://doi.org/10.1016/j.cropro.2018.01.015""]",Crop Protection,01-existing-products,01-existing-products,existing-products,Named commercial Bb product or registry/approval product record,wave1_narrow_signal,high,accepted,,"Bemisia tabaci (Gennadius) (Hemiptera: Aleyrodidae) cryptic species complex represents a major threat to several important crops including vegetables, cereals, fruits, and ornamentals worldwide. One important mode of its dispersal is through the trans-boundary (domestic, international) movement of infested plant materials. To prevent the spread of this invasive insect pest on inter-state ornamental shipments, the efficacy of biopesticides was tested through dip treatments of plant material pre-shipping. In several experiments, clean Mentha sp. (Lamiaceae), mint plants were exposed to adults of B. tabaci for 1 or 6 days. Adults were removed from plants and eggs, and immature stages were treated with one or a combination of the following: entomopathogenic fungi Beauveria bassiana (BotaniGard(R)), Isaria fumosorosea (Preferal(R)), the surfactant Natur'l OilTM, and soap (Publix(R)). After treatment application, plants were placed in commercial cardboard boxes and shipped from Apopka, Florida (FL) to Fort Pierce, FL. Assessments for the treatment efficacies were conducted at 3, 7, and 14 days post arrival of the shipment. Fungal entomopathogens; B. bassiana, I. fumosorosea, and the surfactant Natur'l OilTM, showed significant reduction in the whitefly population compared to the untreated control (P 0.05). Significantly higher corrected mortality of the whitefly populations was observed when B. bassiana was applied alone (81%) or in combination with Natur'l OilTM (86%), as well as I. fumo",https://doi.org/10.1016/j.cropro.2018.01.015,0,doi
2896,rayyan-628421802,Mycoinsecticides for aphid management : a biorational approach,2000,"Yeo, Helen",,"[""http://europepmc.org/theses/ETH/523877"", ""https://ethos.bl.uk/OrderDetails.do?uin=uk.bl.ethos.523877""]",,01-existing-products,01-existing-products,existing-products,Named commercial Bb product or registry/approval product record,wave1_narrow_signal,high,accepted,,"This study considered a novel approach to selecting isolates of Hyphomycete fungi as mycoinsecticides for biological control of aphids in arable crops in the UK. The approach was designed to select isolates which were compatible with both the biotic and abiotic environment. Aphis fabae was chosen as a representative target aphid for bioassays, based on results of preliminary experiments. Eighteen isolates of fungi were screened at a single concentration of 1x 108 conidia ml1 against apterous adult A. fabae, which were incubated at 23C. Spray applications were made using an electrostatic rotary atomiser in both laboratory and field experiments. Isolates that originated from aphid hosts were most pathogenic to A. fabae. Four isolates were selected for further studies; ARSEF 2879 (Beauveria bassiana), HRI 1.72 (Verticillium lecanii), Mycotrol strain GHA (B. bassiana) and Z11 (Paecilomyces fumosoroseus). Isolate HRI 1.72 was most virulent to A. fabae in dose-response assays compared to other isolates; at concentrations of 1x 105 conidia ml1 and above, mortality of aphids due to infection by HRI 1.72 was 100%. Isolates of P. fumosoroseus and V. lecanii were able to grow and germinate better in vitro ... (continues)",http://europepmc.org/theses/ETH/523877,0,title
407,rayyan-628415741,Oviposition Deterrence and Immature Survival of Filth Flies (Diptera: Muscidae) When Exposed to Commercial Fungal Products,2016,"Machtinger, E.T.;Weeks, E.N.I.;Geden, C. J.",10.1093/jisesa/iew032,https://app.dimensions.ai/details/publication/pub.1035122372,Journal of Insect Science,01-existing-products,01-existing-products,existing-products,Named commercial Bb product or registry/approval product record,reaudit_prior_relevant,high,accepted,1,"Filth flies are pests of livestock, and can transmit pathogens that cause disease to animals and their caretakers. Studies have shown successful infection of adult filth flies following exposure to different strains and formulations of entomopathogenic fungi. This study aimed to examine the effects of commercial formulations of Beauveria bassiana (Balsamo) (Moniliales: Moniliaceae) (i.e., BotaniGard ES, Mycotrol O, balEnce), and Metarhizium brunneum (Metsch.) (Ascomycota: Hypocreales) (i.e., Met52 EC), on filth fly oviposition and immature fly survival after exposure. House flies, Musca domestica L., laid significantly fewer eggs on Met52 EC-treated surfaces than on surfaces treated with all other products and the control. Similar numbers of eggs were laid on surfaces treated with all B. bassiana products, but egg production was half of the control. Stable flies, Stomoxys calcitrans (L.), laid the fewest eggs on Met52 EC- and Mycotrol O-treated surfaces. This species did not distinguish between the remaining products and the control. In a second experiment, house fly eggs were placed on treated cloths so that hatched larvae contacted the treatment prior to development. Met52 EC had the greatest effect on immature survival with a significant reduction in recovered pupae at the medium and high doses of fungi. Overall, Met52 EC, containing M. brunneum, had the greatest effect on house fly and stable fly oviposition deterrence and immature development of house flies. Management i",https://doi.org/10.1093/jisesa/iew032,0,doi
585,rayyan-628416077,PSXI-4 Beauveria bassiana to control the mealworm Alphitobius diaperinus in chicken barns,2020,"Nadeau, Martin;Todorova, Silvia;Julien, Carl",,"[""http://europepmc.org/abstract/PMC/PMC7702525"", ""https://www.ncbi.nlm.nih.gov/pmc/articles/PMC7702525/?tool=EBI""]",Journal of animal science,01-existing-products,01-existing-products,existing-products,Named commercial Bb product or registry/approval product record,wave2_gap_01_products,high,accepted,,"Abstract One of the most common insects in poultry houses is the mealworm Alphitobius diaperinus, also known as the darkling beetle. Immature (larvae) and adults feed on seeds spilled on the ground or from poultry droppings. In addition to structural damage, this insect can also be a vector of diseases that can affect birds. In addition, the indigestible shell of the insect can cause digestion problems for birds, and thus affect the profitability of production. It is considered impossible to eliminate the populations of mealworms, and in organic poultry production, the control options are limited. The mycoinsecticide BioCeres WP, based on the fungus Beauveria bassiana, and which controls aphids, has been proposed to control the mealworm A. diaperinus in chicken barns. 450 adult mealworms from a commercial chicken barn were randomly distributed in 9 containers (1 m2) containing 10 cm of wood shavings litter and chicken feed. BioCeres WP was applied by spraying two applications of 40 ml of 10 g/L solution (representing 4 x 10^9 conidia per m2 per application). Mealworms were housed during a broiler batch at the chicken barn they were harvested from and received one of the following treatments: 1) control, water spraying; 2) BioCeres WP treatment. 3 repetitions for control and 6 for BioCeres WP were performed. BioCeres WP increased the mortality rate of mealworms (+101%, P 0.02; 17.8% vs. 8.6%), compared to untreated mealworms, 28 days after treatment. Mortality rates were aff",http://europepmc.org/abstract/PMC/PMC7702525,0,title
2589,rayyan-628421432,Pathogenicity of Beauveria bassiana against Immature Stages of Diaphorina citri1 under Laboratory Conditions,2020,"Cruz-Cruz, Damaris;Gomez, Jaime;Barrera, Juan F;Sanchez-Pena, Sergio Rene;Valle Mora, Javier Francisco",,http://europepmc.org/abstract/AGR/IND607115348,Southwestern Entomologist,01-existing-products,01-existing-products,existing-products,Named commercial Bb product or registry/approval product record,wave1_narrow_signal,high,accepted,,"Asian citrus psyllid, Diaphorina citri Kuwayama (Hemiptera: Liividae), is the most important pest of citrus worldwide. It is the vector of the bacteria Liberibacter spp. responsible for Huanglongbing, a devastating disease of citrus. The pathogenicity of four Beauveria bassiana (Balsamo) Vuillemin (Hypocreales: Cordycipitaceae) strains and a commercial product were evaluated on immature stages of D. citri in laboratory bioassays. At a concentration of 1108 conidia per milliliter, neither the strains nor commercial product of B. bassiana had any effect on D. citri eggs; 95% of the eggs hatched and nymphs continued development into adults. The strains evaluated, Bb-Rhy, Bb-Dc, Bb-18, Botanigard, and Bb-Hy, killed 58, 56, 45, 43, and 21%, respectively, of all nymphs. The shortest lethal times, 8.5 and 9.5 days, were by Bb-Rhy and Bb-Dc strains. Bb-Rhy killed significantly more I-III than IV-V stage nymphs. Median lethal concentrations of the most pathogenic strains on nymph IV-V instars were 8.34106 conidia per milliliter by Bb-Dc and 1107 by Bb-Rhy. The impact of the fungus on nymphal stages was discussed.",http://europepmc.org/abstract/AGR/IND607115348,0,title
4965,rayyan-628424056,Persistence and Lethality of a Fungal Biopesticide (Aprehend) Applied to Insecticide-impregnated and Encasement-type Box Spring Covers for Bed Bug Management.,2019,Shikano I;Gomez L;Bellicanta GS;Jenkins NE,10.1093/jee/toz135,https://pubmed.ncbi.nlm.nih.gov/31115457/,Journal of economic entomology,01-existing-products,01-existing-products,existing-products,Named commercial Bb product or registry/approval product record,wave1_narrow_signal,high,accepted,,"The newly developed fungal biopesticide Aprehend, containing spores of Beauveria bassiana, is the first biological control agent to be incorporated into management programs to control the common bed bug (Cimex lectularius L.) (Hemiptera: Cimicidae). Aprehend is sprayed as barriers where bed bugs are likely to walk and pick up spores as they search for a bloodmeal. A key application target for Aprehend is the box spring, which may be covered by encasement-type or insecticide-impregnated covers. Since some insecticides can reduce the persistence of fungal spores, we tested the efficacy and spore germination percentages of Aprehend when applied to the two types of box spring covers. We found that spore germination was about 11% lower on the permethrin-impregnated ActiveGuard cover than on the encasement-type AllerEase cover. However, bed bugs exposed for 15 min to Aprehend on the two box spring covers suffered similarly high levels of mortality irrespective of the cover material. Thus, there was no inhibitory or additive effect of the ActiveGuard cover on bed bug mortality. Lastly, overall mortality was higher if bed bugs were exposed to Aprehend-treated ActiveGuard than the ActiveGuard cover alone. Our findings indicate that if pest managers are using ActiveGuard covers in combination with Aprehend, best practice would be to use ActiveGuard on mattresses and apply Aprehend directly to the box spring or to a box spring covered by an encasement-type cover.",https://doi.org/10.1093/jee/toz135,0,doi
5145,rayyan-628424776,Potential of dip treatments to disinfest cuttings of the invasive Thrips parvispinus (Thysanoptera: Thripidae).,2025,Ataide LMS;Velazquez-Hernandez Y;Reyes-Arauz I;Villamarin P;Canon MA;Revynthi AM,10.1093/jee/toae265,https://pubmed.ncbi.nlm.nih.gov/39879645/,Journal of economic entomology,01-existing-products,01-existing-products,existing-products,Named commercial Bb product or registry/approval product record,wave1_narrow_signal,high,accepted,,"Thrips parvispinus (Karny) (Thysanoptera: Thripidae), an invasive thrips species, poses a significant threat to global agriculture due to its polyphagous nature and rapid spread. Its recent arrival in the continental United States raises concerns about potential impacts on ornamental and vegetable crops. Dip treatments might serve as a phytosanitary practice for growers to start with plants free of visible pests. This study aimed to assess the efficacy of dip treatments using 4 biorational and microbial insecticides (mineral oil and Beauveria bassiana-based) in controlling T. parvispinus on bean seedlings. Following gentle agitation of cuttings, artificially infested with 10 second-instar (L2) larvae, for 15 s in each solution, thrips infestation was evaluated at 1, and 24 h postdipping, scoring the numbers of dislodged and dead larvae. Additionally, we tested whether dipping could cause phytotoxicity on bean (Phaseolus vulgaris L.), gardenia (Gardenia jasminoides Ellis), and mandevilla (Mandevilla splendens (Hook.f.) Woodson) cuttings during a 7-day period. Our results demonstrated that dip treatments effectively dislodged and killed T. parvispinus L2 larvae from infested cuttings, with BotaniGard-ES and Suffoil-X exhibiting the highest efficacy and a dislodgment rate of 80%-100%. BotaniGard-ES was the only product causing phytotoxicity on bean seedlings, but not on mandevilla and gardenia. Overall, we demonstrated that dip treatment using biorational insecticides is an add",https://doi.org/10.1093/jee/toae265,0,doi
5048,rayyan-628424273,"Potential of two entomopathogenic fungi, Beauveria bassiana and Metarhizium anisopliae (Coleoptera: Scarabaeidae), as biological control agents against the June beetle.",2015,Erler F;Ates AO,10.1093/jisesa/iev029,https://pubmed.ncbi.nlm.nih.gov/25881632/,Journal of insect science (Online),01-existing-products,01-existing-products,existing-products,Named commercial Bb product or registry/approval product record,wave1_narrow_signal,high,accepted,,"The aim of this study was to evaluate the effectiveness of the entomopathogenic fungi (EPF), Beauveria bassiana (Bals.) Vuill. (Deuteromycotina: Hyphomycetes) strain PPRI 5339 [BroadBand, an emulsifiable spore concentrate (EC) formulation] and Metarhizium anisopliae (Metsch.) Sorokin (Hypocreales: Clavicipitaceae) strain F52 [Met52, both EC and granular (GR) formulations] against the larvae of Polyphylla fullo (L.) (Coleoptera: Scarabaeidae). Larvicidal bioassays were performed in foam boxes (100 by 75 by 50 cm; length by width by height), containing moist soil medium with some humus and potato tubers as food. Although the B. bassiana product (min. 4 10(9) conidia/ml) was applied at 100, 150, and 200 ml/100 l water; M. anisopliae strain F52 was applied at 500, 1,000, and 1,500 g/m(3) of moist soil medium for GR (9 10(8) cfu/g) and 75, 100, and 125 ml/100 l water for EC (5.5 10(9) conidia/ml) formulation. Both fungi were pathogenic to larvae of the pest; however, young larvae (1st and 2nd instars) were more susceptible to infection than older ones (3rd instar). Mortality rates of young and older larvae varied with conidial concentration of both fungi and elapsed time after application. The B. bassiana product was more effective than both of the formulations of the M. anisopliae product, causing mortalities up to 79.8 and 71.6% in young and older larvae, respectively. The highest mortality rates of young and older larvae caused by the M. anisopliae product were 74.1 and",https://doi.org/10.1093/jisesa/iev029,0,doi
850,rayyan-628419549,Preliminary Observations on Pathogenicity of Commercial Formulations of Metarhizium anisopliae1 and Beauveria bassiana1 Entomopathogenic Fungi for Control of Frankliniella invasor2 Under Laboratory Conditions,2017,"Toledo-Hernandez, Ricardo Alberto;Ortiz-Giron, Jose Antonio;Sanchez, Daniel",,http://europepmc.org/abstract/AGR/IND605947293,Southwestern Entomologist,01-existing-products,01-existing-products,existing-products,Named commercial Bb product or registry/approval product record,wave1_narrow_signal,high,accepted,,"At Chiapas, Mexico, Frankliniella invasor Sakimura (Thysanoptera: Thripidae) causes large economic loses to growers of mango (Mangifera indica L.), in addition to enormous ecological impact by insecticides used to control the thrips. We evaluated two commercial formulations Meta-TNK(R) [a.i. Metarhizium anisopliae (Metsch.) Sorokin sensu lato (s.l.)] and BotaniGard(R), [a.i. Beauveria bassiana (Bals.) Vuill.] as potential alternatives for control of female F. invasor adults. We found 91 2.0 and 95 1.1% of individuals exposed to Meta-TNK(R) and BotaniGard(R), respectively, dead by 48 hours after exposure. Both formulations have promising features to be used to control F. invasor.",http://europepmc.org/abstract/AGR/IND605947293,0,title
5129,rayyan-628424718,"Preliminary study of genetic variation in Hawaiian isolates of Beauveria bassiana [Hypocreales, Cordycipitaceae].",2011,Hollingsworth RG;Lysy AM;Matsumoto TK,10.1016/j.jip.2010.12.008,https://pubmed.ncbi.nlm.nih.gov/21167170/,Journal of invertebrate pathology,01-existing-products,01-existing-products,existing-products,Named commercial Bb product or registry/approval product record,wave1_narrow_signal,high,accepted,,"There have been no previous surveys documenting genetic diversity in Beauveria bassiana (Balsamo) Vuillemin in Hawaii. We used PCR primers and DNA sequencing to genetically characterize 14 isolates of B. bassiana collected from insects in east Hawaii island (the largest Hawaiian island, known as the 'Big Island') and compared these with the 'GHA' strain found in the commercial product BotaniGard(R). Twelve of the 14 Hawaiian isolates were unique and the GHA strain was not among those isolated from the wild. Our data provides evidence that genetic diversity of B. bassiana in Hawaii is high over small spatial scales.",https://doi.org/10.1016/j.jip.2010.12.008,0,doi
456,rayyan-628415854,Response of the macadamia seed weevil Kuschelorhynchus macadamiae (Coleoptera: Curculionidae) to Metarhizium anisopliae and Beauveria bassiana in laboratory bioassays,2020,"Khun, Kim Khuy;Ash, Gavin J;Stevens, Mark M;Huwer, Ruth K;Wilson, Bree A L",10.1016/j.jip.2020.107437,https://app.dimensions.ai/details/publication/pub.1128744229,Journal of Invertebrate Pathology,01-existing-products,01-existing-products,existing-products,Named commercial Bb product or registry/approval product record,wave1_narrow_signal,high,accepted,,"Macadamia seed weevil, Kuschelorhynchus macadamiae Jennings and Oberprieler, is a major pest of macadamia in eastern Australia, causing yield losses of up to 15%. Current control methods involve two applications of acephate per season but more recently have moved to a single application of indoxacarb, combined with the collection and destruction of fallen nuts that contain developing larvae. As a first step towards reducing the dependence of the industry on synthetic insecticides, we tested six isolates of M. anisopliae, six isolates of B. bassiana and one commercial B. bassiana product (Velifer(R) biological insecticide) against adult macadamia seed weevil under laboratory conditions. All isolates were pathogenic against adult weevils with M. anisopliae accession ECS1/BRIP 70272 and B. bassiana accession B27/BRIP 70267 causing 97.5% and 92.5% mortality 12 days after being treated at 1 107 conidia/mL. Isolates ECS1/BRIP 70272 and B27/BRIP 70267 had the shortest LT50 values of 5.13 days and 5.37 days respectively. The median lethal concentrations (LC50) for ECS1/BRIP 70272 and B27/BRIP 70267 were 1.48 105 and 1.65 105 conidia/mL respectively. Results of this study indicate that M. anisopliae accession ECS1/BRIP 70272 and B. bassiana accession B27/BRIP 70267 have considerable potential for K. macadamiae control, and should be developed into biological insecticides for integration into macadamia pest management programs.",https://doi.org/10.1016/j.jip.2020.107437,0,doi
5072,rayyan-628424420,Seed inoculation with endophytic fungal entomopathogens promotes plant growth and reduces crown and root rot (CRR) caused by Fusarium culmorum in wheat.,2018,Jaber LR,10.1007/s00425-018-2991-x,https://pubmed.ncbi.nlm.nih.gov/30140979/,Planta,01-existing-products,01-existing-products,existing-products,Named commercial Bb product or registry/approval product record,wave1_narrow_signal,high,accepted,,"Fungal entomopathogens, Beauveria bassiana (NATURALIS) and Metarhizium brunneum (BIPESCO5), can promote the growth of wheat following their endophytic establishment within plants through seed treatment. Similar to endophytic B. bassiana which has already been reported as a disease antagonist by several previous studies, the present study demonstrates that M. brunneum can suppress disease pathogens following plant colonization as well. An upsurge of research hints at the ability of entomopathogenic fungi, almost exclusively considered and used as insect pathogens, to endophytically colonize the internal tissues of a wide array of host plants and subsequently confer numerous benefits including enhancement of plant growth and suppression of disease pathogens. Such an ability has mainly been investigated for Beauveria bassiana. Fewer studies have demonstrated plant growth promotion by Metarhizium brunneum colonization, whereas no studies have reported on the potential of endophytic M. brunneum as a plant disease antagonist. The present study was, therefore, conducted to investigate whether seed treatment with B. bassiana (NATURALIS) and M. brunneum (BIPESCO5) could result in their endophytic establishment in wheat and promote plant growth. The study further examines the effect of the fungal strains as endophytes against Fusarium culmorum, one of the main causal agents of crown and root rot (CRR) in wheat. Both B. bassiana and M. brunneum were able to systemically colonize roots",https://doi.org/10.1007/s00425-018-2991-x,0,doi
2577,rayyan-628421418,"Sensitivity of Ixodes ricinus (L., 1758) and Dermacentor reticulatus (Fabr., 1794) ticks to entomopathogenic fungi isolates: preliminary study",2020,"Szczepanska, Anna;Kiewra, Dorota;Plewa-Tutaj, Kinga;Dyczko, Dagmara;Guz-Regner, Katarzyna",10.1007/s00436-020-06805-1,"[""http://europepmc.org/abstract/MED/32661888"", ""https://link.springer.com/content/pdf/10.1007/s00436-020-06805-1.pdf""]",Parasitology research,01-existing-products,01-existing-products,existing-products,Named commercial Bb product or registry/approval product record,wave1_narrow_signal,high,accepted,,"Entomopathogenic fungi of the genus Beauveria and Metarhizium play an important role in controlling the population of arthropods. However, the data on their effectiveness against ticks focus mainly on species that do not occur in Europe. The aim of the study was to assess the effectiveness of entomopathogenic fungi against two of the most important tick species in Europe: Ixodes ricinus and Dermacentor reticulatus. In our study, the majority of tested entomopathogenic fungi strains showed potential efficacy against both tick species; however, D. reticulatus was less susceptible in comparison to I. ricinus. The observed mortality of ticks was up to 100% by using all commercial strains as well as three out of nine of the environmental strains. Among all tested fungi, the most effective against both tick species was environmental strain Metarhizium anisopliae LO4(1) with LC50 values: 2.6 103 cfu/ml-5.7 105 cfu/ml. Botanigard proved to be more effective than MET52 with LC50 values: 6.8 103 cfu/ml-3.3 106 cfu/ml. The conducted bioassays indicate the potential possibility of using the environmental isolates of entomopathogenic fungi, as well as commercial strains in control of local populations of I. ricinus and D. reticulatus; however, the possibility of using them in vivo requires more research.",https://doi.org/10.1007/s00436-020-06805-1,0,doi
4966,rayyan-628424057,Spores of Beauveria bassiana and Trichoderma lignorum as a bioinsecticide for the control of Atta cephalotes.,2019,Daza FFF;Roman GR;Rodriguez MV;Vargas IAG;Heano HC;Cereda MP;Mulet RAC,10.1186/s40659-019-0259-y,https://pubmed.ncbi.nlm.nih.gov/31530279/,Biological research,01-existing-products,01-existing-products,existing-products,Named commercial Bb product or registry/approval product record,wave1_narrow_signal,high,accepted,,"BACKGROUND: The leafcutter ant (Atta cephalotes) is associated with losses in the agricultural sector, due to its defoliating activity; for its control, biological, mechanical and chemical methods have been developed, the latter associated with adverse effects on human and environmental health. This research validated in the field for the control of the leafcutter ant (A. cephalotes) using a mixture of Beauveria bassiana and Trichoderma lignorum spores. METHODS: The effectiveness from the combination of spores of B. bassiana and T. lignorum with an initial concentration of 2 10(9) spores/ml, in the following proportions of B. bassiana and T. lignorum, A (1:1), of each fungus. It was evaluated within the university campus, comparing it with two commercial formulations, Mycotrol (B. bassiana) and Mycobac (T. lignorum). Additionally, this formulation was evaluated in 49 nests distributed 16 in 14 locations in Colombia. The formulation application was carried out by direct application, using a pump at a speed of 10 ml/m(2). The effectiveness was estimated from the reduction of the flow of ants, evaluating the statistically significant differences using the ANOVA and Tukey-test. RESULTS: Effective control of 90% of the nests was observed in the field phase in 60 days, except in nests with areas 50 m(2) that were located in regions with high rainfall (annual average precipitation above 7000 mm), such as Buenaventura. CONCLUSIONS: In this work, it was demonstrated that the comb",https://doi.org/10.1186/s40659-019-0259-y,0,doi
4987,rayyan-628424099,Susceptibility of Agrilus planipennis (Coleoptera: Buprestidae) to Beauveria bassiana and Metarhizium anisopliae.,2006,Liu H;Bauer LS,10.1603/0022-0493-99.4.1096,https://pubmed.ncbi.nlm.nih.gov/16937660/,Journal of economic entomology,01-existing-products,01-existing-products,existing-products,Named commercial Bb product or registry/approval product record,reaudit_prior_relevant,high,accepted,1,"The susceptibility of Agrilus planipennis Fairmaire (Coleoptera: Buprestidae) to selected strains of the entomopathogenic fungi Beauveria bassiana (Balsamo) Vuillemin and Metarhizium anisopliae (Metschnikoff) Sorokin was evaluated through bioassays with direct immersion or foliar exposure under laboratory conditions. Results showed that A. planipennis adults were susceptible to B. bassiana and M. anisoplae. Significant time-mortality response was found for each isolates. Isolate B. bassiana GHA killed A. planipennis adults at a faster rate compared with other isolates tested, with the lowest average time-to-death values. The LC50 values estimated under direct immersion method ranged from 1.7 x 10(5) to 1.9 x 10(7), 3.5 x 10(4) to 5.3 x 10(5), and 4.1 x 10(3) to 2.9 x 10(5) conidia/ml for B. basissiana and from 3.2 x 10(6) to 1.1 x 10(7), 4.5 x 10(3) to 4.5 x 10(5), and 1.4 x 10(2) to 1.2 x 10(5) conidia/ml for M. anisopliae at 4, 5, and 6 d after treatment, respectively. By days 5 and 6, B. bassiana GHA outperformed all other isolates tested except ARSEF 7234, followed by ARSEF 7152, 6393, and 7180. Significant concentration-mortality response was also observed for two B. bassiana GHA formulations, BotaniGard ES and Mycotrol O, and M. anisopliae F52 when insects were treated through foliar exposure. The LC50 values ranged from 114.5 to 309.6, 18.4 to 797.3, and 345.3 to 362.0 conidia/cm2 for BotaniGard, Mycotrol, and M. anisopliae F52, respectively. Based on the results of t",https://doi.org/10.1603/0022-0493-99.4.1096,0,doi
2708,rayyan-628421579,Susceptibility of Microtheca ochroloma (Coleoptera: Chrysomelidae) to Botanical and Microbial Insecticide Formulations,2013,"Balusu, Rammohan;Fadamiro, Henry Y",10.1653/024.096.0327,"[""http://europepmc.org/abstract/AGR/IND601273541"", ""https://bioone.org/journals/florida-entomologist/volume-96/issue-3/024.096.0327/Susceptibility-of-Microtheca-ochroloma-Coleoptera-Chrysomelidae-to-Botanical-and-Microbial/10.1653/024.096.0327.pdf""]",Florida Entomologist,01-existing-products,01-existing-products,existing-products,Named commercial Bb product or registry/approval product record,wave1_narrow_signal,high,accepted,,"The yellowmargined leaf beetle, Microtheca ochroloma Stal (Coleoptera: Chrysomelidae), is a key pest of organic crucifer production in the southern United States. The susceptibility of larvae and adults of M. ochroloma to some botanical and microbial insecticide formulations was evaluated using laboratory leaf-dip bioassays. Insecticides evaluated included OMRI (Organic Material Review Institute) approved formulations of PyGanic(R) (pyrethrum), Entrust(R) (spinosad), Mycotrol O(R) (Beauveria bassiana strain GHA), and NOFLY(R) (Isaria fumosoroseus strain FE 9901). Others were MBI-203 (experimental organic formulation of Chromobacterium subtsugae) and BotaniGard(R) 22WP (conventional formulation of Beauveria bassiana strain GHA). The insecticides were first evaluated at the field recommended rate against M. ochroloma larvae and adults, followed by multiple-concentration assays to determine the LC50 and LT50 for promising formulations. At the field recommended rates, all tested formulations were toxic to the larvae compared to the untreated control, whereas only Entrust(R) and PyGanic(R) were effective against the adults. Entrust(R) and PyGanic(R) caused 100% mortality to the larvae and adults after just 24 h of exposure. The LC50 values of Entrust(R) and PyGanic(R) were 200 and 15 less than the field recommended rates, respectively. MBI-203 was effective against the larvae (100% mortality after 5 days) but not against the adults. The entomopathogenic fungal formulations, Mycotrol(R), NOFLY(R), and B",https://doi.org/10.1653/024.096.0327,0,doi
384,rayyan-628415698,"Susceptibility of Myzus persicae, Brevicoryne brassicae and Nasonovia ribisnigri to Fungal Biopesticides in Laboratory and Field Experiments",2020,"Prince, Gill;Chandler, Dave",10.3390/insects11010055,"[""http://europepmc.org/abstract/MED/31963410"", ""https://doi.org/10.3390/insects11010055""]",Insects,01-existing-products,01-existing-products,existing-products,Named commercial Bb product or registry/approval product record,wave1_narrow_signal,high,accepted,,"The aim of this study was to evaluate the potential of entomopathogenic fungi (EPF) for the control of aphid pests of field vegetable crops. Four biopesticides based on the EPF Beauveria bassiana (Botanigard ES and Naturalis L), Cordyceps fumosorosea s.l. (Preferal WG), and Akanthomyces dipterigenus (Vertalec) were evaluated in a laboratory bioassay against peach-potato aphid Myzus persicae, cabbage aphid Brevicoryne brassicae, and currant-lettuce aphid Nasonovia ribisnigri. There was significant variation in the spore dose provided by the products, with Botanigard ES producing the highest dose (639 viable spores per mm2). Botanigard ES also caused more mortality than the other products. Combining Vertalec with the vegetable oil-based adjuvant Addit had an additive effect on the mortality of B. brassicae. All fungal products reduced the number of progeny produced by M. persicae but there was no effect with B. brassicae or N. ribisnigri. When aphid nymphs were treated with Botanigard ES and Preferal WG, both products reduced population development, with up to 86% reduction occurring for Botanigard ES against M. persicae. In a field experiment, Botanigard ES sprayed twice, at seven-day intervals, against B. brassicae on cabbage plants, reduced aphid numbers by 73%. In a second field experiment with B. brassicae, M. persicae, and N. ribisnigri, Botani",https://doi.org/10.3390/insects11010055,0,doi
5006,rayyan-628424145,Sustainable Management of Tetranychus urticae and Trialeurodes vaporariorum on Tomato and Cucumber Plants Using Rhamnolipids and Essential Oil-Based Biocontrol Agents.,2024,Thomidis T;Damos P,10.3390/insects15090720,https://pubmed.ncbi.nlm.nih.gov/39336688/,Insects,01-existing-products,01-existing-products,existing-products,Named commercial Bb product or registry/approval product record,wave1_narrow_signal,high,accepted,,"Rhamnolipids (RLs), biosurfactants produced by Pseudomonas aeruginosa, have gained attention for their potential role in pest management. This study investigated the efficacy of RLs in controlling the two-spotted spider mite (Tetranychus urticae) and the whitefly (Trialeurodes vaporariorum), as well as a novel non-commercial essential oil-based product, Petir Kilat, on cucumber and tomato plants within a controlled greenhouse environment. The RLs were tested at concentrations of 1 mL/L and 2 mL/L, compared to commercial biopesticides including abamectin (ABAMAX) and Beauveria bassiana (NATURALIS). The results indicated that ABAMAX achieved the highest mortality rates for T. urticae and T. vaporariorum, with 100% mortality observed at 7 days. NATURALIS was also highly effective, particularly for whiteflies, though its efficacy declined over time. RLs showed a dose-dependent increase in mortality, with the higher concentration (2 mL/L) yielding more promising results, though not surpassing the commercial products. Petir Kilat, derived from orange essential oils, demonstrated significant control, particularly at higher concentrations, comparable to or exceeding the effectiveness of NATURALIS and ABAMAX in some cases. Statistical analyses revealed significant differences between treatments in most cases (p 0.05). The findings underscore the potential of RLs and Petir Kilat as components of integrated pest management (IPM) strategies. While RLs are effective, their performance",https://doi.org/10.3390/insects15090720,0,doi
3177,rayyan-628422093,"Sweetpotato whitefly control by Naturalis-L, the fungus Beauveria bassiana, in furrow and sub-drip irrigated upland cotton",1994,"Akey, DH;Henneberry, TJ",,http://europepmc.org/abstract/AGR/IND20454880,Proceedings,01-existing-products,01-existing-products,existing-products,Named commercial Bb product or registry/approval product record; Include from title only; abstract missing; Title-only include; abstract missing; to be verified; Human QA 2026-08-08: accepted from uncertain (title-only),wave1_narrow_signal,high,accepted,,"Sundance Farms of Coolidge, AZ was the primary study site with DPL 5415 cotton. For the furrow irrigation test, a field was divided into two 15-acre halves. Beauveria bassiana (as Naturalis-L) was applied to one half of the field (15 sub-sampling plots, 3 X 5). The synthetic pyrethroids bifenthrin (as Capture) and zeta-cypermethrin (as Mustang) were applied to the second half (5 and 10 ac, subplots of 1 X 5 and 2 X 5, respectively) as a standard for comparison. For the sub-drip irrigated test, 2 fields were used. In field one, 15 ac were treated with B. bassiana and in the second field, bifenthrin was applied to 5 and zeta-cypermethrin to 10 ac. Sub-plot divisions were similar to the furrow irrigation test. Label application were used at 25-30 gal/ac applied with a ground sprayer (JD 6000 HI CYCLE) with inverted Y drops on the boom at 70-90 psi. Five applications were made by ground in August and September. All life stages of sweetpotato whitefly (SPWF) Bemisia tabaci were sampled. For SPWF egg counts in drip-irrigated cotton, mean number/cm2 were 0.07, 0.04, and 0.10 for B. bassiana, bifenthrin, and zeta-cypermethrin treatments, respectively. Differences among means were not significant. For SPWF egg counts in furrow-irrigated cotton, mean number/cm2 were 4.60, 1.24, and 1.50 for B. bassiana, bifenthrin, and zeta-cypermethrin, respectively; differences between means for drip versus furrow irrigation were significant at P < 0.05. By 2-way ANOVA, the B. bassiana egg mean in furrow irrigation (4.60) was significantly different from all other means at P < 0.001 - interaction. For SPWF large immature counts in drip-irrigated cotton, mean number/cm2 were 0.02, 0.03, and 0.04 for B. bassiana, bifenthrin, and zeta-cypermethrin, respectively; differences among means were not significant. For SPWF large immature counts in furrow-irrigated cotton, mean number/cm2 were 0.45, 0.40, and 0.45 for B. bassiana, bifenthrin, and zeta-cypermethrin, respectively; differences between means for drip versus furrow irrigation were significant at P < 0.05. There was no interaction. For furrow irrigation, mean counts per cm2 of large immatures at the end of the season were 6.6, 5.9, 6.9, and 5.9 for B. bassiana, bifenthrin, and zeta-cypermethrin, and a ""best agricultural practices field"", respectively; differences among means were not significant. However, for an untreated field (received one insecticide treatment-late season) the mean was 41.3 and was significantly different from the other means at P < 0.001. The yields, in bales, for the treated fields were all > 2.8 and was < 2.1 for the untreated field; these differences were significant at P < 0.05. None of the cotton, neither leaves nor lint showed signs of stickiness in treated plots. An additional experiment was conducted in small plots at the USDA, ARS Western Cotton Research Laboratory, also with DPL 5415. A split plot design (3 rows X 16 ft) with 5 plots and 4 replicates per treatment received three 5-7 day interval applications of B. bassiana for one treatment and the other was the control. This test was done in September to present a ""worst case scenario"" in terms of SPWF numbers. For B. bassiana treated plots, mean number of eggs /cm2 were 39.11 versus 46.67 for the control plots; means were not significantly different. However, for the mean number of large immatures, 1.33 for B. bassiana treated plots and 3.64, the difference was highly significant at P < 0.001 and represented a percent reduction of 63%. This work also showed that sub-drip irrigated cotton supported significantly lower populations of SPWF than did furrow-irrigated cotton.",http://europepmc.org/abstract/AGR/IND20454880,0,title+manual_user
434,rayyan-628415801,Synergistic interaction between Beauveria bassiana- and Bacillus thuringiensis tenebrionis-based biopesticides applied against field populations of Colorado potato beetle larvae,2005,"Wraight, S.P.;Ramos, M.E.",10.1016/j.jip.2005.09.005,https://app.dimensions.ai/details/publication/pub.1036012633,Journal of Invertebrate Pathology,01-existing-products,01-existing-products,existing-products,Named commercial Bb product or registry/approval product record,wave1_narrow_signal,high,accepted,,"Commercial biopesticides based on the fungal pathogen Beauveria bassiana strain GHA and the bacterial pathogen Bacillus thuringiensis tenebrionis were applied alone and in combination (tank mixed) against larval populations of the Colorado potato beetle, Leptinotarsa decemlineata, in small plots of potatoes over three field seasons. Interactions between the two products were evaluated in terms of pest-control efficacy. B. bassiana (formulated as Mycotrol) was applied at low and medium label rates of 1.25 and 2.5 x 10(13) conidia/ha, and B. thuringienis (formulated as Novodor) was applied at low and high label rates of 40.3 and 120.8 x 10(6) Leptinotarsa units/ha. Two weekly applications of the bacterial pesticide alone provided 50-85% control of beetle larvae within 14 days after the initial application, while applications of the mycopesticide alone produced no greater than 25% control. Maximum control, in nearly all tests, was produced by the combination of the two products. The combined treatments produced a statistically significant 6-35% greater reduction in larval populations than would have been predicted had the two biopesticides acted independently. This low-level synergistic interaction was observed during all field seasons and resulted from combinations at all rates, including, in one of two tests, the low rates of each product. These results indicate that B. thuringiensis and B. bassiana have strong potential for integrated biologically based management of Colorado",https://doi.org/10.1016/j.jip.2005.09.005,0,doi
1394,rayyan-628420130,The combined effect of soil-applied azadirachtin with entomopathogens for integrated management of western flower thrips,2016,"Otieno, JA;Pallmann, P;Poehling, H -M",10.1111/jen.12242,"[""http://europepmc.org/abstract/AGR/IND605152933"", ""https://doi.org/10.1111/jen.12242""]",Journal of Applied Entomology,01-existing-products,01-existing-products,existing-products,Named commercial Bb product or registry/approval product record,wave1_narrow_signal,high,accepted,,"Performance of soil application of azadirachtin products with entomopathogens was evaluated as single treatments, in multiple combinations and in different concentrations against the soil stages of western flower thrips, Frankliniella occidentalis (Pergande), in French beans Phaseolus vulgaris L. Treatments consisted of NeemAzal-T solution, neem pellets, Steinernema carpocapsae (Weiser) Nemastar(R), isolates of Metarhizium anisopliae (Metschnikoff) Sorokin (IPP 2539 and ICIPE-69) and Beauveria bassiana (Balsamo) - Naturalis(R). All treatments were analysed for the number of emerging adults, while emerged adults in fungi-based treatments were analysed additionally for the retarded development of mycosis as a possible cause of secondary mortality. Possible interactive effects in combined treatments were analysed using a generalized linear model (GLM) approach, and three levels of dose-response combinations of the selected treatments were further tested. Bioassay results of the single treatments indicated between 43% and 60% reduction in adult emergence with NeemAzal-T solution thus proving to be the most efficient. However, most cadavers with entomopathogenic fungi (EPF) treatments showed the development of mycosis. Therefore, the reduction in adult emergence attributed to the EPF was altogether 87%. Combined treatments with Steinernema, Metarhizium (ICIPE-69), NeemAzal-T and neem pellets resulted in total reduction in adult emergence of 95-97% when late mortality by mycosis was c",https://doi.org/10.1111/jen.12242,0,doi
466,rayyan-628415870,The effect of UVB-blocking plastics on the efficacy of Beauveria bassiana and a conventional product against Lygus lineolaris on low tunnel strawberry,2022,"Willden, Samantha A;Ugine, Todd A;Loeb, Gregory M",10.1002/ps.7046,https://app.dimensions.ai/details/publication/pub.1148778839,Pest Management Science,01-existing-products,01-existing-products,existing-products,Named commercial Bb product or registry/approval product record,wave1_narrow_signal,high,accepted,,"BACKGROUND: Effective, safe and practical biocontrol options are greatly needed for combating Lygus lineolaris on protected culture strawberry. This study demonstrated how ultaviolet (UV)-selective plastics can improve the efficacy of the fungal biocontrol agent Beauveria bassiana (Mycotrol) compared to the conventional insecticide acetamiprid (Assail) against L. lineolaris on low tunnel strawberry.",https://doi.org/10.1002/ps.7046,0,doi
4317,rayyan-628423265,The effects and persistence of the fungus Beauveria bassiana (Mycotrol) and imidacloprid (Provado) on tarnished plant bug mortality and feeding,1997,"Brown, JZ;Steinkraus, DC;Tugwell, NP",,http://europepmc.org/abstract/AGR/IND20612544,Proceedings,01-existing-products,01-existing-products,existing-products,Named commercial Bb product or registry/approval product record; Include from title only; abstract missing; Title-only include; abstract missing; to be verified; Human QA 2026-08-08: accepted from uncertain (title-only),wave1_narrow_signal,high,accepted,,"The effectiveness of Mycotrol WP and Provado 1.6F were tested alone and in combination to control adult tarnished plant bug. Mycotrol WP contains the natural insect pathogen Beauveria bassiana which can infect a wide host range. Provado 1.6F contains imidacloprid which possesses activity against sucking insects. When Mycotrol and Provado were applied together at half of the maximum recommended rate for both insecticides, control was equal to that of Provado alone at maximum rate and greater than Mycotrol alone at maximum rate. Provado significantly increased tarnished plant bug mortality for at least 48 hours after spray. Mycotrol significantly increased mortality for 24 hours after spraying. Results from feeding trials suggested that plant bugs exposed to Provado showed an immediate decrease in feeding while those treated with Mycotrol only decreased feeding seven days after exposure.",http://europepmc.org/abstract/AGR/IND20612544,0,title+manual_user
1070,rayyan-628419782,The entomopathogenic fungus Beauveria bassiana and its compatibility with triflumuron: effects on the twospotted spider mite Tetranychus urticae,2003,"Saenz-de-Cabezon Irigaray, FJ;Marco-Mancebon, V;Perez-Moreno, I",10.1016/s1049-9644(02)00123-8,"[""http://europepmc.org/abstract/AGR/IND23316244"", ""https://doi.org/10.1016/S1049-9644(02)00123-8""]",Biological Control.,01-existing-products,01-existing-products,existing-products,Named commercial Bb product or registry/approval product record,wave1_narrow_signal,high,accepted,,"Laboratory studies were conducted to determine the effects of the mycoinsecticide Naturalis-L (Beauveria bassiana conidial formulation) on the twospotted spider mite Tetranychus urticae. Compatibility of B. bassiana with triflumuron (benzoylphenyl urea typically used as an insecticide, but also with acaricide effects), was also investigated in order to incorporate both in the control of this pest. For each juvenile stage, 180-22,800 viable conidia/mL on deutonymphs, 380-12,160 viable conidia/mL on protonymphs, and 712-7480 viable conidia/mL on larvae were evaluated. For the adult stage, the concentrations ranged from 213 to 54,720 viable conidia/mL. The mortality data used in the analysis were those accumulated after 5 days of treatment for deutonymphs and protonymphs, 7 days for larvae and 9 days for adults. The lethal concentration to kill 50% (LC50) for the juvenile stages was 3184 viable conidia/mL (their probit-log concentration regression lines were the same), and 1949 viable conidia/mL for adults. No significant differences in mortality were observed among egg age classes (24-, 48-, 72-, and 96-h-old eggs) at the tested concentrations (1400-22,800 viable conidia/mL). When B. bassiana was combined with 0.25 g Alsystin (25% triflumuron as a wettable powder)/L, mite egg mortality decreased significantly. Triflumuron reduced mycelial growth but not conidial germination of B. bassiana. This fungus is a possible candidate to be included in integrated pest management programs",https://doi.org/10.1016/s1049-9644(02)00123-8,0,doi
4989,rayyan-628424105,"Toxicity of natural insecticides on the larvae of wheat head armyworm, Dargida diffusa (Lepidoptera: Noctuidae).",2016,Reddy GV;Antwi FB,10.1016/j.etap.2016.01.014,https://pubmed.ncbi.nlm.nih.gov/26855414/,Environmental toxicology and pharmacology,01-existing-products,01-existing-products,existing-products,Named commercial Bb product or registry/approval product record,wave1_narrow_signal,high,accepted,,"The wheat head armyworm, Dargida (previously Faronta) diffusa (Walker) (Lepidoptera: Noctuidae), is widely distributed in North American grasslands and is most common on the Great Plains, where it is often a serious pest of corn and cereal crops. Six commercially available botanical or microbial insecticides used against D. diffusa were tested in the laboratory: Entrust((R)) WP (spinosad 80%), Mycotrol((R)) ESO (Beauveria bassiana GHA), Aza-Direct((R)) (azadirachtin), Met52((R)) EC (Metarhizium brunneum F52), Xpectro((R)) OD (Beauveria bassiana GHA+pyrethrins), and Xpulse((R)) OD (Beauveria bassiana GHA+azadirachtin). Concentrations of 0.1, 0.5, 1.0 and 2.0 fold the lowest labelled rates of formulated products were tested for all products, while for Entrust WP additional concentrations of 0.001 and 0.01 fold the label rates were also assessed. Survival rates were determined from larval mortality at 1-9 days post treatment application. We found that among the tested chemicals, Entrust((R)) (spinosad) was the most effective, causing 83-100% mortality (0-17% survival rate) at day 3 across all concentrations. The others, in order of efficacy from most to least, were Xpectro((R)) (B. bassiana GHA+pyrethrins), Xpulse((R))OD (B. bassiana GHA+azadirachtin), Aza-Direct((R)) (azadirachtin), Met52((R)) EC (M. brunneum F52), and Mycotrol((R)) ESO (B. bassiana GHA). These products and entomopathogenic fungi caused 70-100% mortality (0-30% survivability) from days 7 to 9. The tested products and entomopathogenic",https://doi.org/10.1016/j.etap.2016.01.014,0,doi
4992,rayyan-628424109,"Virulence of BotaniGard((R)) to Second Instar Brown Marmorated Stink Bug, Halyomorpha halys (Stal) (Heteroptera: Pentatomidae).",2015,Parker BL;Skinner M;Gouli S;Gouli V;Kim JS,10.3390/insects6020319,https://pubmed.ncbi.nlm.nih.gov/26463187/,Insects,01-existing-products,01-existing-products,existing-products,Named commercial Bb product or registry/approval product record,wave1_narrow_signal,high,accepted,,"The brown marmorated stink bug, Halyomorpha halys (Stal) (BMSB) is an exotic invasive insect originating in East Asia, currently causing significant damage to fruits, vegetables and other crops throughout most of the Mid-Atlantic states of the U.S. It also is a nuisance pest, entering homes in the fall in search of suitable overwintering sites. Two formulations of BotaniGard((R)) with a strain of Beauveria bassiana (GHA) as the active ingredient were tested against second instar BMSB. Both the wettable powder and the emulsifiable suspension formulations were efficacious at 1 107 conidia mL(-1), causing 67%-80% mortality 9 days post treatment and 95%-100% after 12 days. The wettable powder formulation was slightly more efficacious.",https://doi.org/10.3390/insects6020319,0,doi
2464,rayyan-628421294,Virulence of commercial strains of Beauveria bassiana and Metarhizium brunneum (Ascomycota: Hypocreales) against adult Xylosandrus germanus (Coleoptera: Curculionidae) and impact on brood,2011,"Castrillo, Louela A;Griggs, Michael H;Ranger, Christopher M;Reding, Michael E;Vandenberg, John D",10.1016/j.biocontrol.2011.04.010,"[""http://europepmc.org/abstract/AGR/IND6083854"", ""https://doi.org/10.1016/j.biocontrol.2011.04.010""]",Biological Control.,01-existing-products,01-existing-products,existing-products,Named commercial Bb product or registry/approval product record,wave1_narrow_signal,high,accepted,,"The ambrosia beetle Xylosandrus germanus (Coleoptera: Curculionidae) is an invasive pest with a wide host range and is a serious pest of orchards and nurseries in the eastern and midwestern US. In this study we evaluated the potential of entomopathogenic fungi Beauveria bassiana and Metarhizium brunneum (Ascomycota: Hypocreales) as control agents against this beetle. Three commercially available strains of these fungi were assayed against adult females to determine their virulence and impact on brood production. Among the three strains tested, B. bassiana Naturalis and M. brunneum F52 were more virulent than B. bassiana GHA. Mortality observed 6days post-spray was 6.7A6.7%, 60A5.8% and 61.7A7.9% for GHA, Naturalis and F52, respectively, at the highest dosage tested (approximately 600conidia/mmA2). Inoculation of adult females did not affect their initial tunneling activity, but resulted in reduced numbers forming galleries and producing brood compared to controls. Broods from treated females were smaller in size, and some had up to 100% of the progeny infected. Infection was observed among all beetle life stages. These data show that the impact of inoculating adult females extends beyond their own survival and suggest that infection of offspring could also significantly affect beetle populations in the field.",https://doi.org/10.1016/j.biocontrol.2011.04.010,0,doi
125,rayyan-628415299,"Virulence of select entomopathogenic fungi to the brown marmorated stink bug, Halyomorpha halys (Stal) (Heteroptera: Pentatomidae)",2012,"Gouli, Vladimir;Gouli, Svetlana;Skinner, Margaret;Hamilton, George;Kim, Jae Su;Parker, Bruce L",10.1002/ps.2310,https://app.dimensions.ai/details/publication/pub.1040227962,Pest Management Science,01-existing-products,01-existing-products,existing-products,Named commercial Bb product or registry/approval product record,wave1_narrow_signal,high,accepted,,"The brown marmorated stink bug. Halyomorpha halys, (BMSB) is an exotic pest causing damage to fruits and vegetables. They also transmit diseases. Integrated pest management strategies are lacking for this invasive. For the first time, information is presented on the virulence of several entomopathogenic fungi against BMSB. Three Beauveria bassiana and two Metarhizium anispoliae isolates were bioassayed against adult BMSB. One B. bassiana isolate was the active ingredient in BotaniGard(R) which produced 85 and 100% mortality in 9 and 12 days post treatment, respectively. Experimental isolates ERL 1170 and ERL 1540 were also efficacious. Metarhizium anispoliae isolates produced lower mortalities than the B. bassiana isolates. Data presented showed the potential for management of BMSB with entomopathogenic fungi.",https://doi.org/10.1002/ps.2310,0,doi
343,rayyan-628415643,Will the application of biocontrol fungi disrupt predation of Acanthococcus lagerstroemiae by coccinellids?,2022,"Matos Franco, Giovana;Chen, Yan;Doyle, Vinson P;Rehner, Stephen A;Diaz, Rodrigo",10.1016/j.jip.2022.107789,"[""http://europepmc.org/abstract/MED/35772489"", ""https://doi.org/10.1016/j.jip.2022.107789""]",Journal of invertebrate pathology,01-existing-products,01-existing-products,existing-products,Named commercial Bb product or registry/approval product record,wave1_narrow_signal,high,accepted,,"Insect predators are the most important natural enemies of the crapemyrtle bark scale (CMBS) in the USA. Mycopesticides (biocontrol fungi) are considered an IPM tool to increase CMBS mortality; however, their impacts on CMBS predators are unknown. The objectives of this study were to assess the abundance and diversity of CMBS natural enemies in Louisiana; evaluate the impacts of mycopesticides on survival of CMBS predators by life stage; and determine if entomopathogenic spores delivered to crapemyrtles are transferred to predators under field conditions. The mycopesticides Ancora(R) (Isaria fumosorosea PFR97), BioCeres(R) (Beauveria bassiana ANT-03), and BotaniGard(R) (B. bassiana GHA) were tested against the coccinellids Chilocorus spp. and Hyperaspis bigeminata under laboratory and field conditions. Adults and larvae of the coccinellids were treated with each mycopesticide and survival recorded over a 14-day period. The most common natural enemies on CMBS infested trees were the coccinellids Chilocorus cacti, C. stigma, and Hyperaspis bigeminata (Coleoptera: Coccinellidae). In laboratory bioassays BotaniGard(R) reduced survival of adults and larvae of both genera by at least 57%. BioCeres(R) reduced the survival of Chilocorus spp. adults by 40% and Ancora(R) reduced survival of H. bigeminata larvae by 69%. Under field conditions, CMBS infestations were sprayed with the mycopesticides and coccinellids were collected every other day for a two-week period. Spores of the applied mycopesti",https://doi.org/10.1016/j.jip.2022.107789,0,doi
4964,rayyan-628424054,Bioprocess and genetic advances enhancing Beauveria bassiana biocontrol efficacy.,2026,Kolanchi P;Saminathan N;Selvaraj D;Krishnamoorthy A;Palanivelu K;Aruchalam A,10.1016/j.micpath.2025.108272,https://pubmed.ncbi.nlm.nih.gov/41475278/,Microbial pathogenesis,02b_strains_traits,02b_strains_traits,strains-traits,Strain traits linked to carrier/trap/surface context,wave1_narrow_signal,high,accepted,,"Beauveria bassiana is a widely exploited entomopathogenic fungus that has emerged as a central component of ecologically sustainable pest management. Recent years have witnessed rapid progress across its biological understanding, technological development, and application potential. This review synthesizes contemporary advances spanning infection biology, secondary metabolite biosynthesis, strain development, bioprocess engineering, formulation science, and genetic improvement. At the molecular level, multi-omics studies have elucidated the coordinated regulation of surface adhesion, cuticular penetration, host immune modulation, dimorphic transitions, and toxin production, revealing gene networks that govern virulence, stress tolerance, and ecological adaptation. These insights have informed improved strategies for strain isolation and high-throughput phenotypic screening, enabling the selection of isolates with enhanced pathogenicity, environmental robustness, and endophytic competence. Parallel advances in solid-state and submerged fermentation, supported by agro-industrial substrates and data-driven optimization, have strengthened large-scale production of infective propagules with consistent quality. Such gains are further reinforced by modern formulation approaches, including oil-based dispersions, encapsulation systems, nanoemulsions, and seed-coating technologies, which collectively improve spore stability, persistence, and delivery under heterogeneous field conditio",https://doi.org/10.1016/j.micpath.2025.108272,0,doi
2415,rayyan-628421241,Carnauba wax enhances the insecticidal activity of entomopathogenic fungi against the blowfly Lucilia sericata (Diptera: Calliphoridae),2020,"Muniz, Elen R;Bedini, Stefano;Sarrocco, Sabrina;Vannacci, Giovanni;Mascarin, Gabriel M;Fernandes, Everton K K;Conti, Barbara",10.1016/j.jip.2020.107391,"[""http://europepmc.org/abstract/MED/32416086"", ""https://doi.org/10.1016/j.jip.2020.107391""]",Journal of invertebrate pathology,02b_strains_traits,02b_strains_traits,strains-traits,Strain traits linked to carrier/trap/surface context,wave1_narrow_signal,high,accepted,,"Blowfly, Lucilia sericata (Diptera: Calliphoridae), is a problematic synanthropic insect pest, a vector of microbial pathogens, and the causal agent of secondary myiasis. Fungal biopesticides are considered eco-friendly tools, alternative to synthetic pesticides, for the control of arthropod pests; however, to date, little is known about their bioactivity against blowflies. In this study, we assessed the insecticidal activity of three well-known entomopathogenic fungi, Beauveria bassiana, Beauveria pseudobassiana and Akanthomyces muscarius against L. sericata. In addition, we tested powdered carnauba wax as an electrically charged dust carrier in an attempt to enhance the virulence of fungal spores. Pathogenicity tests on adult flies, by adult immersion in conidial suspension (108 conidia mL-1), showed that the median lethal time (LT50) was 5.3, 5.9, and 6.2 days for B. bassiana, A. muscarius and B. pseudobassiana, respectively. In topical tests, when 108 dry conidia were mixed with or without carnauba wax, the LT50 was 7.7, 10.2, and 14 days without this carrier and 6.9, 8.6, and 13.8 days with it for B. bassiana, B. pseudobassiana and A. muscarius, respectively. Overall, our findings showed that, among the tested fungi, B. bassiana was the most virulent when formulated as a dry powder with carnauba wax, which greatly improved fungal efficacy against the blowfly. We discuss the utility of carnauba wax for electrostatic f",https://doi.org/10.1016/j.jip.2020.107391,0,doi
2001,rayyan-628420797,Development of an attract-and-infect system to control Rhynchophorus ferrugineus with the entomopathogenic fungus Beauveria bassiana,2018,"Dembilio, Oscar;Moya, Pilar;Vacas, Sandra;Ortega-Garcia, Lola;Quesada-Moraga, Enrique;Jaques, Josep A;Navarro-Llopis, Vicente",10.1002/ps.4888,"[""http://europepmc.org/abstract/MED/29427377"", ""https://doi.org/10.1002/ps.4888""]",Pest management science,02b_strains_traits,02b_strains_traits,strains-traits,Strain traits linked to carrier/trap/surface context,wave1_narrow_signal,high,accepted,,"BackgroundA new Beauveria bassiana-based attract and infect device (AID) to control Rhynchophorus ferrugineus Olivier (Coleoptera: Curculionidae) was developed. The virulence and persistence of the fungal formulation used in the AID were evaluated in the laboratory. Semi-field and field trials were carried out to validate the results and establish the potential of this device as a control tool.ResultsIn laboratory conditions, a 50% lethal time (LT50 ) of 4.33 days was obtained when adults (7-10 days old) were exposed to the inoculation tunnel (IT) containing 1 1010 conidia g-1 in an oil-based fungal formulation. This formulation maintained conidium viability at 50% for up to 2 months. Moreover, when adults were exposed to 2.5-month field-aged ITs, mortality still reached 50% 40 days after exposure. In addition, no differences were observed between ITs aged in early spring and those aged in summer, suggesting that the fungal formulation is not strongly affected by environmental factors in Mediterranean basin conditions. Semi-field assays showed that the device allowed an easy transit of weevils through the IT, which were effectively attracted and infected. Using the AIDs in 4-ha plot field trials, a reduction of 50% in the percentage of infested sentinel palms was obtained.ConclusionBased on the results obtained in terms of the efficacy and persistence of this new AID in the field and its potential in reducing R. f",https://doi.org/10.1002/ps.4888,0,doi
235,rayyan-628415451,"Enhancing Virulence of an Entomopathogenic Fungus Against the Diamondback Moth, Plutella xylostella (Lepidoptera: Plutellidae), Through Integrated Formulation Strategies Under Laboratory and Greenhouse Conditions",2026,"Riaz, Muhammad;Chang, Tsui-Ying;Kafle, Lekhnath;Chen, Wen-Hua",10.3390/insects17060622,https://app.dimensions.ai/details/publication/pub.1202904016,Insects,02b_strains_traits,02b_strains_traits,strains-traits,Strain traits linked to oil/WP/bait/trap/formulation context,wave_full_remainder_strict,high,accepted,,"Plutella xylostella (Linnaeus) (Lepidoptera: Plutellidae) is a major cruciferous crop pest worldwide with resistance to multiple insecticide classes, highlighting the need for sustainable alternatives. Entomopathogenic fungi (EPF) are promising biocontrol agents, but their efficacy is limited by slow pathogenicity, environmental sensitivity, and low persistence on insect cuticles. This study evaluated integrated formulation strategies to enhance the virulence of Beauveria namnaoensis PM-02 against P. xylostella under laboratory and greenhouse conditions. Putative copper and zinc nanoparticle preparations were generated using fungal biomass extracts, with nanoparticle formation inferred from visual changes in the reaction mixtures. Oil-emulsified fungal formulations and combinations with emamectin benzoate were also evaluated. Larval mortality increased significantly with concentration, indicating a clear dose-dependent response. The combined treatment of oil-emulsified fungus and emamectin benzoate, along with emamectin benzoate alone, resulted in the highest larval mortality (100%), whereas fungus alone caused the lowest mortality (43.3%). Lethal concentration (LC50) analysis indicated high toxicity of the combined treatment, while lethal time (LT50) values demonstrated more rapid mortality for emamectin benzoate (0.176 days) and the combined treatment (0.830 days) compared with fungus alone (6.25 days). Under greenhouse conditions,",https://doi.org/10.3390/insects17060622,0,doi
2362,rayyan-628421188,Isolation and evaluation of South African isolates of Beauveria bassiana (Hypocreales: Cordycipitaceae) on Rhipicephalus microplus (Acari: Ixodidae),2022,"Zeina, Ghirmay;Laing, Mark",10.1007/s10493-021-00674-8,"[""http://europepmc.org/abstract/MED/34757505"", ""https://doi.org/10.1007/s10493-021-00674-8""]",Experimental & applied acarology,02b_strains_traits,02b_strains_traits,strains-traits,Strain traits linked to carrier/trap/surface context,reaudit_prior_relevant,high,accepted,1,"Beauveria bassiana (Hypocreales: Cordycipitaceae) is an entomopathogenic fungus that has shown promising results as a biocontrol agent of ticks. Locally isolated B. bassiana are better acclimatised to the natural conditions of their geographical origin; therefore, they are essential in developing effective biocontrol agents for ticks. The current study aimed to isolate native strains of B. bassiana that are pathogenic to Rhipicephalus microplus ticks. The virulence of the isolates was tested against R. microplus larvae using a formulation containing 15% avocado oil, 0.05% adjuvant and 108 conidia mL-1. The two best strains were further evaluated for various biological parameters on adult engorged female ticks. Breakthru(R) or Ballista(R) (adjuvant) was mixed with the formulation to compare their effect on the isolates' virulence. In total 61 entomopathogenic fungi were isolated from the 360 greater wax moth larvae, Galleria mellonella (Lepidoptera: Pyralidae) used. The virulence test identified Bb-40 and Bb-41 to be the most virulent isolates against R. microplus larvae with mortalities of 91 and 93% and LT50 values of 5.8 and 6.2 days, respectively. Compared to the control, both strains significantly affected all the measured biological parameters. The type of adjuvant also considerably affected the susceptibility of ticks to the fungi. In conclusion, the two isolates combined with adjuvants can be used as a biocontrol agent to control R. micropl",https://doi.org/10.1007/s10493-021-00674-8,0,doi
979,rayyan-628419684,"Isolation, fermentation, and formulation of entomopathogenic fungi virulent against adults of Diaphorina citri",2021,"Awan, Umar Anwar;Meng, Lixue;Xia, Shuang;Raza, Muhammad Fahim;Zhang, Zhenyu;Zhang, Hongyu",10.1002/ps.6429,"[""http://europepmc.org/abstract/MED/33896118"", ""https://doi.org/10.1002/ps.6429""]",Pest management science,02b_strains_traits,02b_strains_traits,strains-traits,Strain traits linked to carrier/trap/surface context,wave1_narrow_signal,high,accepted,,"BackgroundMycopesticides are important for integrated management of the Asian citrus psyllid, Diaphorina citri. However, there are few reports on the fermentation and formulation for mycopesticides with high virulence against D. citri.ResultsFrom four different locations in South China, 12 fungal strains were isolated and classified into Beauveria bassiana (two isolates), Fusarium fujikuroi (five isolates), and Cordyceps javanica (five isolates) based on the phylogenetic analysis of ITS1-5.8S rDNA-ITS4 and morphology of colonies and conidia. Based on the highest initial virulence (86.52 2.35%) and best growth characteristics, F-HY002-ACPHali was further optimized for biphasic fermentation (7.85 2.62 109 g-1 dry substrate) with soybean meal + cottonseed flour (1:1) as the solid substrate and full light as the light/dark cycle. Furthermore, the oil-based conidial formulation was optimized with sesame oil as an effective carrier, which significantly enhanced conidial shelf life up to 16 weeks at 26 C and 4 C, thermo-stress (50 C) and UV-B stress resistance, and virulence against adults of D. citri with increased mortalities and decreased LT50 in comparison to that of unformulated conidia.ConclusionOur results not only provide a valuable native strain with high virulence against adults of D. citri, but also imply the soybean meal + cottonseed flour as valuable solid substrate, full-light exposure as environmen",https://doi.org/10.1002/ps.6429,0,doi
4042,rayyan-628422983,Plant oils for improving thermotolerance of Beauveria bassiana,2010,"Kim, Jae Su;Skinner, Margaret;Parker, Bruce",10.4014/jmb.1005.05023,"[""http://europepmc.org/abstract/MED/20890101"", ""https://doi.org/10.4014/jmb.1005.05023""]",Journal of microbiology and biotechnology,02b_strains_traits,02b_strains_traits,strains-traits,Strain traits linked to carrier/trap/surface context,wave1_narrow_signal,high,accepted,,"Conidia of Beauveria bassiana ARSEF-7060 produced in millet amended with plant oils such as sunflower, corn, or cotton seed oil, were exposed to 45 degrees C of wet heat for 90 min. Conidia from millet+corn oil medium had the highest thermotolerance (LT50 (median survival time): 45.7 min). The mycotized millet grains were coated with each of the same plant oils as a granular formulation and subjected to 50 degrees C of dry heat for 8 h. Corn oil coating (LT50: 8.68 h) was superior to sunflower- and cotton seed oil coatings, suggesting the feasibility of using corn oil to increase conidial thermotolerance.",https://doi.org/10.4014/jmb.1005.05023,0,doi
608,rayyan-628416110,A predatory social wasp does not avoid nestmates contaminated with a fungal biopesticide,2023,"de Souza, Andre Rodrigues;Prato, Amanda;Franca, Wilson;Santos, Sircio;Lima, Luan Dias;Alves, Denise Araujo;Bernardes, Rodrigo Cupertino;Santos, Eduardo Fernando;do Nascimento, Fabio Santos;Lima, Maria Augusta Pereira",10.1007/s11356-023-29770-5,"[""http://europepmc.org/abstract/MED/37695481"", ""https://doi.org/10.1007/s11356-023-29770-5""]",Environmental science and pollution research international,02c_formulation_delivery,02c_formulation_delivery|02a_efficacy|04-nontarget-ecotox,formulation-delivery|efficacy|nontarget,Trap/bait/lure/electrostatic delivery pathway; Formulation/carrier with trap/bait/device framing; Nontarget risk in delivery/product/horizontal Bb context,wave1_narrow_signal,high,accepted,,"Fungus-based biopesticides have been used worldwide for crop pest control as a safer alternative to chemical pesticides such as neonicotinoids. Both agrochemicals can be lethal and may also trigger side effects on the behavioral traits of non-target social insects, which play a crucial role in providing essential biological pest control services in agroecosystems. Here, we evaluated whether a commercial formulation of the entomopathogenic fungus Beauveria bassiana or the neonicotinoid imidacloprid causes mortality in foragers of Mischocyttarus metathoracicus. These social wasps are natural enemies of caterpillars and other herbivorous insects and inhabit both urban and agricultural environments in Brazil. We also tested whether wasps discriminate between biopesticide-exposed and unexposed conspecifics. Through a combination of laboratory (survival assay) and field experiments (lure presentation), along with chemical analyses (cuticular hydrocarbon profiles), we showed that topic exposure to the label rate of each pesticide causes a lethal effect, with the biopesticide exhibiting a slower effect. Moreover, wasps do not discriminate biopesticide-exposed from unexposed conspecifics, likely because of the similarity of their cuticular chemical profiles 24 h after exposure. Overall, the delayed lethal time at the individual level, combined with the indistinctive chemical cues of exposure and the lack of discrimination by conspecifics suggests that the fungal biopesticide may ultim",https://doi.org/10.1007/s11356-023-29770-5,0,doi
4892,rayyan-628423844,Agroforestry coffee soils increase the insect-suppressive potential offered by entomopathogenic fungi over full-sun soils: A case proposing a 'bait survival technique',2019,"Moreira, Camila Costa;Celestino, Daiane;Guerra Sobrinho, Tathiana;Cardoso, Irene Maria;Elliot, Simon Luke",10.1002/ece3.5598,"[""http://europepmc.org/abstract/MED/31624581"", ""https://onlinelibrary.wiley.com/doi/pdfdirect/10.1002/ece3.5598""]",Ecology and evolution,02c_formulation_delivery,02c_formulation_delivery|02a_efficacy,formulation-delivery|efficacy,Trap/bait/lure/electrostatic delivery pathway,wave1_narrow_signal,high,accepted,,"Entomopathogenic fungi are important natural enemies of insects. However, there is little information on the insect-suppressive potential of these fungi and possible effects of farming management on this. Meanwhile, changes in natural landscapes due to agricultural intensification have caused considerable biodiversity loss and consequent decay of ecosystem services. However, the adoption of practices such as agroforestry in agroecosystems can foster abiotic and biotic conditions that conserve biodiversity, consequently restoring the provision of ecosystems services. Here, we assessed the effect of management systems (agroforestry or full-sun) on the pest-suppressive potential of entomopathogenic fungi in Brazilian coffee plantations. We used the insect bait method coupled with survival analyses to assess the speed of kill by entomopathogenic fungi and their presence in soil samples from both farming systems. We found that insects exposed to agroforestry soils died more quickly than insects exposed to full-sun soils. Of the fungi isolated from the bait insects, Metarhizium was found most frequently, followed by Beauveria. Meanwhile, Fusarium was frequently isolated as primary or secondary infections. We propose that the differential survival of insects is indicative of a greater suppressive potential by entomopathogenic fungi in agroforestry, and that this could be promoted by the diversified landscape, microclimatic stability, and reduced soil disturbance",https://doi.org/10.1002/ece3.5598,0,doi
2613,rayyan-628421460,Alginate-kaolinite beads incorporated with agrochemicals: new baits for leaf-cutting ants control,2024,"Duarte, Valber;Leite, Victor;Nobre, Danubia;Silva, Rene;Constantino, Vera R.L.;Castro, Gustavo;Fernandes, Flavio;Tronto, Jairo",10.21203/rs.3.rs-4331320/v1,"[""http://europepmc.org/abstract/PPR/PPR849148"", ""https://doi.org/10.21203/rs.3.rs-4331320/v1""]",,02c_formulation_delivery,02c_formulation_delivery|02a_efficacy,formulation-delivery|efficacy,Trap/bait/lure/electrostatic delivery pathway; Formulation/carrier with trap/bait/device framing,wave1_narrow_signal,high,accepted,,"Abstract Insect pests such as leaf-cutting ants (genera Atta spp. and Acromyrmex spp.) are a major problem in tropical countries because they can cause significant damage to crops, resulting in substantial production losses. These insects have been controlled chemically using granular baits. Although these granules are cheap, they can pose some problems due to their low resistance to humidity. Therefore, developing new formulations that present environmental resistance, sustained release of the active chemical, and good ant-killing efficacy can expand the management options. This work aimed to produce new baits in bead form to control leaf-cutting ants (Atta sexdens). The beads are derived from the interaction between organic and inorganic materials, synthesized from mixtures of alginate polymer, kaolinite clay, sodium tetraborate, Beauveria bassiana spores, and chlorpyrifos. X-ray Diffraction, Fourier Transform Infrared Spectroscopy, Thermogravimetric Analysis Coupled with Differential Scanning Calorimetry and Mass Spectrometry, and Scanning Electron Microscopy provided important information about the structure and composition of the produced baits. For all baits, the data of the 'in vitro' release study of boron were adjusted according to Higuchi's kinetic model. The results of boron leaching in soil columns experiments showed that for some baits, 100% of B leached after 1",https://doi.org/10.21203/rs.3.rs-4331320/v1,0,doi
2306,rayyan-628421122,Beauveria bassiana Endophytic Strain as Plant Growth Promoter: The Case of the Grape Vine Vitis vinifera,2021,"Mantzoukas, Spiridon;Lagogiannis, Ioannis;Mpousia, Dionusia;Ntoukas, Aristeidis;Karmakolia, Katerina;Eliopoulos, Panagiotis A;Poulas, Konstantinos",10.3390/jof7020142,"[""http://europepmc.org/abstract/MED/33669343"", ""https://www.mdpi.com/2309-608X/7/2/142/pdf?version=1614250377""]","Journal of fungi (Basel, Switzerland)",02c_formulation_delivery,02c_formulation_delivery|02a_efficacy,formulation-delivery|efficacy,Trap/bait/lure/electrostatic delivery pathway,wave1_narrow_signal,high,accepted,,"The common grape vine, Vitis vinifera, is a widely known plant with commercial and pharmacological value. The plant hosts a variety of microorganisms known as endophytes that can live within the tissues of the plant for a considerable time period, or even their whole life cycle. The fungus Beauveria bassiana is a well-studied endophyte which can colonize a variety of plants in many ways and in different parts of the plant. In this study, we examined the effect of the endophytic fungus B. bassiana on the growth of V. vinifera. The results demonstrated not only a successful colonization of the endophyte, but also a noteworthy impact on the growth of the V. vinifera root without harming the plant in any way. The fungus was also re-isolated from the parts of the plant using inst bait method. Overall, the study demonstrates the capability of B. bassiana to colonize V. vinifera plants, adding to the already existing knowledge of its endophytic activity, and highlighting its beneficial impact on the root growth.",https://doi.org/10.3390/jof7020142,0,doi
617,rayyan-628416120,Beauveria bassiana associated with a novel biomimetic hydrogel to control Aedes albopictus through lure and kill ovitraps,2025,"Friuli, Marco;Lia, Riccardo Paolo;Nitti, Paola;Lamanna, Leonardo;Otranto, Domenico;Pombi, Marco;Demitri, Christian;Cafarchia, Claudia",10.1002/ps.8476,"[""http://europepmc.org/abstract/MED/39415668"", ""https://doi.org/10.1002/ps.8476""]",Pest management science,02c_formulation_delivery,02c_formulation_delivery|02a_efficacy,formulation-delivery|efficacy,Trap/bait/lure/electrostatic delivery pathway; Formulation/carrier with trap/bait/device framing,wave1_narrow_signal,high,accepted,,"BackgroundWithin the framework of sustainable and effective control methods for Aedes albopictus, two different conidial suspensions, BbCS-1 and BbCS-2 (respectively without and with nutrients), were used as solvents for the biopolymers water-soluble 2-hydroxyethylcellulose (HEC) and sodium alginate (SA). In this way, two different classes of hydrogels were prepared for each polymer (previously shown to attract tiger mosquito oviposition) to produce HEC-based and SA-based Bb/Gel systems with and without nutrients. The aim was to achieve a long-lasting and cost-effective lure-and-kill oviposition substrate useful for lethal ovitraps. Beauveria bassiana (Bb) survival and growth in the different Bb/Gel systems were monitored for 24 days. Following the growth assay, 24-day-old Bb/Gel systems were tested against Ae. albopictus eggs through a hatching test to evaluate their lethal effect.ResultsGel systems enhance Bb's longevity (up to 24 days) more effectively than standard liquid conidial suspensions, proving that tested HEC- and SA-based hydrogels are not toxic for Bb (biocompatibility) and create a microenvironment suitable to sustain prolonged fungal growth. In particular, the results indicate that gel system based on hydroxyethylcellulose is a suitable delivery substrate for supporting the activity of Bb and is simultaneously effective against Ae. albopictus eggs through a combined mechanism of mechanical effect and fungal action (CM 90%).Conclusion /h",https://doi.org/10.1002/ps.8476,0,doi
3852,rayyan-628422789,Beauveria bassiana strains for biological control of Cosmopolites sordidus (Germ.) (Coleoptera: Curculionidae) in plantain,2013,"Fancelli, Marilene;Dias, Alex Batista;Delalibera, Italo;de Jesus, Sandra Cerqueira;do Nascimento, Antonio Souza;Silva, Sebastiao de Oliveira e;Caldas, Ranulfo Correa;Ledo, Carlos Alberto da Silva",10.1155/2013/184756,"[""http://europepmc.org/abstract/MED/24187659"", ""https://doi.org/10.1155/2013/184756""]",BioMed research international,02c_formulation_delivery,02c_formulation_delivery|02a_efficacy,formulation-delivery|efficacy,Trap/bait/lure/electrostatic delivery pathway,wave1_narrow_signal,high,accepted,,"The objective of this study was to select strains of Beauveria bassiana for controlling Cosmopolites sordidus (Germ.) in plantain farms (cv. Terra) of the 'Reconcavo' and southern regions in the state of Bahia, Brazil. The virulence of 32 B. bassiana isolates against C. sordidus was determined under laboratory conditions. Three isolates (CNPMF 407, CNPMF 218, and CNPMF 416) were selected for evaluation under field conditions in plantations located in the counties of Mutuipe and Wenceslau Guimaraes. Population of C. sordidus was estimated every 15 days by using pseudostem traps. The efficiency of the three strains of B. bassiana was compared to chemical control (carbofuran, 4 g/trap) and absence of control. Carbofuran caused around 90% of adult mortality after 12 months, with a reduction in the population of C. sordidus since the first evaluation. A low number of trapped insects was observed in the fungus-treated plots, suggesting the efficiency of the isolates in controlling the C. sordidus population. The strain CNPMF 218 was the most efficient in controlling C. sordidus adults in both locations, causing around 20% mortality, leading to 40% population size reduction after 12 months.",https://doi.org/10.1155/2013/184756,0,doi
423,rayyan-628415780,Behavioral Suppression and Rapid Lethality: Beauveria bassiana B4 Targets Adult Monochamus alternatus for Sustainable Management of Pine Wilt Disease,2025,"Zhang, Yaqi;Zhang, Xuejie;An, Liudi;Gong, Dongfeng;Wang, Jinsheng;Bi, Huitao;Zheng, Yi;Cao, Lei;Lu, Shaohui",10.3390/insects16101045,"[""http://europepmc.org/abstract/MED/41148913"", ""https://doi.org/10.3390/insects16101045""]",Insects,02c_formulation_delivery,02c_formulation_delivery|02a_efficacy|04-nontarget-ecotox,formulation-delivery|efficacy|nontarget,Trap/bait/lure/electrostatic delivery pathway; Formulation/carrier with trap/bait/device framing; Nontarget risk in delivery/product/horizontal Bb context,wave1_narrow_signal,high,accepted,,"Pine wilt disease, transmitted primarily by Monochamus alternatus (Hope, 1842) adults, causes severe ecological and economic losses globally. Conventional chemical controls face challenges of resistance and non-target toxicity. This study identified Beauveria bassiana (Bals.-Criv.) Vuill. strain B4 as a high-virulence biocontrol agent against adult M. alternatus. Laboratory bioassays compared four strains (B1-B4), with B4 exhibiting rapid lethality (LT50 = 6.61 days at 1 108 spores/mL) and low median lethal concentration (LC50 = 9.63 105 spores/mL). Critically, B4 infection induced significant behavioral suppression, including reduced appetite and mobility prior to death. In forest trials, pheromone-enhanced nonwoven fabric bags impregnated with B4 spores reduced trap catches by 66.4% within one month, with effects persisting for over a year without reapplication. The slow-release carrier system enabled continuous spore dissemination and sustained population suppression. These results demonstrate that B4's dual action-rapid lethality and behavioral disruption-provides an effective, eco-friendly strategy for sustainable pine wilt disease management.",https://doi.org/10.3390/insects16101045,0,doi
901,rayyan-628419603,Benefits of living underground: the case of parasite release in the antlion Myrmeleon timidus,2020,"Galvez, Dumas;Garrido, Milagro;Gil, Fermin;Fernandez-Marin, Hermogenes",10.1111/eea.12895,"[""http://europepmc.org/abstract/AGR/IND606916872"", ""https://doi.org/10.1111/eea.12895""]",Entomologia Experimentalis et Applicata.,02c_formulation_delivery,02c_formulation_delivery|02a_efficacy,formulation-delivery|efficacy,Trap/bait/lure/electrostatic delivery pathway,wave2_gap_bait_trap,high,accepted,,"The omnipresence of pathogens makes them a strong selective pressure for most organisms, generating a variety of defensive responses to fight them. One mechanism by which organisms can release this pressure is avoidance of the pathogens in a spatial or temporal context. To date, only a few biological systems provide evidence that habitat selection can favour an escape from pathogens. An abiotic factor that varies across habitats and influences the evolution of host life history is humidity, which correlates positively with pathogen levels in the environment. Entomopathogenic fungi are abundant in soils and are obligate killers that require humidity for host infection. Antlions (Neuroptera: Myrmeleontidae) are typical soil-dwelling insects that can live several years as larvae, buried in dry and fine substrates where they build their traps. This lifestyle may release them from selective pressure by entomopathogenic fungi. Here, we investigated whether living underground provides protection against the generalist entomopathogenic fungus Beauveria bassiana (Bals.-Criv.) Vuill. in the antlion Myrmeleon timidus Gerstaecker under low or high humidity in the environment. Individuals that were inoculated with the fungus showed greater survival rates when buried in dry sand compared to individuals that were kept half-buried or without sand, with similar outcomes across humidity levels. Given that the diversity of antlions is higher in arid environments, this benefit obtained from pit-",https://doi.org/10.1111/eea.12895,0,doi
1798,rayyan-628420573,Bioexploration and Phylogenetic Placement of Entomopathogenic Fungi of the Genus Beauveria in Soils of Lebanon Cedar Forests,2021,"Al Khoury, Charbel;Nemer, Georges;Humber, Richard;El-Hachem, Nehme;Guillot, Jacques;Chehab, Racha;Noujeim, Elise;El Khoury, Yara;Skaff, Wadih;Estephan, Nathalie;Nemer, Nabil",10.3390/jof7110924,"[""http://europepmc.org/abstract/MED/34829214"", ""https://doi.org/10.3390/jof7110924""]","Journal of fungi (Basel, Switzerland)",02c_formulation_delivery,02c_formulation_delivery|02a_efficacy,formulation-delivery|efficacy,Trap/bait/lure/electrostatic delivery pathway,wave1_narrow_signal,high,accepted,,"The cedar forests of Lebanon have been threatened by the outbreak caused by climate change of a web-spinning sawfly, Cephalcia tannourinensis (Hymenoptera: Pamphiliidae), which negatively impacted the survival of one of the oldest tree species on earth. In this study, we investigated the occurrence of naturally soil-inhabiting entomopathogenic fungi for their role in containing the massive outbreak of this insect. We used a combination of fungal bioexploration methods, including insect bait and selective media. Morphological features and multilocus phylogeny-based on Sanger sequencing of the transcripts encoding the translation elongation factor 1-alpha (TEF-), RNA polymerase II second largest subunit (RBP2), and the nuclear intergenic region (Bloc) were used for species identification. The occurrence rate of entomopathogenic fungi (EPF) varied with location, soil structure, forest structure, and isolation method. From 15 soil samples positive for fungal occurrence, a total of 249 isolates was obtained from all locations using different isolation methods. The phylogenetic analysis confirmed the existence of two novel indigenous species: Beauveria tannourinensis sp. nov. and Beauveria ehdenensis sp. nov. In conclusion, the present survey was successful (1) in optimizing the isolation methods for EPF, (2) investigating the natural occurrence of Beauveria spp. in outbreak areas of C. tannourinensis, and (3) in characterizing the",https://doi.org/10.3390/jof7110924,0,doi
575,rayyan-628416066,Biological characteristics and pathogenicity of entomopathogenic Beauveria bassiana (Bals.-Criv.) Vuill (Hypocreales: Cordycipitaceae) isolated from soils in Northern Kenya against desert locust (Schistocerca gregaria) (Forskal) (Orthoptera: Acrididae),2025,"Mwikali, Pamela C;Mwamburi, Lizzy A;Musinguzi, Simon Peter",,http://europepmc.org/abstract/AGR/IND608793514,Crop Protection,02c_formulation_delivery,02c_formulation_delivery|02a_efficacy,formulation-delivery|efficacy,Trap/bait/lure/electrostatic delivery pathway,wave1_narrow_signal,high,accepted,,"The Horn of Africa has witnessed an episodic upsurge in invasion by desert locust (Schistocerca gregaria Forskal). In Kenya, unusually larger swarms of desert locust were reported in 2019 and 2020. Entomopathogenic fungi, specifically the genus Beauveria, a cosmopolitan teleomorphic and anamorphic group of fungi, effectively control several insect pests. However, there is less information concerning their morphological and molecular characteristics and potential pathogenic characteristics on desert locust during upsurge in the more vulnerable regions of the Horn of Africa. In this study, we characterized isolates of Beauveria bassiana from two agro-ecological zones (Isiolo and Laikipia Counties) in Northern Kenya through morphological and molecular techniques and test their potential pathogenicity against adult desert locust. Samples were isolated using the Galleria bait method and cultured on solid Sabourand Dextrose Agar Yeast (SDAY). A total of 24 isolates were identified in 120 soil samples based on morphological characteristics such as colour of the colony, colony shapes, elevation, and shapes of the conidia. Seven isolates were positively identified using genetic technique based on rDNA-ITS regions. The isolates growth rates ranged from 1.6 to 2.5 mm/day with marked significant differences (P 0.05). All isolates of B. bassiana were pathogenic to S. gregaria in cages, causing mortality ranging from 63 to 100% after 14 days post-inoculation. This study demonstrated vari",http://europepmc.org/abstract/AGR/IND608793514,0,title
946,rayyan-628419648,Biological control of leaf-cutter ants using pathogenic fungi: experimental laboratory and field studies,2021,"Folgarait, Patricia J;Goffre, Daniela",10.1111/eea.13078,"[""http://europepmc.org/abstract/AGR/IND607478204"", ""https://doi.org/10.1111/eea.13078""]",Entomologia Experimentalis et Applicata.,02c_formulation_delivery,02c_formulation_delivery|02a_efficacy,formulation-delivery|efficacy,Trap/bait/lure/electrostatic delivery pathway,wave1_narrow_signal,high,accepted,,"The alternative use of biological control agents (BCAs) against leaf-cutter ants (LCAs) is in increasingly high demand due to the negative consequences of traditional pesticides. Regarding LCAs, BCAs include entomopathogens that infect them, and mycopathogens that kill the fungi cultivated by these ants. The simultaneous use of multiple BCAs requires that the agents do not negatively affect each other. To test this hypothesis, we set up laboratory assays to evaluate in vitro interactions among an entomopathogen [Beauveria bassiana (Bals.-Criv.) Vuill.], a mycopathogen [Trichoderma virens (JH Mill., Giddens & AA Foster) Arx], and the LCA-cultivated symbiotic fungus Leucoagaricus sp. We also tested the BCAs in the field by offering them in three types of bait to Acromyrmex lundii Guerin-Meneville (Hymenoptera: Formicidae), in order to evaluate: (1) the control efficiency of these BCAs on LCA field colonies, and (2) whether there was delayed rejection of baits placed sequentially. Our in vitro results showed that T. virens was not affected by Leucoagaricus sp. or by B. bassiana, whereas B. bassiana was negatively affected by the mycopathogen and the cultivated fungus, probably due to substrate competition. Leucoagaricus sp. was not affected by B. bassiana but it was negatively affected by T. virens, as predicted, destroying the cell walls of the cultivated fungus. The field study showed 62.5% control of LCA after applying the three types of bait on three occasions throughout 27",https://doi.org/10.1111/eea.13078,0,doi
2880,rayyan-628421786,Comparative evaluation and economic potential of ecorational versus chemical insecticides for crucifer flea beetle (Coleoptera: Chrysomelidae) management in Canola,2007,"Antwi, FB;Olson, DL;Knodel, JJ",10.1603/0022-0493(2007)100[710:ceaepo]2.0.co;2,"[""http://europepmc.org/abstract/MED/17598529"", ""https://doi.org/10.1093/jee/100.3.710""]",Journal of economic entomology,02c_formulation_delivery,02c_formulation_delivery|02a_efficacy|01-existing-products,existing-products|formulation-delivery|efficacy,Named commercial Bb product or registry/approval product record; Trap/bait/lure/electrostatic delivery pathway,wave1_narrow_signal,high,accepted,,"From 2001 to 2004, field studies were conducted to evaluate the effect of the ecorational insecticides SpinTor (spinosad), BotaniGard (Beauveria bassiana), Neemix (azadirachtin), and Surround (kaolin) against crucifer flea beetle on canola, Brassica napus L., at the cotyledon stage. The ecorational treatments were compared with a standard foliar chemical insecticide, Capture (bifenthrin), and the chemical seed treatment insecticide Helix XTra (thiamethoxam). This study indicated that flea beetle injury was lower for Helix XTra, Capture, and the ecorational insecticide SpinTor. SpinTor was less effective when flea beetle populations were relatively high (200-300 per trap-week). Yields for chemical insecticide treatments were always greater than SpinTor, with differences being the smallest (68-374 kg/ha) at low levels of flea beetle feeding injury. Differences were greatest when canola seedling injury was high (775-1,364 kg/ha). Yield differences between the conventional insecticides and BotaniGard, Neemix, and Surround were 119-439 and 61-2,248 kg/ha at low and high flea beetle feeding injury, respectively. Although yield differences between SpinTor and chemical insecticides were relatively small at lower levels of flea beetle injury, net losses ranged from $47 to $151/ha when SpinTor was used as an alternative to a standard chemical seed treatment, Helix XTra. This suggests that SpinTor would not be a viable alternative to the chemical insecticide. Net losses ranged from $30",https://doi.org/10.1603/0022-0493(2007)100[710:ceaepo]2.0.co;2,0,doi
1204,rayyan-628419927,Delivering Beauveria bassiana with electrostatic powder for the control of stored-product beetles,2017,"Athanassiou, Christos G;Rumbos, Christos I;Sakka, Maria;Potin, Olivier;Storm, Clare;Dillon, Aoife B",10.1002/ps.4522,"[""http://europepmc.org/abstract/MED/28066976"", ""https://doi.org/10.1002/ps.4522""]",Pest management science,02c_formulation_delivery,02c_formulation_delivery|02a_efficacy,formulation-delivery|efficacy,Trap/bait/lure/electrostatic delivery pathway; Formulation/carrier with trap/bait/device framing,reaudit_prior_relevant,high,accepted,1,"BackgroundThe efficacy of a Beauveria bassiana-based formulation (Bb38) with Entostat, an electrostatically charged powder, was investigated as a surface treatment against Cryptolestes ferrugineus, Oryzaephilus surinamensis and Sitophilus granarius adults. In lab bioassays, the efficacy of Bb38 against the aforementioned species was examined on concrete, plywood, steel and ceramic, whereas its residual efficacy against the same species was assessed on concrete and steel in the presence or absence of illumination. Finally, the efficacy of Bb38 against O. surinamensis and S. granarius adults was assessed in a commercial grain storage facility under realistic field conditions.ResultsIn the lab trials, O. surinamensis and C. ferrugineus were much more susceptible to Bb38 than S. granarius on all types of surfaces. Moreover, Bb38 was, at least for O. surinamensis and C. ferrugineus, as effective as the chemical standard (deltamethrin) for at least 2 months after the application, regardless of the presence or absence of illumination. Finally, in the field trial Bb38 provided a satisfactory level of control against O. surinamensis.ConclusionBb38 is an effective surface treatment, but its efficacy varies according to the target species, the type of surface and the time post-application. This is the first published report that examines the efficacy of Bb38 as a surface treatment for wider uses in empty warehouses and related storage facilities. 2017 Societ",https://doi.org/10.1002/ps.4522,0,doi
1688,rayyan-628420448,"Development of a CO2 -releasing coformulation based on starch, Saccharomyces cerevisiae and Beauveria bassiana attractive towards western corn rootworm larvae",2016,"Vemmer, Marina;Schumann, Mario;Beitzen-Heineke, Wilhelm;French, Bryan W;Vidal, Stefan;Patel, Anant V",10.1002/ps.4245,"[""http://europepmc.org/abstract/MED/26834068"", ""https://doi.org/10.1002/ps.4245""]",Pest management science,02c_formulation_delivery,02c_formulation_delivery|02a_efficacy,formulation-delivery|efficacy,Trap/bait/lure/electrostatic delivery pathway,wave1_narrow_signal,high,accepted,,"BackgroundCO2 is known as an attractant for many soil-dwelling pests. To implement an attract-and-kill strategy for soil pest control, CO2 -emitting formulations need to be developed. The aim of the present work was to develop a slow-release bead system in order to bridge the gap between application and hatching of western corn rootworm larvae.ResultsWe compared different Ca-alginate beads containing Saccharomyces cerevisiae for their potential to release CO2 over a period of several weeks. The addition of starch improved CO2 release, resulting in significantly higher CO2 concentrations in soil for at least 4 weeks. The missing amylase activity was compensated for either by microorganisms present in the soil or by coencapsulation of Beauveria bassiana. Formulations containing S. cerevisiae, starch and B. bassiana were attractive for western corn rootworm larvae within the first 4 h following exposure; however, when considering the whole testing period, the maize root systems remained more attractive for the larvae.ConclusionCoencapsulation of S. cerevisiae, starch and B. bassiana is a promising approach for the development of attractive formulations for soil applications. For biological control strategies, the attractiveness needs to be increased by phagostimuli to extend contact between larvae and the entomopathogenic fungus growing out of these formulations. 2016 Society of Chemical Industry",https://doi.org/10.1002/ps.4245,0,doi
1131,rayyan-628419844,Diversity of entomopathogenic fungi associated with Mediterranean fruit fly (Ceratitis capitata (Diptera: Tephritidae)) in Moroccan Argan forests and nearby area: impact of soil factors on their distribution,2020,"Hallouti, Ayoub;Ait Hamza, Mohamed;Zahidi, Abdelaziz;Ait Hammou, Rachid;Bouharroud, Rachid;Ait Ben Aoumar, Abdellah;Boubaker, Hassan",10.1186/s12898-020-00334-2,"[""http://europepmc.org/abstract/MED/33234114"", ""https://bmcecol.biomedcentral.com/track/pdf/10.1186/s12898-020-00334-2""]",BMC ecology,02c_formulation_delivery,02c_formulation_delivery|02a_efficacy,formulation-delivery|efficacy,Trap/bait/lure/electrostatic delivery pathway,wave1_narrow_signal,high,accepted,,"BackgroundStudying the ecology of biocontrol-agents is a prerequisite to effectively control medfly (Ceratitis capitata (Diptera: Tephritidae)) with entomopathogenic fungi. In this context, factors affecting the occurrence and distribution of medfly-associated entomopathogenic-fungi were studied. Soil samples (22) were collected from natural and cultivated areas of Souss-region Morocco.ResultsA total of 260 fungal isolates belonging to 22 species and 10 genera were obtained by using medfly pupae as bait. Medfly-associated fungi were detected in all studied soils and pupae infection percentages ranged from 3.33% to 48%. Two genera, Fusarium and Beauveria were the most frequent with 83 isolates (32%) and 50 isolates (19.23%) respectively. Pathogenicity test of isolated species against medfly pupae showed high mortality rates up to 91% for some strains. Principal component analysis (PCA) demonstrated a strong influence of origin, physical, and chemical properties of soil on the abundance of these fungi. In general, medfly-associated fungi were more abundant in soils with moderate pH (7.5 to 8) having high sand and organic content. High relative humidity negatively influenced the abundance of these fungi. Both factors directly affected the fungal infection percentages in pupae. The response of fungi to these parameters varied among species. According to principal component analysis (PCA), the soils of argan fields and forests were more suitable for the developme",https://doi.org/10.1186/s12898-020-00334-2,0,doi
2277,rayyan-628421090,Effect of Bark Application With Beauveria bassiana and Permethrin Insecticide on the Walnut Twig Beetle (Coleoptera: Curculionidae) in Black Walnut Bolts,2019,"Mayfield, Albert E;Juzwik, Jennifer;Scholer, Jamison;Vandenberg, John D;Taylor, Adam",10.1093/jee/toz150,"[""http://europepmc.org/abstract/MED/31141149"", ""https://academic.oup.com/jee/article-pdf/112/5/2493/30045074/toz150.pdf""]",Journal of economic entomology,02c_formulation_delivery,02c_formulation_delivery|02a_efficacy,formulation-delivery|efficacy,Trap/bait/lure/electrostatic delivery pathway,wave1_narrow_signal,high,accepted,,"Formulations of entomopathogenic (insect-killing) fungi represent alternatives to synthetic insecticides in the management of forest and shade tree insects. We evaluated bark spray applications of the entomopathogen Beauveria bassiana (Balsamo) Vuillemin (Hypocreales: Cordycipitaceae) strain GHA (BotaniGardES), permethrin insecticide (Astro), and water (control) on colonization of black walnut (Juglans nigra L.) (Fagales: Juglandaceae) bolts by the walnut twig beetle (Pityophthorus juglandis Blackman) (Coleoptera: Curculionidae), vector of the fungus that causes thousand cankers disease. Treated bolts were baited with a P. juglandis aggregation pheromone lure and deployed in infested walnut trees. Bark application of permethrin prevented P. juglandis colonization of the phloem. Although treatment of bolts with the B. bassiana suspension did not reduce P. juglandis colonization or short-term emergence relative to the control treatment, it increased the B. bassiana infection rate from 25 to 62% of emerged adults. Results suggest that commercial applications of B. bassiana strain GHA may help augment natural levels of infection by this entomopathogen in the eastern United States, and support continued exploration of entomopathogens for biological control of the walnut twig beetle.",https://doi.org/10.1093/jee/toz150,0,doi
4483,rayyan-628423434,Effects of bait substrate and formulation on infection of grasshopper nymphs by Beauveria bassiana,1996,"Inglis, GD;Johnson, DL;Goettel, MS",10.1080/09583159650039511,"[""http://europepmc.org/abstract/AGR/IND20620937"", ""https://doi.org/10.1080/09583159650039511""]",Biocontrol science and technology.,02c_formulation_delivery,02c_formulation_delivery|02a_efficacy,formulation-delivery|efficacy,Trap/bait/lure/electrostatic delivery pathway; Formulation/carrier with trap/bait/device framing; Bait substrate / ingestion of Bb conidia,reaudit_prior_relevant,high,accepted,1,"The effects of two formulations (oil and water) and two bait substrates (lettuce and bran) on infection of grasshopper nymphs (Melanoplus sanguinipes) by Beauveria bassiana were investigated. More nymphs died of mycosis after they had ingested substrates inoculated with conidia in oil than in water, but there was no difference between the lettuce and bran substrates. Of the conidia recovered in frass, most (95%) were recovered within 24 h of ingestion of the lettuce and bran substrates by nymphs. Significantly more conidia averaged over time were recovered in frass from the water than from the oil formulation. A higher incidence (33-82%) with more rapid onset of mycosis was observed in nymphs that were surface-sterilized before ingestion, compared with those surface-sterilized after ingestion of lettuce and bran substrates inoculated with B. bassiana in both formulations. A similar trend was observed in nymphs receiving the sterilization treatment before, rather than after, ingestion of wheat leaves sprayed with conidia in oil or water. Numerous conidia were observed on the heads, thoraxes and abdomens of nymphs that ingested treated lettuce or bran. Modest numbers of conidia were also recovered from the surfaces of nymphs, but no differences were observed between formulations or substrates. However, when nymphs ingested lettuce disks treated with fluorescent dye in either oil or water, more dye was observed on nymphs with the oil formulation. This laboratory study demonstrat",https://doi.org/10.1080/09583159650039511,0,doi
2993,rayyan-628421904,Effects of soil treatments with entomopathogenic fungi on soil dwelling non-target arthropods at a commercial olive orchard,2011,"Garrido-Jurado, I;Ruano, F;Campos, M;Quesada-Moraga, E",10.1016/j.biocontrol.2011.07.001,"[""http://europepmc.org/abstract/AGR/IND6074886"", ""https://doi.org/10.1016/j.biocontrol.2011.07.001""]",Biological Control.,02c_formulation_delivery,02c_formulation_delivery|02a_efficacy|04-nontarget-ecotox,formulation-delivery|efficacy|nontarget,Trap/bait/lure/electrostatic delivery pathway; Nontarget risk in delivery/product/horizontal Bb context,wave1_narrow_signal,high,accepted,,"Recent studies have shown the potential of entomopathogenic fungi (EF) for the biocontrol of tephritid puparia in soil treatments beneath the tree canopy. The soil is the natural ecosystem of these fungi, and the soil environment provides protection against UV. Furthermore, the fungi may recycle in the soil, providing a long term control of the puparia. However, such soil applications could have a negative impact on non-target soil arthropod fauna. In particular, ants play an important role in olive grove soil fauna because they are biological indicators of the soil condition. Thus, the aims of this study were to (i) determine the persistence of Metarhizium anisopliae EAMa 01/58-Su isolate in the soil when applied beneath olive trees for controlling olive fly puparia, (ii) elucidate its possible effect on non-target soil dwelling arthropod communities and (iii) evaluate the effect of soil treatment with M. anisopliae and Beauveria bassiana on Tapinoma nigerrimum colonies. Our results indicate that the soil ecosystem favors the persistence of this autochthonous isolate, maintaining levels of 10aCFUgaA1 of soil. This level allows long-term protection of the crop against the olive fly puparia. Furthermore, in pitfall traps, no infected insects were found in field as a result of the fungal treatment. The most abundant arthropods trapped were formicidae species. In laboratory assays, no significant differences in mortality were found between fungal treatments and control. The",https://doi.org/10.1016/j.biocontrol.2011.07.001,0,doi
5627,rayyan-628426062,Efficacy and nontarget effects of broadcast treatments to manage spotted lanternfly (Hemiptera: Fulgoridae) nymphs.,2023,Keller JA;Walsh B;Johnson A;Jenkins N;Rost J;Treichler B;Biddinger D;Calvin DD;Hoover K;Urban J;Roush RT,10.1093/jee/toad121,https://pubmed.ncbi.nlm.nih.gov/37364245/,Journal of economic entomology,02c_formulation_delivery,02c_formulation_delivery|02a_efficacy|04-nontarget-ecotox,formulation-delivery|efficacy|nontarget,Trap/bait/lure/electrostatic delivery pathway; Nontarget risk in delivery/product/horizontal Bb context,wave1_narrow_signal,high,accepted,,"Management to control the spotted lanternfly, Lycorma delicatula (White), would ideally achieve managers' goals while limiting impacts on nontarget organisms. In a large-scale field study with 45 plots at least 711 m2, we tested foliar applications of dinotefuran and 2 formulations of Beauveria bassiana (Balsamo) Vuillemin, each applied from the ground and separately by helicopter. Applications targeted early instar nymphs. For both application methods, a single treatment with dinotefuran significantly reduced L. delicatula numbers, as measured by catch on sticky bands (91% reduction by air and 84% reduction by ground 19 days after application) and by timed counts (89% reduction by air and 72% reduction by ground 17 days after application). None of the B. bassiana treatments significantly reduced L. delicatula numbers, even after 3 applications. Beauveria bassiana infection in field-collected nymphs ranged from 0.4% to 39.7%, with higher mortality and infection among nymphs collected from ground application plots. Beauveria bassiana conidia did not persist for long on foliage which probably contributed to low population reduction. Nontarget effects were not observed among arthropods captured in blue vane flight intercept traps, San Jose Scale pheromone sticky traps or pitfall traps, but power analysis revealed that small reductions of less than 40% may not be detected despite extensive sampling of 48,804 specimens. These results demonstrate that dinotefuran can markedly redu",https://doi.org/10.1093/jee/toad121,0,doi
4196,rayyan-628423140,"Efficacy of Beauveria bassiana against the red imported fire ant, Solenopsis invicta (Hymenoptera: Formicidae), in Taiwan",2011,"Kafle, Lekhnath;Wu, Wen-Jer;Kao, Suey-Sheng;Shih, Cheng-Jen",10.1002/ps.2192,"[""http://europepmc.org/abstract/MED/21538803"", ""https://doi.org/10.1002/ps.2192""]",Pest management science,02c_formulation_delivery,02c_formulation_delivery|02a_efficacy,formulation-delivery|efficacy,Trap/bait/lure/electrostatic delivery pathway; Formulation/carrier with trap/bait/device framing,wave1_narrow_signal,high,accepted,,"BackgroundCombining biological control and chemical control could be used for controlling red imported fire ant (RIFA), Solenopsis invicta, more effectively. Beauveria bassiana F256, a local strain from Taiwan, was evaluated for its efficacy in the control of S. invicta under both laboratory and field conditions.ResultsThe efficacies of different doses of B. bassiana (Bb) using direct application and bait formulation methods were compared. The number of RIFA workers killed by the direct application of Bb or by bait were significantly higher than those of the control, with different rates of efficacy under laboratory conditions. Under field conditions, the direct application of Bb into RIFA mounds was more efficient in inactivating the mounds than the bait application.ConclusionIt was shown that B. bassiana is able to control S. invicta under both laboratory and field conditions and can be used as a biocontrol agent against RIFA in Taiwan.",https://doi.org/10.1002/ps.2192,0,doi
5069,rayyan-628424412,Efficacy of Biopesticides for Management of the Swede Midge (Diptera: Cecidomyiidae).,2016,Evans BG;Hallett RH,10.1093/jee/tow192,https://pubmed.ncbi.nlm.nih.gov/27567223/,Journal of economic entomology,02c_formulation_delivery,02c_formulation_delivery|02a_efficacy,formulation-delivery|efficacy,Trap/bait/lure/electrostatic delivery pathway,wave1_narrow_signal,high,accepted,,"Management of the swede midge, Contarinia nasturtii Kieffer, in North American crucifer production relies on crop rotation and the timely application of synthetic insecticides, based on pheromone trap monitoring of local adult populations. Organically acceptable formulations of azadirachtin, pyrethrin, and spinosad, and a commercial biopesticide containing the entomopathogenic fungus, Beauveria bassiana, were evaluated for their effects on larval mortality and oviposition deterrence in the greenhouse, and on damage symptoms in the field. In greenhouse trials, pyrethrin and spinosad treatments applied up to 24 h prior to C. nasturtii exposure resulted in significant reductions in oviposition on host plants, whereas azadirachtin and B. bassiana only deterred oviposition when applied 2 h prior to exposure. Spinosad caused the highest larval reduction (96%) on cauliflower meristems, while azadirachtin, B. bassiana, and pyrethrin caused significant larval reduction when applied preoviposition and significant mortality when applied postoviposition. Field trials conducted with these insecticides on broccoli in 2011 produced no significant reductions in overall damage levels; however, B. bassiana treatments produced more marketable plants than did the control. In 2013, all treatments significantly reduced overall damage levels and all treatments, except B. bassiana, produced more uninfested and marketable plants than the control. Field applications of these alternative insecticides",https://doi.org/10.1093/jee/tow192,0,doi
5464,rayyan-628425564,Efficiency Enhancement Technology of Dastarcus helophoroides (Coleoptera: Bothrideridae) for Controlling Monochamus alternatus (Coleoptera: Cerambycidae): Drilling Optimization and Biological Collaboration.,2025,Li J;Zhang M;Li Z;Li X;Peng Y;Zhou W;Zhao Z;Yan X,10.3390/insects16111138,https://pubmed.ncbi.nlm.nih.gov/41302884/,Insects,02c_formulation_delivery,02c_formulation_delivery|02a_efficacy,formulation-delivery|efficacy,Trap/bait/lure/electrostatic delivery pathway,wave1_narrow_signal,high,accepted,,"Dastarcus helophoroides Fairmaire, a parasitic natural enemy widely used in the biological control of Monochamus alternatus Hope, possesses strong abilities to search for hosts and prey. To enhance the biological control efficacy of D. helophoroides against M. alternatus, this study systematically evaluated the effectiveness of enhancing control through methods such as drilling holes in lure logs and introducing D. helophoroides carrying Pyemotes zhonghuajia or Beauveria bassiana under controlled indoor conditions. The results showed that: (1) Releasing D. helophoroides eggs (after 30 days) and releasing adults (after 120 days) were both effective in controlling M. alternatus, with the best control effects achieved when 50 eggs/m and 3 adults/m were released. The release of adults took longer to show effects but had better results than the release of eggs in the later stages. (2) The location and number of holes drilled in lure logs significantly influenced the efficiency of D. helophoroides in searching for and parasitizing M. alternatus, while the diameter of the holes was not significant. Considering the highest control efficacy and minimizing damage to the tree, the optimal conditions were releasing D. helophoroides adults 2 cm above M. alternatus fecal holes, with 0.4 cm in diameter and 2 holes/m release density, which significantly promoted the invasion of D. helophoroides adults into the borer tunnels and increased the M. alternatus mortality rate. (3) Releasing D. he",https://doi.org/10.3390/insects16111138,0,doi
221,rayyan-628415435,Encapsulation of Beauveria bassiana conidia as a new strategy for the biological control of Aedes aegypti larvae,2024,"Bitencourt, Ricardo de Oliveira Barbosa;de Sousa Queiroz, Raymyson Rhuryo;Ribeiro, Anderson;de Souza Ribeiro, Yrexam Rodrigues;Boechat, Marcela Santana Bastos;Carolino, Aline Teixeira;Santa-Catarina, Claudete;Samuels, Richard Ian",10.1038/s41598-024-83036-9,https://app.dimensions.ai/details/publication/pub.1183955508,Scientific Reports,02c_formulation_delivery,02c_formulation_delivery|02a_efficacy,formulation-delivery|efficacy,Trap/bait/lure/electrostatic delivery pathway,wave1_narrow_signal,high,accepted,,"The virulence of encapsulated fungal conidia against Aedes aegypti larvae was investigated. Molecular studies confirmed that the fungal isolate used here was Beauveria bassiana. Different conidial concentrations were tested. A concentration of 1 108 conidia mL 1 was the most effective, resulting in 7% larval survival after 7 days. Next, alginate capsules (0.65%) containing conidia were prepared with different densities of calcium chloride (0.01 M, 0.009 M, and 0.008 M CaCl2) and tested against larvae. Furthermore, groups of capsules were prepared with bird diet to act as an attractant. All capsule densities tested reduced larval survival (ranging from 22 to 67%). However, capsules with 0.008 M CaCl2 were the most effective. Furthermore, fungus-only capsules were more efficient when compared to those containing bird diet. Laboratory and semi-field bioassays were conducted using mixtures of capsules with different densities. In the laboratory, survival ranged from 26 to 53%, whereas in semi-field conditions, 35%, and 80% survival was observed for groups exposed to fungus-only capsules or capsules containing diet, respectively. Histopathological studies of larvae exposed to capsules showed the presence of the fungus in the digestive tract and visible damage to enterocytes. These findings offer new insights into the biological control of Ae. aegypti larvae.",https://doi.org/10.1038/s41598-024-83036-9,0,doi
4733,rayyan-628423684,Enhanced UV resistance and improved killing of malaria mosquitoes by photolyase transgenic entomopathogenic fungi,2012,"Fang, Weiguo;St Leger, Raymond J",10.1371/journal.pone.0043069,"[""http://europepmc.org/abstract/MED/22912789"", ""https://journals.plos.org/plosone/article/file?id=10.1371/journal.pone.0043069&type=printable""]",PloS one,02c_formulation_delivery,02c_formulation_delivery|02a_efficacy,formulation-delivery|efficacy,Trap/bait/lure/electrostatic delivery pathway,wave2_gap_bait_trap,high,accepted,,"The low survival of microbial pest control agents exposed to UV is the major environmental factor limiting their effectiveness. Using gene disruption we demonstrated that the insect pathogenic fungus Metarhizium robertsii uses photolyases to remove UV-induced cyclobutane pyrimidine dimers (CPD) and pyrimidine (6-4) photoproducts [(6-4)PPs] from its DNA. However, this photorepair is insufficient to fix CPD lesions and prevent the loss of viability caused by seven hours of solar radiation. Expression of a highly efficient archaeal (Halobacterium salinarum) CPD photolyase increased photorepair 30-fold in both M. robertsii and Beauveria bassiana. Consequently, transgenic strains were much more resistant to sunlight and retained virulence against the malaria vector Anopheles gambiae. In the field this will translate into much more efficient pest control over a longer time period. Conversely, our data shows that deleting native photolyase genes will strictly contain M. robertsii to areas protected from sunlight, alleviating safety concerns that transgenic hypervirulent Metarhizium spp will spread from mosquito traps or houses. The precision and malleability of the native and transgenic photolyases allows design of multiple pathogens with different strategies based on the environments in which they will be used.",https://doi.org/10.1371/journal.pone.0043069,0,doi
237,rayyan-628415453,Entomopathogenic Fungi in Forest Habitats of Ixodes ricinus,2024,"Dyczko, Dagmara;Plewa-Tutaj, Kinga;Kiewra, Dorota",10.3390/insects15050341,https://app.dimensions.ai/details/publication/pub.1171524380,Insects,02c_formulation_delivery,02c_formulation_delivery|02a_efficacy,formulation-delivery|efficacy,Trap/bait/lure/electrostatic delivery pathway,wave1_narrow_signal,high,accepted,,"(1) Background: In addition to the microclimate, host availability, and tick microbiota, soil environmental microorganisms can affect tick populations. This study aimed to (1) determine the presence and diversity of entomopathogenic fungi (EF) in forests, where ticks are abundant, and (2) estimate the effectiveness of the isolated EF strains against Ixodes ricinus. (2) Methods: EF were isolated using the trap insect method from soil collected from tick sites. A bioassay was used to estimate the effectiveness of EF against ticks. (3) Results: The presence of EF was found in all tested forest habitat types. A total of 53 strains belonging to the genera Metarhizium, Beauveria, and Isaria were isolated. All the six strains subjected to the bioassay showed potential efficacy against both adult and nymphal stages of I. ricinus; however, the strains differed in their effectiveness. The most effective isolate against I. ricinus was the soil environmental strain of Metarhizium anisopliae. (4) Conclusion: The study indicates that tick habitats can be the source of entomopathogenic fungi, which have a lethal effect on ticks, as demonstrated in preliminary laboratory tests with I. ricinus. However, for practical use, extensive field tests and further research on application methods and long-term effects are necessary to develop effective and sustainable tick management strategies.",https://doi.org/10.3390/insects15050341,0,doi
1828,rayyan-628420607,Entomopathogenic fungi against the red palm weevil: Lab and field evidence,2024,"Sabbahi, Rachid;Hock, Virginia",,http://europepmc.org/abstract/AGR/IND608269139,Crop Protection,02c_formulation_delivery,02c_formulation_delivery|02a_efficacy,formulation-delivery|efficacy,Trap/bait/lure/electrostatic delivery pathway,wave1_narrow_signal,high,accepted,,"Palms are threatened by a major pest, the red palm weevil, Rhynchophorus ferrugineus (Olivier) (Coleoptera: Curculionidae). The damage caused by its infestation is costly, often resulting in the removal of affected trees and the need for additional treatments to halt the pest's spread. The larvae's development and feeding activities within the trunk cause extensive damage to the trees. However, the lack of early infestation signs worsens the spread of the attack. While chemical treatments are effective, they pose issues such as pest resistance, worker health risks, and environmental concerns. Entomopathogenic fungi (EPF) such as Beauveria bassiana, Metarhizium anisopliae, Isaria fumosorosea, and Lecanicillium lecanii, are a promising alternative for managing RPW infestations. This literature review delves into the biology, ecology, and infection process of EPF and RPW, as well as the factors influencing the effectiveness of EPF against R. ferrugineus throughout its life cycle. The review also assesses the various EPF application and delivery methods along with the challenges and risks associated with their field use. It summarizes the results of various studies that tested the ability of EPF to control RPW in the laboratory and in the field, comparing the efficacy of different species and strains of EPF. The review concludes that EPF can significantly reduce RPW populations and damage, particularly when used in conjunction with other control methods like pheromone traps, inse",http://europepmc.org/abstract/AGR/IND608269139,0,title
1544,rayyan-628420294,Entomopathogenic fungi in Portuguese vineyards soils: suggesting a 'Galleria-Tenebrio-bait method' as bait-insects Galleria and Tenebrio significantly underestimate the respective recoveries of Metarhizium (robertsii) and Beauveria (bassiana),2018,"Sharma, Lav;Oliveira, Irene;Torres, Laura;Marques, Guilhermina",10.3897/mycokeys.38.26790,"[""http://europepmc.org/abstract/MED/30123027"", ""https://doi.org/10.3897/mycokeys.38.26790""]",MycoKeys,02c_formulation_delivery,02c_formulation_delivery|02a_efficacy,formulation-delivery|efficacy,Trap/bait/lure/electrostatic delivery pathway,wave1_narrow_signal,high,accepted,,"Entomopathogenic fungi (EPF) are the natural enemies of insect-pests. However, EPF recoveries can be influenced by the soil habitat-type(s) incorporated and/or the bait-insect(s) used. Galleriamellonella (GM) as bait-insect, i.e. 'Galleria-bait', is arguably the most common methodology, which is sometimes used solely, to isolate EPF from soils. Insect baiting using Tenebriomolitor (TM) has also been employed occasionally. Here 183 soils were used to estimate the functional diversity of EPF in Portuguese Douro vineyards (cultivated habitat) and adjacent hedgerows (semi-natural habitat), using the TM bait method. Moreover, to study the effect of insect baiting on EPF recovery, 81 of these 183 soil samples were also tested for EPF occurrences using the GM bait method. Twelve species were found in 44.26% 3.67% of the total of 183 soils. Clonostachysroseaf.rosea was found in maximum soils (30.05% 3.38%), followed by Beauveriabassiana (12.57% 2.37%), Purpureocilliumlilacinum (9.29% 2.14%) and Metarhiziumrobertsii (6.01% 1.75%). Beauveriapseudobassiana (P P = 0.006) and Cordycepscicadae (P=0.023) were isolated significantly more from hedgerows, highlighting their sensitivities towards agricultural disturbances. Beauveriabassiana (P = 0.038) and M.robertsii (P = 0.003) were isolated significantly more using GM and TM, respectively. Principal com",https://doi.org/10.3897/mycokeys.38.26790,0,doi
1636,rayyan-628420395,Evaluating the efficacy of biological and conventional insecticides with the new 'MCD bottle' bioassay,2014,"Sternberg, Eleanore D;Waite, Jessica L;Thomas, Matthew B",10.1186/1475-2875-13-499,"[""http://europepmc.org/abstract/MED/25515850"", ""https://doi.org/10.1186/1475-2875-13-499""]",Malaria journal,02c_formulation_delivery,02c_formulation_delivery,,Delivery-device pathway,wave3_residual,high,accepted,,"BackgroundControl of mosquitoes requires the ability to evaluate new insecticides and to monitor resistance to existing insecticides. Monitoring tools should be flexible and low cost so that they can be deployed in remote, resource poor areas. Ideally, a bioassay should be able to simulate transient contact between mosquitoes and insecticides, and it should allow for excito-repellency and avoidance behaviour in mosquitoes. Presented here is a new bioassay, which has been designed to meet these criteria. This bioassay was developed as part of the Mosquito Contamination Device (MCD) project and, therefore, is referred to as the MCD bottle bioassay.MethodsPresented here are two experiments that serve as a proof-of-concept for the MCD bottle bioassay. The experiments used four insecticide products, ranging from fast-acting, permethrin-treated, long-lasting insecticide nets (LLINs) that are already widely used for malaria vector control, to the slower acting entomopathogenic fungus, Beauveria bassiana, that is currently being evaluated as a prospective biological insecticide. The first experiment used the MCD bottle to test the effect of four different insecticides on Anopheles stephensi with a range of exposure times (1 minute, 3 minutes, 1 hour). The second experiment is a direct comparison of the MCD bottle and World Health Organization (WHO) cone bioassay that tests a subset of the insecticides (a piece of LLIN and a piece of netting coated with B. bassiana s",https://doi.org/10.1186/1475-2875-13-499,0,doi
4999,rayyan-628424134,Evaluation of a guardian plant system to suppress Frankliniella occidentalis (Thysanoptera: Thripidae) in greenhouse ornamentals.,2023,Sullivan CF;Davari A;Kim JS;Parker BL;Skinner M,10.1002/ps.7556,https://pubmed.ncbi.nlm.nih.gov/37194223/,Pest management science,02c_formulation_delivery,02c_formulation_delivery|02a_efficacy,formulation-delivery|efficacy,Trap/bait/lure/electrostatic delivery pathway,wave1_narrow_signal,high,accepted,,"BACKGROUND: Western flower thrips (WFT), Franklinella occidentalis (Pergande), is an economically damaging pest of greenhouse ornamentals. A 'guardian plant system' (GPS) that targeted WFT was evaluated under controlled and commercial greenhouse conditions. This system used mycotized millet grains with the entomopathogenic fungus Beauveria bassiana (Balsamo-Crivelli) Vuillemin applied to soil of potted marigolds, Tagetes patula (L.), combined with the foliar-dwelling predatory mite Neoseiulus (=Amblyseius) cucumeris (Oudemans) in slow-release sachets under controlled greenhouse conditions, and with the addition of a pheromone lure under commercial settings. RESULTS: Significantly fewer WFT and less foliar damage on GPS was observed over the 10 and 12 weeks experimental periods compared to the untreated controls. Predatory mites were maintained up to 10 weeks with one release under controlled greenhouse conditions and 12 weeks with two releases in commercial greenhouses. In commercial greenhouses, greater numbers of WFT were found on marigolds than on crop plants within 1 m of the system. Fungal granules persisted for 12 weeks up to 2.5 10(5) CFU g(-1) in the GPS soil. CONCLUSION: The use of biological control agents to suppress WFT within a GPS could be a useful IPM strategy for greenhouse production. The marigold GPS attracted WFT which were suppressed primarily through predation by foliar-dwelling predatory mites and to a lesser extent, infection from conidia produced b",https://doi.org/10.1002/ps.7556,0,doi
2720,rayyan-628421624,"Evaluation of the entomopathogenic fungi Beauveria bassiana, Metarhizium anisopliae, and Isaria fumosorosea for control of Sitophilus oryzae",2014,"Kavallieratos, Nickolas G;Kavallieratos, Nickolas G;Athanassiou, Christos G;Aountala, Maria M;Kontodimas, Demetrius C",10.4315/0362-028x.jfp-13-196,"[""http://europepmc.org/abstract/MED/24406003"", ""https://doi.org/10.4315/0362-028X.JFP-13-196""]",Journal of food protection,02c_formulation_delivery,02c_formulation_delivery|02a_efficacy,formulation-delivery|efficacy,Trap/bait/lure/electrostatic delivery pathway,wave1_narrow_signal,high,accepted,,"The entomopathogenic fungi Beauveria bassiana, Metarhizium anisopliae, and Isaria fumosorosea were tested against the stored-grain pest Sitophilus oryzae. The fungi were isolated from the soil (from three locations in Attica, Greece: B. bassiana from Tatoion, M. anisopliae from Marathon, and I. fumosorosea from Aghios Stefanos) using larvae of Galleria mellonella as bait. Suspensions of 2.11 10(7) and 2.11 10(8), 1.77 10(7) and 1.77 10(8), and 1.81 10(7) and 1.81 10(8) conidia per ml of B. bassiana, M. anisopliae, and I. fumosorosea, respectively, were applied by three treatments: (i) sprayed on food and set in petri dishes with adults of S. oryzae, (ii) sprayed on adults of S. oryzae and set in petri dishes without food, and (iii) sprayed on adults of S. oryzae and set in petri dishes with food. The observed mortality of S. oryzae adults during the overall exposure period for the lowest, as well as for the highest, concentrations of B. bassiana, M. anisopliae, and I. fumosorosea ranged from 0 to 100%. Concentration was, in most of the cases tested, a critical parameter that determined the 'speed of kill' of the exposed insect species for B. bassiana and M. anisopliae. Conversely, concentration was not that critical for I. fumosorosea, and survival was high in some of the combinations tested, even after 14 days of exposure. Both in the highest and the lowest concentrations of fungi, the mortality of S. oryzae adults was higher when the fungi were applied on adults",https://doi.org/10.4315/0362-028x.jfp-13-196,0,doi
5088,rayyan-628424479,Evaluation of three formulations of Beauveria bassiana for control of lesser mealworm and hide beetle in Georgia poultry houses.,2003,Geden CJ;Steinkraus DC,10.1603/0022-0493-96.5.1602,https://pubmed.ncbi.nlm.nih.gov/14650537/,Journal of economic entomology,02c_formulation_delivery,02c_formulation_delivery|02a_efficacy,formulation-delivery|efficacy,Trap/bait/lure/electrostatic delivery pathway; Formulation/carrier with trap/bait/device framing,wave1_narrow_signal,high,accepted,,"Initial screening of 12 Beauveria bassiana (Balsamo) Vuillemin isolates against larvae of the lesser mealworm (Alphitobius diaperinus [Panzer]) resulted in the selection of two isolates, GHA and 707, for further testing under field conditions. Three formulations of each strain were prepared: an EC, a ground corn granular formulation, and waste product of fungal propagation containing spent media, mycelia, and unharvested conidia ('residue' formulation). Two field trials were conducted in commercial caged-layer houses in Georgia with 5-6 mo of manure accumulation and established populations of A. diaperinus and hide beetles (Dermestes maculatus DeGeer). In the first trial field, B. bassiana was applied a single time to the manure surface at either 10(9) (EC and granular cornmeal bait formulations) or 10(8) (residue formulation) fungal spores per square meter. In the second trial, two successive weekly treatments were applied, using a total of 6x the rate of application used in the first trial, Significant treatment effects were short-lived and only detected 2 wk after treatment in both trials. The granular formulations of both strains and the residue formulation of the GHA strain provided the greatest degree of suppression (60-90%) of beetle larvae. A laboratory bioassay confirmed that the granular bait was the most effective formulation. More frequent applications made earlier in the manure accumulation cycle may be necessary to achieve satisfactory control of these beetles.",https://doi.org/10.1603/0022-0493-96.5.1602,0,doi
989,rayyan-628419696,Field applications of Beauveria bassiana to control the European cherry fruit fly Rhagoletis cerasi,2010,"Daniel, C;Wyss, E",10.1111/j.1439-0418.2009.01486.x,"[""http://europepmc.org/abstract/AGR/IND44457328"", ""https://doi.org/10.1111/j.1439-0418.2009.01486.x""]",Journal of Applied Entomology,02c_formulation_delivery,02c_formulation_delivery|02a_efficacy|01-existing-products,existing-products|formulation-delivery|efficacy,Named commercial Bb product or registry/approval product record; Trap/bait/lure/electrostatic delivery pathway,wave1_narrow_signal,high,accepted,,"Field experiments with foliar applications of Beauveria bassiana ATCC 74040 (product Naturalis-L) were conducted to control the European cherry fruit fly Rhagoletis cerasi Loew (Diptera: Tephritidae), a major pest of cherries in Europe. Naturalis-L was applied at concentrations of 250 ml per 100 l in 7-day intervals during the flight period of R. cerasi. Flight activity monitored by yellow sticky traps was only slightly affected by treatments. Infection and mycosis of adult cherry fruit flies was shown to be possible under field conditions. Fruit infestation was assessed at harvest. The number of infested fruits was significantly reduced by 65% with foliar applications of Naturalis-L. These results were obtained from five experiments in 2 years with considerably different weather conditions (wet vs. dry) and in different orchards with different flight intensities of R. cerasi (low vs. high) and different cherry varieties (early ripening vs. late ripening). In conclusion, the application of Naturalis-L is a suitable and economically feasible strategy for controlling R. cerasi in organic cherry production. The product Naturalis-L is currently registered for cherry fruit fly control in Italy and Switzerland.",https://doi.org/10.1111/j.1439-0418.2009.01486.x,0,doi
5115,rayyan-628424670,"Field efficacy of insect pathogen, botanical, and jasmonic acid for the management of wheat midge Sitodiplosis mosellana and the impact on adult parasitoid Macroglenes penetrans populations in spring wheat.",2019,Shrestha G;Reddy GVP,10.1111/1744-7917.12548,https://pubmed.ncbi.nlm.nih.gov/29064185/,Insect science,02c_formulation_delivery,02c_formulation_delivery|02a_efficacy,formulation-delivery|efficacy,Trap/bait/lure/electrostatic delivery pathway,wave1_narrow_signal,high,accepted,,"The wheat midge, Sitodiplosis mosellana, is a serious pest of wheat worldwide. In North America, management of S. mosellana in spring wheat relies on the timely application of pesticides, based on midge adults levels caught in pheromone traps or seen via field scouting during wheat heading. In this context, biopesticides can be an effective alternative to pesticides for controlling S. mosellana within an Integrated Pest Management program. A field study using insect pathogenic fungus Beauveria bassiana GHA, nematode Steinernema feltiae with Barricade polymer gel 1%, pyrethrin, combined formulations of B. bassiana GHA and pyrethrin, Jasmonic acid (JA) and chlorpyrifos (chemical check) was performed to determine to which extent they affect midge larval populations, kernel damage levels, grain yield, and quality, and the impacts on adult parasitoid Macroglenes penetrans populations. The results indicated that biopesticides JA and S. feltiae were the most effective in reducing larval populations and kernel damage levels, and produced a higher spring wheat yield when compared to the water control at both study locations (East Valier and North Valier, Montana, USA). Increased test weight in wheat had been recorded with two previous biopesticides at East Valier but not for North Valier, when compared over water control. These results were comparable in efficacy to the chlorpyrifos. This study also suggested that B. bassiana and pyrethrin may work synergistically, as exemplified by",https://doi.org/10.1111/1744-7917.12548,0,doi
557,rayyan-628416038,Formulation and bio-efficacy of different isolates of Beauveria bassiana against adults and third nymphal instar of desert locust (Schistocerca gregaria Forskal),2024,"Mwikali, Pamela C;Mwamburi, Lizzy A;Peter Musinguzi, Simon",10.1016/j.biocontrol.2024.105642,"[""http://europepmc.org/abstract/AGR/IND608679957"", ""https://doi.org/10.1016/j.biocontrol.2024.105642""]",Biological Control.,02c_formulation_delivery,02c_formulation_delivery|02a_efficacy|04-nontarget-ecotox,formulation-delivery|efficacy|nontarget,Trap/bait/lure/electrostatic delivery pathway; Formulation/carrier with trap/bait/device framing; Nontarget risk in delivery/product/horizontal Bb context,wave1_narrow_signal,high,accepted,,"Recently, the Horn of Africa witnessed a swift increase in the incidence of desert locust (Schistocerca gregaria) invasion. During outbreaks, pesticides are applied through aerial or ground spraying to kill the insects, and/or to prevent their spread to new grounds. However, after decades of extensive use, many drawbacks such as contamination of the environment, toxicity to non-target organisms, harmful residues on food, pest resistance, and bioaccumulation in the food chains emerged. Entomopathogenic fungi offer viable alternatives to chemical pesticides against many insect invasions, but few studies have tested their bio-efficacy in desert locusts. Therefore, the current study aimed at isolating, formulating local isolates 231, 334, 333, 341, 349, 351, 339 of Beauveria bassiana, and testing their bio-efficacy against larval and adult desert locusts. The 21-day experiment was conducted under controlled conditions in a greenhouse. Soil samples were collected from two agroecological zones in Isiolo and Laikipia Counties in Kenya. B. bassiana was isolated from the soil samples using the Galleria bait method and cultivated in Sabouraud Dextrose Agar Yeast (SDAY). The isolates were identified based on molecular techniques (DNA and PCR amplification). The conidia of the isolates were screened and bioassays on 30 locusts was conducted for 14 days. The best isolates eliciting over 90 % mortality during screening were used for formulations using three carrier materials (liquid paraff",https://doi.org/10.1016/j.biocontrol.2024.105642,0,doi
1729,rayyan-628420497,Fungal evasion of Drosophila immunity involves blocking the cathepsin-mediated cleavage maturation of the danger-sensing protease,2025,"Tang, Guirong;Song, Shuangxiu;Shang, Junmei;Luo, Yujuan;Li, Shiqin;Wei, Dongxiang;Wang, Chengshu",10.1073/pnas.2419343122,"[""http://europepmc.org/abstract/MED/39819219"", ""https://doi.org/10.1073/pnas.2419343122""]",Proceedings of the National Academy of Sciences of the United States of America,02c_formulation_delivery,02c_formulation_delivery|02a_efficacy|02b_strains_traits,formulation-delivery|efficacy|strains-traits,Trap/bait/lure/electrostatic delivery pathway; Strain traits linked to carrier/trap/surface context,wave1_narrow_signal,high,accepted,,"Entomopathogenic fungi play a critical role in regulating insect populations, and representative species from the Metarhizium and Beauveria genera have been developed as eco-friendly biocontrol agents for managing agricultural insect pests. Relative to the advances in understanding antifungal immune responses in Drosophila, knowledge of how fungi evade insect immune defenses remains limited. In this study, we report the identification and characterization of a virulence-required effector Fkp1 in Metarhizium robertsii. Library screening and protein pull-down analysis unveiled that Fkp1 targets the cathepsin protease CtsK1 to inhibit its cleavage maturation of the danger-sensing serine protease Persephone (Psh), thereby facilitating fungal evasion of the Drosophila immune defenses. The Fkp1-like gene is also required in Beauveria bassiana for insect infection. Transgenic expression of Fkp1 in Drosophila suppressed hemolymph cysteine protease activity and down-regulated the expression of antifungal genes. Fkp1 can also mask the Psh cleavage site without interfering with its ability to bait fungal subtilisin proteases. Given the evident compensatory relationship, our data indicate that the protease cascade is more crucial than the molecular pattern pathway in defending flies against fungal infections. This work reveals that Metarhizium fungi have evolved distinct effectors to block the dual recognition pathways",https://doi.org/10.1073/pnas.2419343122,0,doi
3737,rayyan-628422668,Impact of soil applications of Beauveria bassiana and Mariannaea sp. on nontarget forest arthropods,1997,"Parker, BL;Skinner, M;Gouli, V;Brownbridge, M",10.1006/bcon.1997.0516,"[""http://europepmc.org/abstract/AGR/IND20610180"", ""https://doi.org/10.1006/bcon.1997.0516""]",Biological Control.,02c_formulation_delivery,02c_formulation_delivery|02a_efficacy|04-nontarget-ecotox,formulation-delivery|efficacy|nontarget,Trap/bait/lure/electrostatic delivery pathway; Formulation/carrier with trap/bait/device framing; Nontarget risk in delivery/product/horizontal Bb context,wave1_narrow_signal,high,accepted,,"Replicated plots were established in pear thrips-infested sugar maple stands. They were treated with Beauveria bassiana as an emulsifiable concentrate and a nutrient-based granular formulation and with Mariannaea sp. as a wettable powder. Postapplication invertebrates moving across plots were collected daily for 10 days in pitfall traps. Collected individuals were identified, held for 10 days, and then evaluated for the presence of fungal infection and other potential pathogenic microorganisms. A total of 3615 invertebrates were collected and identified. Of the invertebrate population in treated plots that fell into pitfall traps, 2.8% became infected with either B. bassiana or Mariannaea sp. The fungi applied also occur naturally in sugar maple forest soils; therefore, it was impossible to confirm whether the infection we observed in treated plots was a result of contact with the spores we applied. Because we obtained infection among invertebrates collected from control plots, it is likely that these fungi do attack invertebrates under natural forest conditions. Of the 2584 invertebrates examined further for obligate internal pathogens, 2.5% were infected with entomophthoralean fungi, protozoans, and/or nematodes. Results suggest that B. bassiana and Mariannaea sp. could be applied to forest soil without a significant negative impact on the forest-dwelling invertebrate population.",https://doi.org/10.1006/bcon.1997.0516,0,doi
4368,rayyan-628423316,"Infectivity of housefly, Musca domestica (Diptera: Muscidae) to different entomopathogenic fungi",2016,"Farooq, Muzammil;Freed, Shoaib",10.1016/j.bjm.2016.06.002,"[""http://europepmc.org/abstract/MED/27522925"", ""https://doi.org/10.1016/j.bjm.2016.06.002""]",Brazilian journal of microbiology : [publication of the Brazilian Society for Microbiology],02c_formulation_delivery,02c_formulation_delivery|02a_efficacy,formulation-delivery|efficacy,Trap/bait/lure/electrostatic delivery pathway,reaudit_prior_relevant,high,accepted,1,"The housefly Musca domestica is a worldwide insect pest that acts as a vector for many pathogenic diseases in both people and animals. The present study was conducted to evaluate the virulence of different local isolates of Beauveria bassiana, Metarhizium anisopliae and Isaria fumosorosea on M. domestica using two bioassay techniques: (1) adult immersion and (2) a bait method applied to both larvae and adults. The results showed evidence of a broad range of responses by both stages (larvae and adults) to the tested isolates of B. bassiana, M. anisopliae and I. fumosorosea. These responses were concentration-dependent, with mortality percentages ranging from 53.00% to 96.00%. Because it resulted in lower LC50 values and a shorter lethal time, B. bassiana (Bb-01) proved to be the most virulent isolate against both housefly larvae and adults. Sublethal doses of the tested isolates were also assessed to evaluate their effect on M. domestica fecundity and longevity. The fungal infections reduced housefly survival regardless of their sex and also decreased egg production in females.",https://doi.org/10.1016/j.bjm.2016.06.002,0,doi
610,rayyan-628416112,Integrated management of Tuta absoluta in tomato cultivation in southern Angola: a sustainable approach,2025,"Tito, Noe Jamba;Van-Dunen, Silvio Edjorge Francisco;Regazzo, Jamile Raquel;Antonio, Sebastiao;Zacarias, Joao Baptista;Rossi, Fabricio",10.21203/rs.3.rs-7965828/v1,"[""http://europepmc.org/abstract/PPR/PPR1113045"", ""https://doi.org/10.21203/rs.3.rs-7965828/v1""]",,02c_formulation_delivery,02c_formulation_delivery|02a_efficacy,formulation-delivery|efficacy,Trap/bait/lure/electrostatic delivery pathway,wave1_narrow_signal,high,accepted,,"Abstract The tomato borer ( Tuta absoluta ) is a highly destructive pest of tomato crops, causing losses exceeding 80% due to larval mining in leaves and fruits, which compromises photosynthesis and commercial quality. This study evaluated the effectiveness of three management strategies in family farming systems in southern Angola: chemical control, a combined system (chemical + traps), and Integrated Pest Management (IPM). The field research was conducted between 2017 and 2018, with weekly monitoring of pest population, crop damage, and productivity. The results indicated that IPM - integrating Beauveria bassiana , pheromone traps, and crop rotation - reduced the pest population by 86% and doubled productivity compared with chemical control. The findings demonstrate that IPM is a viable, sustainable, and economically accessible alternative for smallholder farmers, particularly under humid conditions. The study highlights the importance of promoting public policies that support the adoption of IPM and biological control agents to reduce pesticide dependence and strengthen sustainable agriculture in sub-Saharan Africa.",https://doi.org/10.21203/rs.3.rs-7965828/v1,0,doi
2213,rayyan-628421025,"Integration of Repellency Effect of Neem-Based Insecticide and Pheromone Bio-Trap(R) with Beauveria bassiana (Hypocreales: Cordycipitaceae) to Control the Red Palm Weevil, Rhynchophorus ferrugineus (Olivier) (Coleoptera: Curculionidae)",2021,"Hajjar, MJ;Ajlan, AM;Al-Ahmad, MH",,http://europepmc.org/abstract/AGR/IND607523531,African entomology,02c_formulation_delivery,02c_formulation_delivery|02a_efficacy,formulation-delivery|efficacy,Trap/bait/lure/electrostatic delivery pathway; Formulation/carrier with trap/bait/device framing,reaudit_prior_relevant,high,accepted,1,"To control adults of the red palm weevil (RPW), Rhynchophorus ferrugineus (Olivier) (Coleoptera: Curculionidae), a pheromone Bio-Trap(R) containing the commercial formulation of Beauveria bassiana (BroadbandTM) was integrated with neem-based insecticide, (azadirachtin). Beauveria bassiana at 40 ml suspension of 1 109 spores/ml caused 100% mortality of RPW. The LC50 of neem-based insecticide, (azadirachtin) to RPW by direct spraying was 1810.3 ppm, whereas that by feeding was 2117.80 ppm. The lowest concentration of neem that was 100 % repellent to RPW was 800 ppm. The repellency effect of neem was integrated with the pheromone Bio-Trap in three net houses (5 5 m), each planted with five offshoots of palm trees (height, 1-1.5 m). In two of the net houses, wounds were made on offshoots and sprayed weekly with 800 ppm neem, and a pheromone Bio-Trap was introduced. The third net house was the control, in which wounds were made on the offshoots without the spraying of neem and a pheromone non-Bio-Trap (without fungus) was introduced. Thirty adults were introduced, and after 30 days in the net houses with the pheromone Bio-Trap, all RPW died because of contamination by fungi. The repellency of neem prevented the insects from laying eggs in the wounded offshoots, and no larvae were found. However, in the control net house, only 60 % of the adults were trapped and killed in the pheromone non-Bio-Trap, and two of the five offshoots were infested with 26-34 larvae.",http://europepmc.org/abstract/AGR/IND607523531,0,title
5030,rayyan-628424223,Isolation and identification of entomopathogenic fungi strains for Colorado potato beetle (Leptinotarsa decemlineata) control.,2024,Konopicka J;Skokova Habustova O;Janova N;Zurovcova M;Dolezal P;Zemek R,10.1093/jambio/lxae213,https://pubmed.ncbi.nlm.nih.gov/39147566/,Journal of applied microbiology,02c_formulation_delivery,02c_formulation_delivery|02a_efficacy|04-nontarget-ecotox,formulation-delivery|efficacy|nontarget,Trap/bait/lure/electrostatic delivery pathway; Nontarget risk in delivery/product/horizontal Bb context,wave1_narrow_signal,high,accepted,,"AIMS: The Colorado potato beetle, Leptinotarsa decemlineata (Say) (Coleoptera: Chrysomelidae) is the most widespread insect pest that causes major economic losses, especially on potatoes. Due to heavy insecticide use, this species now resists most pesticides, posing a significant control challenge. Frequent pesticide application also harms non-target organisms, the environment, and human health. Hence, utilizing biocontrol agents like entomopathogenic fungi (EPF) offers a viable alternative for pest management. The aim of this study was to identify and characterize new EPF strains isolated from soil samples and evaluate their efficacy against adult L. decemlineata under laboratory conditions. METHODS AND RESULTS: Soil samples were collected in potato fields or uncultivated areas adjacent to the field in the Czech Republic and the EPF strains were isolated using a modified Tenebrio bait method. A total of 20 fungal strains were isolated and identified using morphological and molecular markers based on the 28S rRNA, ITS, and elongation factor 1-alpha gene sequences as Beauveria bassiana (Bals.-Criv.) Vuill., Beauveria brongniartii (Sacc.) Petch, and Cordyceps fumosorosea (Wize) Kepler, B. Shrestha & Spatafora (Hypocreales: Cordycipitaceae), Purpureocillium lilacinum (Thom.) Luangsa-ard, Houbraken, Hywel-Jones & Samson (Hypocreales: Ophiocordycipitaceae), Metarhizium brunneum (Petch), and Metarhizium robertsii Bisch., Rehner & Humber (Hypocreales: Clavicipitaceae). The bioassay",https://doi.org/10.1093/jambio/lxae213,0,doi
5545,rayyan-628425857,"Isolation, morphological characterization, and screening virulence of Beauveria bassiana and Metarhizium robertsii fungal isolates on Galleria mellonella.",2023,Geremew D;Shiberu T;Leta A,10.12688/f1000research.134020.5,https://pubmed.ncbi.nlm.nih.gov/38434644/,F1000Research,02c_formulation_delivery,02c_formulation_delivery|02a_efficacy|02b_strains_traits,formulation-delivery|efficacy|strains-traits,Trap/bait/lure/electrostatic delivery pathway; Strain traits linked to carrier/trap/surface context,wave1_narrow_signal,high,accepted,,"BACKGROUND: Entomopathogenic fungi exists naturally in plants as an asymptote and have the potential to reduce the population of insect pests through indirect interactions. This study was conducted to detect and characterize the endophytic fungi Beauveria bassiana and Metarhizium robertsii from the rhizosphere soil of tomato plants and their virulence effect on Galleria melonella. METHODS: From the rhizosphere soil of 40 tomato fields, three Beauveria bassiana and seven Metarhizium robertsii isolates were isolated using the galleria bait method. All fungi isolate were morphologically characterized by their colony color, shape, and surface texture. Isolates with the highest percentages of germination, conidial yield, and radial growth were selected, and their virulence was evaluated on second instar larvae of Galleria melonella under laboratory conditions. RESULTS: In this study, Beauveria bassiana showed white colony color and aseptate hyphae, whereas Metarhizium robertsii showed dark green to light green colony color and septate hyphal structures. Maximum spore production and conidial length were obtained by Beauveria bassiana isolate APPRC-27 with 2.67x10 (7) spores ml (-1) and 3.24 m, respectively. Colony radial growth rates ranged from 1.73 to 3.24 mm day (-1). The results revealed that the highest mortality rate of Galleria melonella (100%) was obtained by Metarhizium robertsii isolates K-61 and K-102 at a concentration of 1x10 (8) conidial ml (-1) at 7 days post-inocu",https://doi.org/10.12688/f1000research.134020.5,0,doi
4511,rayyan-628423462,"Laboratory evaluation of Beauveria bassiana (Moniliales: Moniliaceae) against the lesser mealworm, Alphitobius diaperinus (Coleoptera: Tenebrionidae), in poultry litter, soil, and a pupal trap",1998,"Geden, CJ;Arends, JJ;Rutz, DA;Steinkraus, DC",10.1006/bcon.1998.0647,"[""http://europepmc.org/abstract/AGR/IND21979506"", ""https://doi.org/10.1006/bcon.1998.0647""]",Biological Control.,02c_formulation_delivery,02c_formulation_delivery|02a_efficacy,formulation-delivery|efficacy,Trap/bait/lure/electrostatic delivery pathway,wave1_narrow_signal,high,accepted,,"In forced-contact bioassays in which hosts were vortexed for 5 s in 5 ml of fungal inoculum, young larvae of the lesser mealworm (Alphitobius diaperinus) were highly susceptible to a strain of the fungal pathogen Beauveria bassiana (WV) that was isolated from a natural epizootic in A. diaperinus (5-day-old larvae LC50 = 1.73 x 10(2) conidia/ml, LC90 = 9.86 x 10(3); 10-day-old larvae LC50 = 2.49 x 10(2), LC90 = 4.74 x 10(4)). Adult beetles were approximately 1000 times less susceptible than young larvae. Mature larvae and adult beetles were more susceptible to WV and to a second beetle-derived strain (NC) than they were to two strains that originated in house flies. Starch dust formulations were more effective than aqueous suspensions when conidia were applied to poultry litter containing manure, chicken feed, and pine shavings. Because the experiments were conducted a single time, small differences among strains, formulations, and life stages should be viewed with caution. Soil treatments with corn starch containing the WV and NC strains provided 100% control of beetle larvae at 2.5 x 10(11) conidia/m2; aqueous suspensions were less effective. A pupal trap consisting of conidia-treated cardboard provided 100% control of beetle larvae at 4 x 10(5) conidia/cm2 of trap surface. An estimated 3 x 10(11) conidia could be used to treat a 1200-m2 poultry house with the pupal traps.",https://doi.org/10.1006/bcon.1998.0647,0,doi
5528,rayyan-628425810,Longifolene enhances Beauveria bassiana bait by counteracting repellency in the fungus-growing termite Odontotermes formosanus.,2026,Lin Y;Huang J;Huang J;Yu W;Akutse KS;Lin S,10.1002/ps.71038,https://pubmed.ncbi.nlm.nih.gov/42298749/,Pest management science,02c_formulation_delivery,02c_formulation_delivery|02a_efficacy,formulation-delivery|efficacy,Trap/bait/lure/electrostatic delivery pathway; Bait substrate / ingestion of Bb conidia,wave1_narrow_signal,high,accepted,,"BACKGROUND: The fungus-growing termite Odontotermes formosanus is a significant pest of hydraulic infrastructure, driving the need for targeted and environmentally sound control strategies. The entomopathogenic fungus Beauveria bassiana is a promising biocontrol candidate against O. formosanus, but its efficacy in bait formulations can be reduced by termite repellence behavior induced by fungal volatiles. This study explored the potential of the plant-derived volatile longifolene to counteract this repellence or avoidance and enhance bait performance. RESULTS: In laboratory olfactometer assays, dry conidia of B. bassiana repelled termite workers in a dose-dependent manner, whereas longifolene at 0.2-0.4 mmol mL(-1) acted as a significant attractant. In toxic bait tests, incorporating longifolene reversed the repellency of a low conidial concentration of 1 10(7) conidia mL(-1), resulting in an attractant rate 70%. This combined bait was also proved effective in field trials at reservoir sites, attracting significantly more workers than control baits. CONCLUSION: Our findings indicate that longifolene can mitigate the olfactory repellence or avoidance of B. bassiana conidia in baits by the termites, facilitating an 'attract-and-infect' approach. This strategy offers a novel, sustainable option for managing O. formosanus. 2026 Society of Chemical Industry.",https://doi.org/10.1002/ps.71038,0,doi
3623,rayyan-628422545,Meta-Analysis and Evaluation by Insect-Mediated Baiting Reveal Different Patterns of Hypocrealean Entomopathogenic Fungi in the Soils From Two Regions of China,2020,"Masoudi, Abolfazl;Wang, Min;Zhang, Xiaoli;Wang, Can;Qiu, Zhaoxi;Wang, Wenying;Wang, Hui;Liu, Jingze",10.3389/fmicb.2020.01133,"[""http://europepmc.org/abstract/MED/32595616"", ""https://www.frontiersin.org/articles/10.3389/fmicb.2020.01133/pdf""]",Frontiers in microbiology,02c_formulation_delivery,02c_formulation_delivery|02a_efficacy,formulation-delivery|efficacy|seed-review,Trap/bait/lure/electrostatic delivery pathway; Review covering Bb delivery/product/horizontal themes,wave1_narrow_signal,high,accepted,,"A survey was carried out on forest soils and grassland soils from Hebei and Sichuan provinces using Tenebrio molitor larvae as a bait, and high-throughput DNA sequencing (HTS) of the fungal internal transcribed spacer-2 ribosomal DNA was used to monitor the natural distribution of three leading hypocrealean families of insect fungal pathogens (Clavicipitaceae, Cordycipitaceae, and Ophiocordycipitaceae). The occurrence of insect fungal pathogens in soil samples from 98 different sites was compared. The use of insect bait indicated that entomopathogenic fungi of the genus Metarhizium were predominant, followed by Beauveria and Isaria. Molecular characterization using the Mz_FG543 intergenic region revealed that the Metarhizium species pool was phylogenetically composed of three closely related species as follows; Metarhizium pingshaense (n = 74), Metarhizium robertsii (n = 51), and Metarhizium brunneum (n = 26), as well as one isolate which clustered with Metarhizium flavoviride. Nine potentially new phylogenetic species were delimited within the M. flavoviride species complex by sequencing of the 5' elongation factor-1 alpha region locus. The Beauveria (n = 64) and Isaria (n = 5) isolates were characterized via sequence analyses of the Bloc region. An intergenic spacer phylogeny of the Beauveria isolate assemblage revealed th",https://doi.org/10.3389/fmicb.2020.01133,0,doi
3427,rayyan-628422347,Microbial control of Musca domestica (Diptera: Muscidae) with selected strains of Beauveria bassiana,2005,"Lecuona, Roberto E;Turica, Mariana;Tarocco, Federico;Crespo, Diana C",10.1093/jmedent/42.3.332,"[""http://europepmc.org/abstract/MED/15962783"", ""https://doi.org/10.1603/0022-2585(2005)042[0332:MCOMDD]2.0.CO;2""]",Journal of medical entomology,02c_formulation_delivery,02c_formulation_delivery|02a_efficacy|02b_strains_traits,formulation-delivery|efficacy|strains-traits,Trap/bait/lure/electrostatic delivery pathway; Strain traits linked to carrier/trap/surface context,reaudit_prior_relevant,high,accepted,1,"Nineteen strains and species of entomopathogenic fungi were examined for their potential as biological control agents of the house fly, Musca domestica L. Bioassays against larvae, pupae, and adult males and females in small containers indicated five strains of Beauveria bassiana (Bals.) Vuill. were relatively more virulent. Three of the virulent strains, chosen for efficiency of production in a rice-based, diphasic fungal production system, were further evaluated by mixing spore-contaminated rice residue with sugar and tested as a food bait for adult flies in a 33-m3 walk-in chamber. Up to 90% mortality was obtained within 15 d of exposure. The results indicate bait formulations of the most virulent and aggressive strain should be further developed and studied.",https://doi.org/10.1093/jmedent/42.3.332,0,doi
139,rayyan-628415320,New Approach of Beauveria bassiana to Control the Red Palm Weevil (Coleoptera: Curculionidae) by Trapping Technique,2015,"Hajjar, M J;Ajlan, A M;Al-Ahmad, M H",10.1093/jee/tou055,https://app.dimensions.ai/details/publication/pub.1020039684,Journal of Economic Entomology,02c_formulation_delivery,02c_formulation_delivery|02a_efficacy|01-existing-products,existing-products|formulation-delivery|efficacy,Named commercial Bb product or registry/approval product record; Trap/bait/lure/electrostatic delivery pathway; Formulation/carrier with trap/bait/device framing,wave1_narrow_signal,high,accepted,,"This work is the first study to investigate the efficacy of the commercial formulation of Beauveria bassiana (Broadband) to control adults of red palm weevil (Rhynchophorus ferrugineus (Olivier)). This fungus could be applied as one of the biological tactics in controlling red palm weevil. Bioassay experiments for medium lethal concentrate and medium time to cause death of 50% of red palm weevil adults were carried out. The result showed that the LC50 of B. bassiana (Broadband) was 2.1910(7) and 2.7610(6) spores/ml at 9 and 23 d of treatment, respectively. The LT50 was 13.95 and 4.15 d for concentration of 110(7) and 110(8) spores/ml, respectively, whereas 110(9) spores/ml caused 100% mortality after 24 h. Additionally, a red palm weevil pheromone trap was designed to attract the adults to be contaminated with spores of Broadband, which was applied to the sackcloth fabric that coated the internal surfaces of the bucket trap. The mating behavior was studied to determine direct and indirect infection of the spores from male to female and vice versa. The results showed a high efficacy of Broadband suspension at 110(9) spores/ml; 40 ml of suspension at this concentration treated to cloth in a trap caused death of contaminated adults with B. bassiana spores directly and indirectly. The 100% mortality was obtained even after 13 d of traps treatment with 40 ml of the suspension at 110(9) spores/ml.",https://doi.org/10.1093/jee/tou055,0,doi
6140,rayyan-628432905,"New Metabolites, Antifeedant, Insecticidal Activities, and Reciprocal Relationship Between Insect and Fungus from Endophyte Schizophyllum commune",2022,"Wang, Cui-Fang;Yang, Xue-Qiong;Sun, Jing;Wang, Ting;Cui, Han-Rong;Yang, Ya-Bin;Ding, Zhong-Tao",10.1002/cbdv.202200130,"[""http://europepmc.org/abstract/MED/35580000"", ""https://doi.org/10.1002/cbdv.202200130""]",Chemistry & biodiversity,02c_formulation_delivery,02c_formulation_delivery|02a_efficacy,formulation-delivery|efficacy,Trap/bait/lure/electrostatic delivery pathway,wave1_narrow_signal,high,accepted,,"Five new bisabolane sesquiterpenes, a new polyketide, along with seven known compounds, were isolated from endophyte Schizophyllum commune associated with a famous medicinal and edible plant, Gastrodia elata. Most compounds 1-12, and extract indicated antifeedant activities against silkworm with feeding deterrence index (FDI) of 21-85 %, at concentrations of 20 g/cm2 , 40 g/cm2 , respectively. Compound 6 indicated obvious insecticidal activity with fatality rate of 60 %, at the concentration of 20 g/cm2 . Five bisabolane sesquiterpenes, two ergosterols, and a glyceride showed insecticidal synergism by combining with abamectin. Interesting, ergosterol peroxide (13) distributed widely in mushrooms and fungi, was found to have feeding attractant activities on insects and antifungal activity against entomopathogen Beauveria bassiana. The reciprocal relationship should be occurred between S. commune and pests for the fungus produced ergosterol peroxide to attract the pests propagating spore, and its anti-entomopathogen activity was also benefit for the health of insects.",https://doi.org/10.1002/cbdv.202200130,0,doi
4918,rayyan-628423958,Occurrence and diversity of insect-associated fungi in natural soils in China,2008,"Sun, Bing-Da;Liu, Xing-Zhong",10.1016/j.apsoil.2007.12.001,"[""http://europepmc.org/abstract/AGR/IND44029945"", ""https://doi.org/10.1016/j.apsoil.2007.12.001""]",Applied Soil Ecology.,02c_formulation_delivery,02c_formulation_delivery|02a_efficacy,formulation-delivery|efficacy,Trap/bait/lure/electrostatic delivery pathway,wave1_narrow_signal,high,accepted,,"In the present study, the occurrence and species diversity of insect-associated fungi in soil collected mainly from forest habitats in different regions of China were compared by using the 'Galleria biat method'. Insect-associated fungi were defined to include known insect pathogenic fungi, opportunistic pathogens and secondary colonizers isolated from the Galleria mellonella bait insect exposed to the soil samples in question. Insect-associated fungi were detected in 55.5% of the 425 soil samples. A total of 377 fungi belonging to 46 species and 27 genera were isolated and identified. Among them, 6 species were known insect pathogenic fungi, 21 were opportunistic pathogens and 19 were secondary colonizers. Insect pathogenic fungi were most prevalent and Paecilomyces farinosus, Beauveria bassiana and Metarhizium anisopliae var. anisopliae (Hyphomycetes) were the most common species, comprising 19.6%, 14.1% and 10.6% of the total number of isolates, respectively. Opportunistic pathogens also had high occurrences in the soil with the percentage frequency added up to 36.9%. Among the opportunistic fungi, Fusarium oxysporum, F. solani, Geomyces pannorum, Clonostachys rosea f. catenulata and an unidentified Fusarium sp. resulted in the highest G. mellonella mortality in the preliminary pathogenicity test. Using principal component analysis, two components accounted for 76.5% of the total variance were extracted. Component 1 was positively correlated with species richness and speci",https://doi.org/10.1016/j.apsoil.2007.12.001,0,doi
3965,rayyan-628422905,"Occurrence of entomopathogenic fungi from agricultural and natural ecosystems in Saltillo, Mexico, and their virulence towards thrips and whiteflies",2011,"Sanchez-Pena, Sergio R;Lara, Jorge San-Juan;Medina, Raul F",10.1673/031.011.0101,"[""http://europepmc.org/abstract/MED/21521145"", ""https://doi.org/10.1673/031.011.0101""]",Journal of insect science (Online),02c_formulation_delivery,02c_formulation_delivery|02a_efficacy|02b_strains_traits,formulation-delivery|efficacy|strains-traits,Trap/bait/lure/electrostatic delivery pathway; Strain traits linked to carrier/trap/surface context,wave1_narrow_signal,high,accepted,,"Entomopathogenic fungi were collected from soil in four adjacent habitats (oak forest, agricultural soil, pine reforestation and chaparral habitat) in Saltillo, Mexico using the insect bait method with Tenebrio molitor (L.) (Coleoptera: Tenebrionidae) larvae as bait. Overall, of the larvae exposed to soil, 171 (20%) hosted Beauveria bassiana (Balsamo) Vuillemin (Hypocreales: Cordycipitaceae), 25 (3%) hosted Metarhizium anisopliae (Metschnikoff) Sorokin (Hypocreales: Clavicipitaceae) and 1 (0.1%) hosted lsaria (=Paecilomyces) sp. (Hypocreales: Cordycipitaceae). B. bassiana was significantly more frequent on larvae exposed to oak forest soil. M. anisopliae was significantly more frequent on larvae exposed to agricultural soil. From the infected bait insects, 93 isolates of B. bassiana and 24 isolates of M. anisopliae were obtained. Strains were tested for their infectivity against Cuban laurel thrips, Gynaikothrips uzeli Zimmerman (Thysanoptera: Phlaeothripidae) and the greenhouse whitefly, Trialeurodes vaporariorum (Westwood) (Hemiptera: Aleyrodidae). B. bassiana isolates caused the highest mortality on thrips (some causing 88% mortality after 6 days); both fungal species caused similarly high mortality levels against whiteflies (75%) after 6 days. Large amounts of germplasm of entomopathogenic fungi, fundamentally B. bassiana and M. anisopliae, exist in the habitats sampled; pathogenicity varied among strains, and some strains possessed significant virulence. Soils in these h",https://doi.org/10.1673/031.011.0101,0,doi
5714,rayyan-628426283,Perspectives for the biological control of Cameraria ohridella.,2007,Zemek R;Prenerova E;Volter L;Weyda F;Skuhravy V,,https://pubmed.ncbi.nlm.nih.gov/18399483/,Communications in agricultural and applied biological sciences,02c_formulation_delivery,02c_formulation_delivery|02a_efficacy,formulation-delivery|efficacy,Trap/bait/lure/electrostatic delivery pathway,wave1_narrow_signal,high,accepted,,"The horse chestnut leaf-miner, Cameraria ohridella Deschka et Dimic (Lepidoptera, Gracillariidae) is a serious invasive pest of Aesculus hippocastanum in Europe. The larvae of this species feed on leaf parenchyma and can reduce the tree growth. We studied the impact of parasitoids on C. ohridella in the Czech Republic and also searched for entomopathogenic fungi associated with this pest. The results showed that the rate of parasitism varied between 5% and 15% in most cases. The most parasitized stages of C. ohridella were spinning stages and especially pupae. The most abundant parasitoid species were Minotetrastichus frontalis, Pnigalio sp. and Pediobius saulius (Hymenoptera, Eulophidae). All species are polyphagous. Using the Galleria-bait method we isolated many strains of entomopathogenic fungi. Dominant species were Paecilomyces fumosoroseus, Paecilomyces farinosus and Beauveria bassiana. The perspectives of fungal bioagents in control of C. ohridella is discussed.",https://pubmed.ncbi.nlm.nih.gov/18399483/,0,title
5468,rayyan-628425577,Pest Management Strategies Against the Coffee Berry Borer (Coleoptera: Curculionidae: Scolytinae).,2018,Infante F,10.1021/acs.jafc.7b04875,https://pubmed.ncbi.nlm.nih.gov/29528640/,Journal of agricultural and food chemistry,02c_formulation_delivery,02c_formulation_delivery|02a_efficacy,formulation-delivery|efficacy,Trap/bait/lure/electrostatic delivery pathway,wave2_gap_bait_trap,high,accepted,,"Coffee ( Coffea arabica and C. canephora) is one of the most widely traded agricultural commodities and the main cash crop in 80 tropical countries. Among the factors that limit coffee production, the coffee berry borer, Hypothenemus hampei (Ferrari) has been considered the main insect pest, causing losses of over U.S. $500 million dollars annually. Control of this pest has been hindered by two main factors: the cryptic nature of the insect (i.e., protected inside the coffee berry) and the availability of coffee berries in the field allowing the survival of the pest from one generation to the next. Coffee berry borer control has primarily been based on the use of synthetic insecticides. Management strategies have focused on the use of African parasitoids ( Cephalonomia stephanoderis, Prorops nasuta, and Phymastichus coffea), fungal entomopathogens ( Beauveria bassiana), and insect traps. These approaches have had mixed results. Recent work on the basic biology of the insect has provided novel insights that might be useful in developing novel pest management strategies. For example, the discovery of symbiotic bacteria responsible for caffeine breakdown as part of the coffee berry borer microbiome opens new possibilities for pest management via the disruption of these bacteria. Some chemicals with repellent propieties have been identified, and these have a high potential for field implementation. Finally, the publication of the CBB genome has provided insights on the biology",https://doi.org/10.1021/acs.jafc.7b04875,0,doi
833,rayyan-628419529,Phylogenetic Relationships and Acaricidal Effects of Beauveria bassiana Obtained from Cattle Farm Soils Against Rhipicephalus microplus,2018,"Fernandez-Salas, Agustin;Alonso-Diaz, Miguel Angel;Morales, Rogelio Alejandro Alonso;Lezama-Gutierrez, Roberto;Cervantes-Chavez, Jose Antonio",10.1645/17-162,"[""http://europepmc.org/abstract/MED/29457960"", ""https://doi.org/10.1645/17-162""]",The Journal of parasitology,02c_formulation_delivery,02c_formulation_delivery|02a_efficacy,formulation-delivery|efficacy,Trap/bait/lure/electrostatic delivery pathway,wave1_narrow_signal,high,accepted,,"The objectives of the present study were to isolate Beauveria bassiana strains from cattle farm soils, analyze the phylogenetic relationships among the fungal strains isolated from these soils, and determine the acaricidal effect of B. bassiana isolates on engorged Rhipicephalus microplus tick strains resistant or susceptible to chemical acaricides. Six strains of B. bassiana were obtained and isolated from cattle farm soils in the Mexican tropics using the Galleria bait method, and their acaricidal effect was assessed against 2 populations of R. microplus ('Media Joya' chemical acaricide-resistant strain or 'CLAR' chemical acaricide-susceptible strain) using the adult immersion test. The BbV03 strain produced 86.7% and 60% mortality in resistant and susceptible ticks on day 20, respectively, whereas the BbV04 strain produced 66.7% and 53.5% mortality in resistant and susceptible ticks on day 20, respectively. The BbV03 and BbV04 strains reduced egg laying on both R. microplus populations. There was no statistical difference in the acaricidal effect of B. bassiana strains among chemical acaricide-susceptible or -resistant R. microplus populations ( P 0.05). The BbV03 strain was the most virulent against R. microplus with an LC50 of 2 107 and LC99 of 7 108 conidia/ml. We found that the 6 B. bassiana isolated clustered in the same clade with other previously reported B. bassiana strains (from GenBank) but were separated into 3 d",https://doi.org/10.1645/17-162,0,doi
2344,rayyan-628421167,"Population Dynamics and Control Potential of the Soil-Dwelling Stages of the South African Citrus Thrips, Scirtothrips aurantii (Thysanoptera: Thripidae), on Avocado",2021,"Bara, GT;Laing, MD",,http://europepmc.org/abstract/AGR/IND607523508,African entomology,02c_formulation_delivery,02c_formulation_delivery|02a_efficacy,formulation-delivery|efficacy,Trap/bait/lure/electrostatic delivery pathway,wave2_gap_bait_trap,high,accepted,,"Scirtothrips aurantii (Thysanoptera: Thripidae) is a recently confirmed economic pest of avocado (Persea americana). Damage by S. aurantii, through their feeding on avocado fruit results in corky tissue development (scarring), making the fruit unsuitable for export. The study aimed to monitor S. aurantii population dynamics during the critical early fruiting period by means of dispersal/emergence (D/E) traps and fruit infestation indices. The field efficacy of biologicals (Beauveria bassiana, Steinernema feltiae), the pyrethroid beta-cyfluthrin, and the semi-synthetic spinosyn, spinetoram, against soil-dwelling stages of S. aurantii during early fruit development were determined. Finally, the study aimed to establish the pupation sites of S. aurantii in avocado. Above ground, population dynamics fluctuated directly in response to the host plant's phenological changes and were modified by rainfall. Control of soil-dwelling stages by the insecticides and the effectiveness of D/E traps in monitoring S. aurantii populations were not demonstrated, probably because the populations trapped using the D/E traps were not representative of the above-ground populations, as evidenced by fruit infestation indices. Under laboratory conditions, 81.60 % of mature larvae pupated away from the soil, demonstrating that S. aurantii does not passively drop to the ground in an avocado orchard, but actively seeks out dark, sheltered areas to pupate.",http://europepmc.org/abstract/AGR/IND607523508,0,title
509,rayyan-628415959,Potential of Beauveria Species Isolated from Southern Kazakhstan for Controlling Colorado Potato Beetle (Leptinotarsa decemlineata) Populations Under Arid Conditions,2025,"Abdukerim, Rauza;Mussina, Meiramgul;Abysheva, Gaukartas;Tumenbayeva, Nagima;Mombayeva, Bekzat;Karabayeva, Assel;Amangeldi, Nurgul;Amangeldikyzy, Zamzagul",10.3390/insects16020176,https://app.dimensions.ai/details/publication/pub.1185358960,Insects,02c_formulation_delivery,02c_formulation_delivery|02a_efficacy,formulation-delivery|efficacy,Trap/bait/lure/electrostatic delivery pathway,wave1_narrow_signal,high,accepted,,"Environmentally sound insect pest management strategies require continuous isolation and identification of effective biocontrol agents from different ecosystems. The quest for fungal isolates that are adapted to high temperatures is particularly significant, as they hold the potential to produce mycoinsecticides that are highly effective in semiarid and arid areas. This study aimed to collect new virulent isolates of entomopathogenic fungi (EPF) from Kazakhstan that show promise for controlling Colorado potato beetle (CPB) populations under arid conditions. Local isolates could be adapted to abiotic and biotic factors in the environment in which they survive. The findings of this study should provide insights into the species of EPF that inhabit a specific arid region of Kazakhstan, examining their traits in the regional climate, soil composition, and biological diversity. Throughout 2023-2024, a series of soil samples was collected from diverse locations within the Turkestan region of southern Kazakhstan for the isolation of EPF. The isolation of EPF was conducted using susceptible larvae of Tenebrio molitor (Coleoptera: Tenebrionidae), a host that does not have specificity for particular species of EPF. Using this insect bait, 41 pure cultures of EPF were isolated from soils in the arid zone of Kazakhstan. Polymerase chain reaction analysis based on the TEF1- locus showed that all the isolates were indistinguishable from Beauveria bassiana ARSEF 2860 s",https://doi.org/10.3390/insects16020176,0,doi
1008,rayyan-628419716,Potential of Beauveria bassiana application via a carrier to control the large pine weevil,2021,"Lalik, Michal;Galko, Juraj;Nikolov, Christo;Rell, Slavomir;Kunca, Andrej;Zubrik, Milan;Hyblerova, Silvia;Barta, Marek;Holusa, Jaroslav",10.1016/j.cropro.2021.105563,"[""http://europepmc.org/abstract/AGR/IND607266403"", ""https://doi.org/10.1016/j.cropro.2021.105563""]",Crop Protection,02c_formulation_delivery,02c_formulation_delivery|02a_efficacy,formulation-delivery|efficacy,Trap/bait/lure/electrostatic delivery pathway; Formulation/carrier with trap/bait/device framing,wave1_narrow_signal,high,accepted,,"The large pine weevil (Hylobius abietis) is an important pest of freshly planted coniferous trees. Feeding damage to conifer seedlings can be prevented by protecting the seedlings (mechanically or chemically), or by reducing H. abietis abundance. The entomopathogenic fungus Beauveria bassiana has promise for H. abietis control. To test the effects of the B. bassiana-colonized carriers (25 mm in diameter and colonized by strain AMEP20) on H. abietis adults that move into forest clearances, we performed several experiments. These included an experiment in Petri dishes under laboratory conditions, an experiment in cages with Norway spruce seedlings under semi-natural conditions, and a field experiment. Infection by B. bassiana and mortality of H. abietis was confirmed in all three experiments. The total mortality rate in all Petri dishes with B. bassiana carriers after 14 days was 74% (80% with fresh carriers; 68% with carriers that had been treated with UV light; 82% for carriers that had been frozen; 45% for adults that were exposed to carriers for only 24 h; and 95% for carriers that had been stored at 4 C for 2 months). The mortality of H. abietis adults was affected by the absence/presence of carriers in the cages with spruce plants. The number of dead adults after 4 weeks of treatment in forest clearing were higher in plots with carriers than in the control plot. Mortality was highest for adults trapped in the plot with carriers on trap barks (58%), followed by the plot w",https://doi.org/10.1016/j.cropro.2021.105563,0,doi
2129,rayyan-628420936,"Preparation, characterization, and insecticidal activity evaluation of three different formulations of Beauveria bassiana against Musca domestica",2013,"Mishra, Sapna;Kumar, Peeyush;Malik, Anushree",10.1007/s00436-013-3529-6,"[""http://europepmc.org/abstract/MED/23861009"", ""https://doi.org/10.1007/s00436-013-3529-6""]",Parasitology research,02c_formulation_delivery,02c_formulation_delivery|02a_efficacy,formulation-delivery|efficacy,Trap/bait/lure/electrostatic delivery pathway; Formulation/carrier with trap/bait/device framing,wave1_narrow_signal,high,accepted,,"Three formulations; bait, encapsulation, and emulsion of Beauveria bassiana were prepared and evaluated for their insecticidal activity in simulated field settings. Tea waste-based bait formulation of B. bassiana showed 100% mortality (within 72 h) in lab assay against adult houseflies. In field assay using traps, 65% relative entrapment and 100 % mortality (within 60 h) of entrapped flies was observed. Although the bait formulation was low cost and easy to prepare and transport, its storage ability was limited. Hence, more advanced formulations in form of encapsulation and emulsion was attempted. Encapsulated B. bassiana conidia (using skimmed milk powder, polyvinyl pyrrolidone K-90 and glucose as additives) showed 100% conidial germination and retained 78% conidial viability, even after storage for 12 months at 30 C. Encapsulated product showed 54.8% (freshly prepared) and 30.6 % (after 12-months storage) mortality of housefly larvae in a simulated field condition. Emulsion formulation was prepared by using Tween 20 as surfactant with seven vegetable oils: soybean, rapeseed, sunflower, olive, castor, til, and linseed. Emulsion with linseed oil showing maximum conidial germination (94%) was evaluated for shelf life and pathogenecity against housefly larvae. Shelf life analysis of emulsion revealed 28% conidial germination and 19.9% housefly larval mortality after 12 months of storage as opposed to 94% conidial germination and 51.7% of larval mortality with fresh product. Si",https://doi.org/10.1007/s00436-013-3529-6,0,doi
599,rayyan-628416096,"Selection, application, and pathogenicity of naturally occurring Beauveria bassiana strains against Ips duplicatus (Coleoptera: Curculionidae, Scolytinae)",2025,"Vakula, Jozef;Nikolov, Christo;Lalik, Michal;Horakova, Miriam Kadasi;Rell, Slavomir;Galko, Juraj;Gubka, Andrej;Zubrik, Milan;Kunca, Andrej;Barta, Marek",10.1016/j.biocontrol.2025.105740,"[""http://europepmc.org/abstract/AGR/IND608958241"", ""https://doi.org/10.1016/j.biocontrol.2025.105740""]",Biological Control.,02c_formulation_delivery,02c_formulation_delivery|02a_efficacy,formulation-delivery|efficacy,Trap/bait/lure/electrostatic delivery pathway; Formulation/carrier with trap/bait/device framing,wave1_narrow_signal,high,accepted,,"Norway spruce (Picea abies) stands in Central Europe are increasingly threatened by the northern bark beetle, Ips duplicatus, which is a pest whose distribution and impact have expanded significantly in recent decades. The reduced efficacy of traditional pest control methods against this species underscores the need for innovation management strategies. This study investigates a novel approach that combines modified pheromone traps with the biological control agent Beauveria bassiana, an entomopathogenic fungus. A total of 48 B. bassiana strains were obtained from natural populations of I. duplicatus. Following laboratory testing, two strains (NRID11 and NRID43) were selected for field trials. Carriers of the living organism were inoculated with these strains and then placed in applicators as part of the pheromone traps. The study evaluated the effects of selected strains and different carrier exposure periods on beetle mortality rates. The NRID11 strain showed some percentages exceeding 90 % after 21 days of exposure. However, efficacy decreased to less than 60 % when the carriers remained in the traps for more than 30 days. These findings emphasize the importance of optimizing exposure duration and confirm the potential of carriers inoculated with B. bassiana in modified pheromone traps as a promising biological control strategy against I. duplicatus.",https://doi.org/10.1016/j.biocontrol.2025.105740,0,doi
4665,rayyan-628423616,Sequencing of new beauverolides by high-performance liquid chromatography and mass spectrometry,2001,"Kuzma, M;Jegorov, A;Kacer, P;Havlicek, V",10.1002/jms.213,"[""http://europepmc.org/abstract/MED/11747104"", ""https://doi.org/10.1002/jms.213""]",Journal of mass spectrometry : JMS,02c_formulation_delivery,02c_formulation_delivery|02a_efficacy,formulation-delivery|efficacy,Trap/bait/lure/electrostatic delivery pathway,wave1_narrow_signal,high,accepted,,"Mass spectrometry (MS) and tandem mass spectrometry (MS(n)) were used for the identification of beauverolides in the fermentation broth of Beauveria bassiana and for evaluation of the purified fraction obtained by sublimation of beauverolides. Besides being a new efficient route for purification of beauverolides, sublimation provided an enrichment of new minor lipophilic beauverolides of lower molecular weight from the original complex mycelial extract. The product ion collision-induced dissociation (CID) spectra obtained on an ion trap (electrospray ionization), the in-source CID mass spectra on a sector instrument (atmospheric-pressure chemical ionization) and the post-source decay matrix-assisted laser desorption/ionization mass spectra of beauverolides were compared and evaluated. All MS(n) experiments started with singly charged precursor ions. The following two new representatives of this group of compounds were identified by high-performance liquid chromatography and MS (HPLC/MS): cyclo-(3-hydroxy-4-methyloctanoyl-valyl-alanyl-leucyl) and cyclo-(3-hydroxy-4-methyloctanoyl-tyrosyl-alanyl-leucyl). Individual structures were confirmed by preparative isolation and nuclear magnetic resonance spectroscopy. The structure of a third novel and minor beauverolide was tentatively assigned by HPLC/MS only as cyclo-(3-hydroxy-4-methyldecanoyl-valyl-alanyl-Lxx), Lxx = leucyl, isoleucyl, or allo-isoleucyl.",https://doi.org/10.1002/jms.213,0,doi
6202,rayyan-628435381,The use of aggregation pheromone to enhance dissemination of Beauveria bassiana for the control of the banana weevil in Uganda,2007,"Tinzaara, W;Gold, CS;Dicke, M;van Huis, A;Nankinga, CM;Kagezi, GH;Ragama, PE",10.1080/09583150600937089,"[""http://europepmc.org/abstract/AGR/IND43906675"", ""https://doi.org/10.1080/09583150600937089""]",Biocontrol science and technology.,02c_formulation_delivery,02c_formulation_delivery,,Delivery-device pathway,wave1_narrow_signal,high,accepted,,"Candidate strains of Beauveria bassiana were identified for use in integrated pest management of the banana weevil Cosmopolites sordidus. Horizontal field transmission of B. bassiana between banana weevils using different delivery systems, including aggregation pheromones, was investigated. We observed that infected weevils could transmit the fungal pathogen to healthy individuals. Most dead weevils (52%) due to B. bassiana infection were found at the base of banana plants in the leaf sheath or in the soil near banana plants. Significantly more weevils died from the pathogen in plots where B. bassiana was applied in combination with the pheromone than where it was applied alone. Our data demonstrate that C. sordidus aggregation pheromone can be a valuable tool to enhance the dissemination of B. bassiana for the control of C. sordidus.",https://doi.org/10.1080/09583150600937089,0,doi
6039,rayyan-628429410,"Towards the development of an autocontamination trap system to manage populations of emerald ash borer (Coleoptera: Buprestidae) with the native entomopathogenic fungus, Beauveria bassiana.",2012,Lyons DB;Iavallee R;Kyei-Poku G;Van Frankenhuyzen K;Johny S;Guertin C;Francese JA;Jones GC;Blais M,10.1603/ec12325,https://pubmed.ncbi.nlm.nih.gov/23356056/,Journal of economic entomology,02c_formulation_delivery,02c_formulation_delivery|02a_efficacy,formulation-delivery|efficacy,Trap/bait/lure/electrostatic delivery pathway,wave1_narrow_signal,high,accepted,,"Emerald ash borer, Agrilus planipennis Fairmaire (Coleoptera: Buprestidae) is an invasive species from Asia that was discovered in North America Canada, in 2002. Herein, we describe studies to develop an autocontamination trapping system to disseminate Beauveria bassiana to control beetle populations. The standard trap for emerald ash borer in Canada is a light green prism trap covered in an insect adhesive and baited with (Z)-3-hexenol. We compared of green multifunnel traps, green intercept panel traps (both with and without fluon coating) and green prism traps for capturing emerald ash borer in a green ash plantation. The coated green multifunnel traps captured significantly more males and more females than any other trap design. We examined the efficacy of two native B. bassiana isolates, INRS-CFL and L49-1AA. In a field experiment the INRS-CFL isolate attached to multifunnel traps in autocontamination chambers retained its pathogenicity to emerald ash borer adults for up to 43 d of outdoor exposure. Conidia germination of the INRS-CFL isolate was 69% after outdoor exposure in the traps for up to 57 d. The L49-1AA isolate was not pathogenic in simulated trap exposures and the germination rate was extremely low ( 5.3%). Mean (+/- SEM) conidia loads on ash borer adults after being autocontaminated in the laboratory using pouches that had been exposed in traps out of doors for 29 d were 579,200 (+/- 86,181) and 2,400 (+/- 681) for the INRS-CFL and the LA9-1AA isolates, res",https://doi.org/10.1603/ec12325,0,doi
5447,rayyan-628425361,Using Autumnal Trap Crops to Manage Tarnished Plant Bugs (Lygus lineolaris),2022,"Dumont, Francois;Provost, Caroline",10.3390/insects13050441,"[""http://europepmc.org/abstract/MED/35621777"", ""https://www.mdpi.com/2075-4450/13/5/441/pdf?version=1651921608""]",Insects,02c_formulation_delivery,02c_formulation_delivery|02a_efficacy,formulation-delivery|efficacy,Trap/bait/lure/electrostatic delivery pathway,wave1_narrow_signal,high,accepted,,"For insects, surviving winter depends on their capacity to store enough energy and find proper hibernation sites. A common strategy is to minimize movement and hibernate near autumn food sources. We investigated the efficiency of autumnal hosts to act as trap crops where insects could be exposed to targeted repressive treatments. This approach could reduce the local populations of insect pests in the next production season, reducing the need for insecticides. First, we tested the mullein plant's attractiveness as an autumn trap crop for Lygus lineolaris (Hemiptera: Miridae) in strawberry fields by comparing peak population density among mullein (Verbascum thapsus), strawberry plants (Fragaria ananassa), buckwheat (Fagopyrum esculentum), and mustard (Sinapis alba). Second, we tested four treatments applied to the autumn trap crops to reduce L. lineolaris winter survivorship: (1) hot water, (2) a pathogen (Beauveria bassiana), (3) insecticide (cypermethrin), and (4) a control. The density of the L. lineolaris population on mullein in autumn and on buckwheat in summer was higher than on strawberry and mustard. Of the overwintering L. lineolaris, 0% survived the winter when treated with the insecticide cypermethrin, while 38.3% survived in the control treatment (without repressive treatment). The B. bassiana and hot water treatments did not differ from the control. The mullein autumn trap crops combine",https://doi.org/10.3390/insects13050441,0,doi
2043,rayyan-628420843,Variability in virulence of Beauveria spp. soil isolates against Ostrinia nubilalis,2021,"Medo, Juraj;Medova, Janka;Michalko, Jaroslav;Cagan, Ludovit",10.1111/jen.12806,"[""http://europepmc.org/abstract/AGR/IND607238345"", ""https://doi.org/10.1111/jen.12806""]",Journal of Applied Entomology,02c_formulation_delivery,02c_formulation_delivery|02a_efficacy|02b_strains_traits,formulation-delivery|efficacy|strains-traits,Trap/bait/lure/electrostatic delivery pathway; Strain traits linked to carrier/trap/surface context,wave1_narrow_signal,high,accepted,,"European corn borer (Ostrinia nubilalis) is an important maize pest which is treated mainly by synthetic pesticides with many negative effects for ecosystem and human health. Soil borne entomopathogenic fungi of species belonging to Beauveria genus may provide an alternative strategy for biological control of this pest. In this article, we report results of virulence testing of 46 soil isolates of Beauveria spp. against O. nubilalis in relation to isolates origin and haplotype. All strains were collected from soil using Galleria mellonella bait method. Conidia suspension with concentration 107 conidia in ml was used for virulence test against 4th instar larvae of O. nubilalis at temperature 25C. After 14 days, mortality of larvae was in the range 34%-96%. Median lethal time LT50 was estimated to 5.5-21.3 days. Mortality was not in relation to habitat or any other environmental parameter of sites where isolates came from. Differences among species were insignificant. Isolates were divided into 8 genetic lineages and 14 haplotypes using sequencing of ITS and Bloc nuclear regions. None of the lineages showed higher mortality than others. Despite more or less virulent isolates being found in each lineage, the three most virulent isolates belonged to the same lineage Beauveria bassiana A3. The four most virulent isolates were compared to commercial isolate GHA to assess medium lethal concentration. LC50 were estimated in range 7.5 104 to 9.5 105. Three of the four isolates sh",https://doi.org/10.1111/jen.12806,0,doi
2964,rayyan-628421874,"Virulence of Beauveria bassiana, Metarhizium anisopliae and Paecilomyces lilacinus to the engorged female Hyalomma anatolicum anatolicum tick (Acari: Ixodidae)",2011,"Sun, Ming;Ren, Qiaoyun;Guan, Guiquan;Liu, Zhijie;Ma, Miling;Gou, Huitian;Chen, Ze;Li, Youquan;Liu, Aihong;Niu, Qingli;Yang, Jifei;Yin, Hong;Luo, Jianxun",10.1016/j.vetpar.2011.03.027,"[""http://europepmc.org/abstract/MED/21511397"", ""https://doi.org/10.1016/j.vetpar.2011.03.027""]",Veterinary parasitology,02c_formulation_delivery,02c_formulation_delivery|02a_efficacy,formulation-delivery|efficacy,Trap/bait/lure/electrostatic delivery pathway,wave1_narrow_signal,high,accepted,,"The tick is a common ectoparasite of livestock and humans, and is responsible for the transmission of pathogens among hosts. Direct and indirect impacts of ticks include limiting the sustainable development of the animal husbandry industry and detrimental effects on human health. Despite these negative effects, the main method of controlling ticks remains the application of chemical acaricides, which can lead to ambient pollution and the development of tick resistance to them. The biocontrol of ticks is one of the alternative control methods that has received recent research attention. The present study used Tenebrio moliter bait methods to collect 13 species of entomopathogenic fungi from different areas in China that were then tested to observe their effects on engorged female Hyalomma anatolicum anatolicum ticks. The results showed that more than half of the isolates had some pathogenic effects on the ticks; in particular, two Beauveria bassiana strains (B.bAT01, B.bAT17) and one Metarhizium anisopliae strain (M.aAT26) were highly virulent, causing up to 90% mortality. In addition, H. anatolicum anatolicum females were treated with B. bassiana B.bAT17 using different concentrations of the fungus. Results revealed that B. bassiana B.bAT17 is highly pathogenic against engorged H. anatolicum anatolicum females. This is the first report of the pathogenic effect of entomopathogenic fungi on engorged H. anatolicum anatolicum females. However, studies of the efficiency of this fu",https://doi.org/10.1016/j.vetpar.2011.03.027,0,doi
5752,rayyan-628426354,A Field Efficacy Evaluation of In2Care Mosquito Traps in Comparison with Routine Integrated Vector Management at Reducing Aedes aegypti.,2021,Buckner EA;Williams KF;Ramirez S;Darrisaw C;Carrillo JM;Latham MD;Lesser CR,10.2987/21-7038,https://pubmed.ncbi.nlm.nih.gov/34817613/,Journal of the American Mosquito Control Association,03-autodissemination-social,03-autodissemination-social|02c_formulation_delivery|02a_efficacy,autodissemination|formulation-delivery|efficacy,Autodissemination/disseminator/SIT or vectoring pathway; Trap/bait/lure/electrostatic delivery pathway,wave1_narrow_signal,high,accepted,,"Aedes aegypti is the predominant vector of dengue, chikungunya, and Zika viruses. This mosquito is difficult to control with conventional methods due to its container-inhabiting behavior and resistance to insecticides. Autodissemination of pyriproxyfen (PPF), a potent larvicide, has shown promise as an additional tool to control Aedes species in small-scale field trials. However, few large-scale field evaluations have been conducted. We undertook a 6-month-long large-scale field study to compare the effectiveness and operational feasibility of using In2Care Mosquito Traps (In2Care Traps, commercially available Aedes traps with PPF and Beauveria bassiana) compared to an integrated vector management (IVM) strategy consisting of source reduction, larviciding, and adulticiding for controlling Ae. aegypti eggs, larvae, and adults. We found that while the difference between treatments was only statistically significant for eggs and larvae (P 0.05 for adults), the use of In2Care Traps alone resulted in 60%, 57%, and 57% fewer eggs, larvae, and adults, respectively, collected from that site compared to the IVM site. However, In2Care Trap deployment and maintenance were more time consuming and labor intensive than the IVM strategy. Thus, using In2Care Traps alone as a control method for large areas (e.g., 20 ha) may be less practical for control programs with the capacity to conduct ground and aerial larviciding and adulticiding. Based on our study",https://doi.org/10.2987/21-7038,0,doi
942,rayyan-628419644,A preliminary evaluation of the potential of Beauveria bassiana for bed bug control,2012,"Barbarin, Alexis M;Jenkins, Nina E;Rajotte, Edwin G;Thomas, Matthew B",10.1016/j.jip.2012.04.009,"[""http://europepmc.org/abstract/MED/22555012"", ""https://doi.org/10.1016/j.jip.2012.04.009""]",Journal of invertebrate pathology,03-autodissemination-social,03-autodissemination-social|02c_formulation_delivery,autodissemination|formulation-delivery,Autodissemination/disseminator/SIT or vectoring pathway; Formulation/carrier with trap/bait/device framing,wave2_gap_03_horizontal,high,accepted,,"Residual biopesticide treatments of Beauveria bassiana were tested against the bed bug Cimex lectularius. An oil formulation of conidia was applied to different substrates. Bed bugs were exposed for 1 h, transferred to an unsprayed environment and monitored for mortality. Separate bioassays evaluated the effect of bed bug strain, sex, life stage, and exposure substrate on mortality. Rapid mortality was observed in all bioassays, with bed bugs exposed to treated jersey knit cotton dying most rapidly. A further assay demonstrated efficient autodissemination of conidia from exposed bed bugs to unexposed bed bugs within artificial harborages.",https://doi.org/10.1016/j.jip.2012.04.009,0,doi
4960,rayyan-628424045,Adverse effects of the fungal biopesticide Beauveria bassiana on a predatory social wasp.,2024,Cappa F;De Fazi L;Baracchi D;Cervo R,10.1016/j.scitotenv.2023.168202,https://pubmed.ncbi.nlm.nih.gov/37914122/,The Science of the total environment,03-autodissemination-social,03-autodissemination-social,seed-vespideae,Vespidae/Vespa/hornet with Bb,reaudit_prior_relevant,high,accepted,1,"Biopesticides are considered eco-friendly alternatives to synthetic agrochemicals. However, their impact on non-target organisms is still poorly understood. Social wasps, in particular, are a largely neglected group when it comes to risk assessment of plant protection products, despite the relevant ecological and economic services provided by these insects. In the present study, we evaluated the impact of a common biopesticide, the entomopathogenic fungus Beauveria bassiana, on the paper wasp Polistes dominula. We adopted a holistic approach in ecotoxicology by focusing not only on the detrimental effects on isolated individuals, but also on the whole colony. Both adult wasps belonging to different castes and immature larvae were topically exposed to a field-realistic concentration of fungal spores from the commercial strain of B. bassiana ATCC 74040 to assess the impact of the biopesticide on their survival, behavior and physiology. Our results showed that the fungus causes a number of adverse effects on P. dominula, that include increased mortality, altered locomotion and feeding rate, selective ejection of exposed larvae from nests, reduced oviposition rate and ovary development in foundresses, and colony failure. Our findings provide new insights on the often-neglected sublethal effects of pollutants that can jeopardize not only individual beneficial insects, but also the delicate social balance of their colonies and their valuable ecosystem services, highlighting that t",https://doi.org/10.1016/j.scitotenv.2023.168202,0,doi
450,rayyan-628415842,Auto-dissemination of commercially available fungal pathogens in a laboratory assay for management of the brown dog tick Rhipicephalus sanguineus,2019,"Weeks, E. N. I.;Allan, S. A.;Gezan, S. A.;Kaufman, P. E.",10.1111/mve.12426,https://app.dimensions.ai/details/publication/pub.1123667493,Medical and Veterinary Entomology,03-autodissemination-social,03-autodissemination-social|02c_formulation_delivery,autodissemination|formulation-delivery,Autodissemination/disseminator/SIT or vectoring pathway; Formulation/carrier with trap/bait/device framing,wave2_gap_03_horizontal,high,accepted,,"Rhipicephalus sanguineus is a canine tick that infests dogs throughout the world and is frequently found in homes and dog kennels. Management of this tick species is complicated by the presence of resistance to commonly utilized acaricides. Fungal formulations could provide a valuable alternative tool for management and are especially relevant indoors where detrimental environmental effects on fungal spores are of less concern. Two commercially available fungal formulations, one containing Metarhizium anisopliae and the other containing Beauveria bassiana, were compared for time to death and sporulation in nymphal ticks exposed for 60 min in treated filter paper packets. Beauveria bassiana exposure killed ticks faster than M. anisopliae exposure and B. bassiana was more likely to sporulate on tick cadavers than M. anisopliae. To determine whether infected ticks could disseminate fungus to their conspecifics, ticks were marked and treated with fungus before being placed with untreated ticks. Fungus was successfully transmitted from treated to untreated ticks. Mortality of ticks exposed to B. bassiana-exposed conspecifics occurred sooner than for those exposed to M. anisopliae-exposed conspecifics, indicating faster dissemination in the former. Therefore, although both formulations resulted in decreased longevity of ticks compared with the controls, the B. bassiana formulation holds the most promise for direct or indirect application with respect to brown dog tick management.",https://doi.org/10.1111/mve.12426,0,doi
3552,rayyan-628422474,Autodissemination of Beauveria bassiana by sap beetles (Coleoptera: Nitidulidae) to overwintering sites,2003,"Dowd, PF;Vega, FE",10.1080/0958315021000054395,"[""http://europepmc.org/abstract/AGR/IND43648306"", ""https://doi.org/10.1080/0958315021000054395""]",Biocontrol science and technology.,03-autodissemination-social,03-autodissemination-social|02c_formulation_delivery|02a_efficacy,autodissemination|formulation-delivery|efficacy,Autodissemination/disseminator/SIT or vectoring pathway; Trap/bait/lure/electrostatic delivery pathway,wave1_narrow_signal,high,accepted,,"An autoinoculative device was used to test the ability of sap beetles (Coleoptera: Nitidulidae) to carry a specific strain of Beauveria bassiana (Balsamo) Vuillemin to overwintering sites in a multiyear field study. The device was baited with the pheromone and coattractants for the dusky sap beetle (Carpophilus lugubris Murray) and placed in the field in the fall of each year. The introduced strain occurred at high frequency among the B. bassiana isolated in the fall of all four years tested (100% of all isolates from 21 of 22 collection dates). The introduced strain of B. bassiana was isolated at high frequency from all the B. bassiana-contaminated sap beetles recovered from the overwintering traps (100% of all isolates from 13 of 23 trap/beetle species combinations) and was highest after the longest fall exposure. The introduced strain was primarily isolated from C. lugubris and C. antiquus, but species distribution was also dependent on the overwintering trap design used. Few non-sap beetles species of insects were recovered from the artificial overwintering sites. Although B. bassiana was isolated from free flying sap beetles caught in traps in the spring of each year, none were infected with the introduced strain. The autoinoculating device provides selective contamination of sap beetles in overwintering sites when used in the fall. It may be useful in providing some control of sap beetles or other insects where limited numbers of mass overwintering sites (such as tree h",https://doi.org/10.1080/0958315021000054395,0,doi
6150,rayyan-628433116,Autodissemination of Metarhizium anisopliae and Beauveria bassiana in Musca domestica L. Results in Less Oviposition and Short Gonotrophic Cycle,2015,"Garcia-Munguia, CA;Reyes-Villanueva, F;Rodriguez-Perez, MA;Cortez-Madrigal, H;Acosta-Ramos, M;Ibarra-Juarez, LA;Velazquez-Machuca, MA;Silva-Garcia, JT;Rebollar-Plata, M;Garcia-Munguia, AM",,http://europepmc.org/abstract/AGR/IND604666420,Southwestern Entomologist,03-autodissemination-social,03-autodissemination-social,autodissemination,Autodissemination/disseminator/SIT or vectoring pathway,reaudit_prior_relevant,high,accepted,1,"Beauveria bassiana (Bals.-Criv.) Vuill. and Metarhizium anisopliae (Metchnikoff) Sorokin were autodisseminated in the house fly, Musca domestica L., when one, five, and 10 virgin, 3-day old males exposed to 6 108 conidia ml1 per fungus were confined with 30 females of the same age. Fungal treatments with one or five males killed few, with LT50 of 7 and 5 days, respectively, but when 10 funguscontaminated males were placed with 30 flies, LT50 was 3 days with a sporulation rate of 94% and 66% less oviposition. Moreover, confinement of one, five, or 10 fungal-infected males caused an incremental increase in virulence, reducing the LT50. The regression of the mean of eggs, first-instar larvae, and days of gonotrophic cycle on the LT50 values of nine treatments (six fungal groups and three checks) showed that the three variables decreased about 3-4 units per unit of LT50. Likewise, when the gonotrophic cycle time was regressed on mean oviposition, a linear equation demonstrated that for each decrease of 15 eggs, the gonotrophic cycle was 1 day shorter, which was shortened from 7 days in healthy flies to 2 in females of the fungal treatment with 10 males. Ten virgin males impregnated with spores of either fungus infected and killed 50% of the exposed females in 3 days. This autodissemination could be used to improve integrated control of M. domestica in the field and human environments.",http://europepmc.org/abstract/AGR/IND604666420,0,title
5454,rayyan-628425450,Autoinoculation trap for management of Hypothenemus hampei (Ferrari) with Beauveria bassiana (Bals.) in coffee crops,2017,"Mota, Luiz Henrique Costa;Silva, Weliton D;Sermarini, Renata Alcarde;Demetrio, Clarice Garcia Borges;Bento, Jose Mauricio S;Delalibera, Italo",10.1016/j.biocontrol.2017.05.007,"[""http://europepmc.org/abstract/AGR/IND605692044"", ""https://doi.org/10.1016/j.biocontrol.2017.05.007""]",Biological Control.,03-autodissemination-social,03-autodissemination-social|02c_formulation_delivery|02a_efficacy,autodissemination|formulation-delivery|efficacy,Autodissemination/disseminator/SIT or vectoring pathway; Trap/bait/lure/electrostatic delivery pathway,wave1_narrow_signal,high,accepted,,"An autoinoculation trap containing the entomopathogenic fungus Beauveria bassiana (Bals.) was developed for the management of the coffee berry borer, Hypothenemus hampei (Ferrari). The trap is composed of a plastic cylindrical jar with inlet holes in the upper part and outlet holes at the bottom. Within the upper part of the trap, we placed a diffusion vial filled with a 1:1 mixture of ethanol and methanol as an attractant for adult H. hampei. In the bottom part, we lined the surfaces of the two exit holes with a strip of woven fabric (wool) impregnated with an average of 5.440.33108conidia.cm2 of the B. bassiana isolate ESALQ-PL63. A five-second exposure of female coffee berry borers to the fungus-impregnated fabric resulted in the acquisition of 2.90.77105conidia per insect and 88.5% confirmed mortality rate in the laboratory. Although most of beetles that were contaminated in the autoinoculation trap in the laboratory were able to penetrate the coffee berry exocarp (the outermost layer), only 5% reached the endosperm (tissue that surrounds and provides nutrition to the embryo). This indicates that very little damage to coffee seeds is expected from borers that pass through the autoinoculation traps. Additionally, these traps provided high levels of H. hampei mortality in the field. The confirmed mortalities at the end of the first and second field trials after 151 and 40days were 66.35.2% and 92.24.7%, respectively. Altogether, these results indicate that autoinocul",https://doi.org/10.1016/j.biocontrol.2017.05.007,0,doi
5820,rayyan-628426711,Beauveria bassiana is a potential effective biological agent against Psoroptes ovis var. cuniculi mites,2019,"Jiang, An;Yuanyuan;Yang, Rui;Zhang, Na;Xie, Yue;Lai, Weiming;Peng, Xuerong;Yang, Guangyou;Gu, Xiaobin",10.1016/j.biocontrol.2019.01.010,"[""http://europepmc.org/abstract/AGR/IND606293306"", ""https://doi.org/10.1016/j.biocontrol.2019.01.010""]",Biological Control.,03-autodissemination-social,03-autodissemination-social,horizontal-spore-transfer,Horizontal/social spore transfer pathway,wave2_gap_03_horizontal,high,accepted,,"Beauveria bassiana is an entomopathogenic fungus known for its high efficacy against many agricultural insect pests, and is considered to be safe to the environment. Previous studies showed that B. bassiana is also capable of infection and horizontal transmission between Psoroptes ovis mites, but we still lack information on the clinical efficacy of B. bassiana against P. ovis. In this study, we evaluated the acaricidal efficacy of B. bassiana against Psoroptes ovis var. cuniculi, both in vitro and in vivo. Tests consistently showed that B. bassiana caused high mortality against P. ovis var. cuniculi in vitro with dose- and time-dependent susceptibility responses; applying 4.26 109 conidia/ml resulted in 100% mortality of P. ovis var. cuniculi within 9 days with an LT50 of 2.50. In vivo, rabbits infected with P. ovis var. cuniculi that were treated with 4.26 109 conidia/ml B. bassiana fungal suspension showed a 100% therapeutic response 3 days later, an efficacy greater than that of the anti-parasitic drug ivermectin. Moreover, no rabbits treated with B. bassiana showed symptoms of disease recurrence by 60 days post-treatment. Taken together, these results show that B. bassiana has high efficacy against P. ovis var. cuniculi; hence, it may be a potentially effective biological insecticide for use against psoroptic mange.",https://doi.org/10.1016/j.biocontrol.2019.01.010,0,doi
5813,rayyan-628426548,Bio efficacy of Indigenous isolates of Beauveria bassiana against different Stages of Bactrocera zonata (Guava Fruit fly),2025,"Riaz, Shehla;Haq, Imran Ul;Ali, Rameesha Amjad;Majeed, Shahid;, Muneeba;Abbas, Huma;Javaid, Faria",10.21203/rs.3.rs-7259186/v1,"[""http://europepmc.org/abstract/PPR/PPR1075809"", ""https://doi.org/10.21203/rs.3.rs-7259186/v1""]",,03-autodissemination-social,03-autodissemination-social,horizontal-spore-transfer,Horizontal/social spore transfer pathway,wave1_narrow_signal,high,accepted,,"Abstract Background Pakistan is the world's leading producer of guava, with 0.0585 million hectares under cultivation, yielding a total production of 0.56 million tons guava annually. However, various biotic and abiotic constraints limit global guava yields. Among the biotic factors, the fruit fly, Bactrocera zonata poses a significant challenge in Pakistan. The indiscriminate use of chemical insecticides to control these pests has caused significant environmental and regulatory concerns, highlighting the need for ecologically safe and environmentally friendly alternatives. In this context, native isolates of entomopathogenic fungus, Beauveria bassiana have been isolated and their efficacy was evaluated against different stages of Bactrocera zonata. Results Susceptibility of the fruit fly varied significantly with the spore concentration. The indigenous isolate, FMB-BB-FF 04, demonstrated high virulence against the 3rdinstar larvae, pupa and adult causing up to 98% mortality at 14 days after treatment (DAT) at the highest spore concentration tested (1 108 conidia/mL). Furthermore, horizontal transmission of fruit fly adult was tested achieving highest mortality rates when both male and female were inoculated. While comparatively higher mortality was recorded in treatments with inoculated females than treatments with non-inoculated fem",https://doi.org/10.21203/rs.3.rs-7259186/v1,0,doi
5448,rayyan-628425366,"Biodiversity and pathogenicity of entomopathogenic fungi associated with the lesser spruce sawfly, Pristiphora abietina",2021,"Biryol, Seda;Araz, Nazan;Eski, Ardahan;Akturk, Rasim;Aksu, Yasar;Celik Gokturk, Berna;Bilgin, Lale;Demir, Ismail",10.1111/eea.13035,"[""http://europepmc.org/abstract/AGR/IND607354234"", ""https://doi.org/10.1111/eea.13035""]",Entomologia Experimentalis et Applicata.,03-autodissemination-social,03-autodissemination-social,horizontal-spore-transfer,Horizontal/social spore transfer pathway,wave2_gap_03_horizontal,high,accepted,,"Outbreaks of lesser spruce sawfly, Pristiphora abietina (Christ) (Hymenoptera: Tenthredinidae), on conifers regularly occur in Turkey and other European countries. Chemical pesticides have been used to contain outbreaks, but those may damage the forest and disturb natural enemies. To minimize the use of chemical pesticides in the management of this forest pest, we identified the entomopathogenic fungi (EPF) that naturally occur on P. abietina and tested their efficacy against the pest under laboratory and semi-field conditions. Using morphological and molecular techniques, 13 EPF isolates were obtained from the pest and identified as Beauveria bassiana (Bals.-Criv.) Vuill., Beauveria pseudobassiana S.A. Rehner & Humber, and Lecanicillium muscarium (Petch.) Zare & W. Gams. A laboratory screening test at 106 conidia ml1 showed that all isolates caused 59-100% mortality after 14 days. Further experiments were performed with the three most effective isolates, all belonging to B. bassiana. For these isolates, an increase in conidia dose increased pest mortality. Also, the ability of horizontal transmission in the pest population was shown. All three isolates were effective in killing P. abietina on spruce under semi-field conditions. These data will contribute to the development of an integrated pest management program for P. abietina based on microbial biological control.",https://doi.org/10.1111/eea.13035,0,doi
356,rayyan-628415665,Biopesticide Exposure Increases Aggression Without Impairing Nestmate Recognition in a Social Paper Wasp,2025,"De Fazi, Livia;Cervo, Rita;Baracchi, David;Bruschini, Claudia;Cappa, Federico",10.1002/tox.24547,"[""http://europepmc.org/abstract/MED/40495406"", ""https://doi.org/10.1002/tox.24547""]",Environmental toxicology,03-autodissemination-social,03-autodissemination-social|04-nontarget-ecotox,horizontal-spore-transfer|nontarget|seed-vespideae,Horizontal/social spore transfer pathway; Nontarget risk in delivery/product/horizontal Bb context; Vespidae/Vespa/hornet with Bb,wave1_narrow_signal,high,accepted,,"Biopesticides have gained increased attention as sustainable substitutes for synthetic pest control products. Nonetheless, in recent years, a growing body of research has highlighted their undesired effects on non-target organisms, including sublethal impacts on social behavior. Here, we investigate the potential adverse effects of a common biopesticide, the entomopathogenic fungus Beauveria bassiana, on the nestmate recognition ability of the paper wasp Polistes dominula. Nestmate recognition, based on individual cuticular hydrocarbons (CHCs) profiles, plays a key role in the colony integrity of social insects, avoiding foreign intrusion and the spread of pathogens inside the nest. P. dominula workers were topically exposed to the biopesticide, and subsequent presentation behavioral assays and GC-MS chemical analyses were carried out to evaluate possible changes both in the nestmate recognition ability and chemical profile induced by B. bassiana. Biopesticide exposure altered the CHCs profile of exposed wasps and triggered increased aggression toward both exposed nestmates and foreign individuals, while not disrupting the colony nestmate recognition system. The higher aggressive response toward exposed wasps likely represents an adaptive strategy to prevent the entrance of pathogen-infected individuals into the nest. The present study demonstrates how an integrated approach based on behavioral bioassays and chemical analyses can effectively evaluate the sublethal effects of",https://doi.org/10.1002/tox.24547,0,doi
1430,rayyan-628420167,"Combining insect pathogenic fungi and a pheromone trap for sustainable management of the fall armyworm, Spodoptera frugiperda (Lepidoptera: Noctuidae)",2020,"Akutse, Komivi S;Khamis, Fathiya M;Ambele, Felicitas C;Kimemia, Jane W;Ekesi, Sunday;Subramanian, Sevgan",10.1016/j.jip.2020.107477,"[""http://europepmc.org/abstract/MED/33053399"", ""https://doi.org/10.1016/j.jip.2020.107477""]",Journal of invertebrate pathology,03-autodissemination-social,03-autodissemination-social|02c_formulation_delivery|02a_efficacy,formulation-delivery|efficacy|horizontal-spore-transfer,Trap/bait/lure/electrostatic delivery pathway; Horizontal/social spore transfer pathway,wave1_narrow_signal,high,accepted,,"Fall armyworm, Spodoptera frugiperda (Lepidoptera: Noctuidae), is a key invasive pest of maize and other crops in Africa. Entomopathogenic fungi play an important role in regulating the immature stages of this invasive pest as opposed to synthetic pesticides that are hazardous to human, environment and biodiversity. To tackle the adult stage of the pest (the moth) and to improve on the application strategy of the fungal-based biopesticides, this study evaluated the effect of various entomopathogenic fungi isolates on S. frugiperda moths. Twenty-two isolates (16 Metarhizium anisopliae and 6 Beauveria bassiana) were screened in the laboratory to assess their pathogenicity and virulence against S. frugiperda moths. The compatibility of the most pathogenic isolates with S. frugiperda pheromone FALLTRACT lure, the horizontal transmission of the inoculum among S. frugiperda moths, and the effect on oviposition were also determined under laboratory conditions. All 22 fungal isolates screened were pathogenic to the moths, but the mortality varied significantly among the isolates (P 50 values of 3.6 0.1 and 3.9 0.0 days, respectively. Both isolates were also found compatible with FALLTRACT lure, as the lure had no effect on the conidial germination in the laboratory. Male and female moths",https://doi.org/10.1016/j.jip.2020.107477,0,doi
2145,rayyan-628420952,Comparison of Twelve Ant Species and Their Susceptibility to Fungal Infection,2019,"Bos, Nick;Kankaanpaa-Kukkonen, Viljami;Freitak, Dalial;Stucki, Dimitri;Sundstrom, Liselotte",10.3390/insects10090271,"[""http://europepmc.org/abstract/MED/31454953"", ""https://doi.org/10.3390/insects10090271""]",Insects,03-autodissemination-social,03-autodissemination-social,horizontal-spore-transfer,Horizontal/social spore transfer pathway,wave1_narrow_signal,high,accepted,,"Eusocial insects, such as ants, have access to complex disease defenses both at the individual, and at the colony level. However, different species may be exposed to different diseases, and/or deploy different methods of coping with disease. Here, we studied and compared survival after fungal exposure in 12 species of ants, all of which inhabit similar habitats. We exposed the ants to two entomopathogenic fungi (Beauveria bassiana and Metarhizium brunneum), and measured how exposure to these fungi influenced survival. We furthermore recorded hygienic behaviors, such as autogrooming, allogrooming and trophallaxis, during the days after exposure. We found strong differences in autogrooming behavior between the species, but none of the study species performed extensive allogrooming or trophallaxis under the experimental conditions. Furthermore, we discuss the possible importance of the metapleural gland, and how the secondary loss of this gland in the genus Camponotus could favor a stronger behavioral response against pathogen threats.",https://doi.org/10.3390/insects10090271,0,doi
2229,rayyan-628421041,Contribution of the horizontal transmission of the entomopathogenic fungus Beauveria bassiana to the overall performance of a fungal powder formulation against Triatoma infestans,2011,"Forlani, Lucas;Pedrini, Nicolas;Juarez, M Patricia",10.2147/rrtm.s22961,"[""http://europepmc.org/abstract/MED/30881187"", ""https://doi.org/10.2147/RRTM.S22961""]",Research and reports in tropical medicine,03-autodissemination-social,03-autodissemination-social|02c_formulation_delivery|02b_strains_traits,autodissemination|horizontal-spore-transfer|formulation-delivery|strains-traits,Autodissemination/disseminator/SIT or vectoring pathway; Horizontal/social spore transfer pathway; Formulation/carrier with trap/bait/device framing; Strain traits linked to carrier/trap/surface context,wave2_gap_03_horizontal,high,accepted,,"Control of domiciliated Triatoma infestans, the major Chagas disease vector in southern South America, is currently achieved by indoor residual spraying of infested houses with chemical insecticides. However, in recent years this strategy has been threatened by the emergence of pyrethroid-resistant bug populations. As an alternative approach, we have previously demonstrated the efficacy of the entomopathogenic fungus Beauveria bassiana to control T. infestans bugs regardless of their pyrethroid susceptibility. In this work, we tested the virulence and residual activity of a powdered fungal formulation, and studied the significance of the horizontal transmission process (autodissemination) to fungal infection of bugs. The B. bassiana-based formulation was highly virulent against all T. infestans stages, and maintained its insecticidal capability for at least 5 months under natural ambient conditions. We showed that horizontal transmission of conidia is associated to bug density, and contributes significantly to the overall population infection event.",https://doi.org/10.2147/rrtm.s22961,0,doi
3984,rayyan-628422925,Development and evaluation of a novel contamination device that targets multiple life-stages of Aedes aegypti,2014,"Snetselaar, Janneke;Andriessen, Rob;Suer, Remco A;Osinga, Anne J;Knols, Bart Gj;Farenhorst, Marit",10.1186/1756-3305-7-200,"[""http://europepmc.org/abstract/MED/24766772"", ""https://doi.org/10.1186/1756-3305-7-200""]",Parasites & vectors,03-autodissemination-social,03-autodissemination-social|02c_formulation_delivery|02a_efficacy,autodissemination|formulation-delivery|efficacy,Autodissemination/disseminator/SIT or vectoring pathway; Trap/bait/lure/electrostatic delivery pathway,wave1_narrow_signal,high,accepted,,"BackgroundThe increasing global threat of Dengue demands new and easily applicable vector control methods. Ovitraps provide a low-tech and inexpensive means to combat Dengue vectors. Here we describe the development and optimization process of a novel contamination device that targets multiple life-stages of the Aedes aegypti mosquito. Special focus is directed to the diverse array of control agents deployed in this trap, covering adulticidal, larvicidal and autodissemination impacts.MethodsDifferent trap prototypes and their parts are described, including a floater to contaminate alighting gravid mosquitoes. The attractiveness of the trap, different odor lures and floater design were studied using fluorescent powder adhering to mosquito legs and via choice tests. We demonstrate the mosquitocidal impacts of the control agents: a combination of the larvicide pyriproxyfen and the adulticidal fungus Beauveria bassiana. The impact of pyriproxyfen was determined in free-flight dissemination experiments. The effect on larval development inside the trap and in surrounding breeding sites was measured, as well as survival impacts on recaptured adults.ResultsThe developmental process resulted in a design that consists of a black 3 Liter water-filled container with a ring-shaped floater supporting vertically placed gauze dusted with the control agents. On average, 90% of the mosquitoes in the fluorescence experiments made contact with the gauze on the floater.",https://doi.org/10.1186/1756-3305-7-200,0,doi
357,rayyan-628415666,Development and field evaluation of a lure-and-infect strategy integrating attractants with Beauveria bassiana for controlling Bactrocera dorsalis,2026,"Xie, Jingpeng;Zhang, Lin;Lu, Xianli;Fu, Ying;Guan, Yingxue;Liu, Huan;Wen, Jian;Cao, Fengqin",10.21203/rs.3.rs-8322768/v1,"[""http://europepmc.org/abstract/PPR/PPR1147622"", ""https://doi.org/10.21203/rs.3.rs-8322768/v1""]",,03-autodissemination-social,03-autodissemination-social|02c_formulation_delivery|02a_efficacy,formulation-delivery|efficacy|horizontal-spore-transfer,Trap/bait/lure/electrostatic delivery pathway; Horizontal/social spore transfer pathway; Formulation/carrier with trap/bait/device framing,wave1_narrow_signal,high,accepted,,"Abstract The wide host range and strong dispersal ability of Bactrocera dorsalis (Hendel) have made it a persistent challenge for fruit and vegetable production in tropical and subtropical regions worldwide. Conventional control methods, including attractant-based trapping and the application of entomopathogenic fungi, each have inherent limitations when used alone. This study developed and evaluated a lure-and-infect strategy that integrates attractants with the entomopathogenic fungus Beauveria bassiana for the management of B. bassiana . First, we optimized a solid-state fermentation medium for B. bassiana mass production and identified a peptone-free formulation (C5: rice 171 g, corn meal 20 g, yeast extract 2 g, sucrose 5 g, KH 2 PO 4 1 g, and FeSO 4 7H 2 O 1 g per 200 g substrate) that achieved significantly higher biomass, sporulation, and germination rates compared with other media. Subsequently, compatibility screening revealed that 50% fresh orange juice and 10% -caryophyllene exhibited minimal inhibitory effects on fungal growth while maintaining attractant activity. Laboratory bioassays demonstrated that the lure-and-infect combinations achieved high mortality within 15 days, with horizontal transmission of conidia to non-exposed individuals. Field trials conducted in a rambutan orchard showed that the B. bassiana +",https://doi.org/10.21203/rs.3.rs-8322768/v1,0,doi
2387,rayyan-628421213,"Development of an attract-and-infect device for biological control of lesser mealworm, Alphitobius diaperinus (Coleoptera: Tenebrionidae) in poultry houses",2020,"Hassemer, Marla J;Lopes, Rogerio B;Borges, Miguel;Alves, Luis F A;Withall, David M;Pickett, JA;Laumann, Raul A;Birkett, Michael Alexander;Blassioli-Moraes, Maria C",10.1016/j.biocontrol.2020.104326,"[""http://europepmc.org/abstract/AGR/IND606979620"", ""https://orca.cardiff.ac.uk/134191/1/PP.pdf""]",Biological Control.,03-autodissemination-social,03-autodissemination-social|02c_formulation_delivery|02a_efficacy,formulation-delivery|efficacy|horizontal-spore-transfer,Trap/bait/lure/electrostatic delivery pathway; Horizontal/social spore transfer pathway,wave1_narrow_signal,high,accepted,,"The lesser mealworm, Alphitobius diaperinus Panzer (Coleoptera: Tenebrionidae), is the most important pest in poultry production systems worldwide. Adults and larvae serve as alternative low-quality food for chickens and as a vehicle for animal pathogens resulting in significant economic losses for farmers. Control of this pest is usually performed through insecticide application during the interval between chicken flocks. However, due to the cryptic behaviour of this pest, chemical control is usually not effective. With the aim of developing a sustainable approach to control A. diaperinus, we evaluated integration of the A. diaperinus aggregation pheromone with a highly virulent strain (Unioeste 04) of the fungus Beauveria bassiana (Bals.) Vuill. (Ascomycota: Cordycipitaceae) using an attract-and-infect device. Significant levels of A. diaperinus mortality and lower numbers of offspring (larvae) were observed in laboratory experiments using Unioeste 04. Horizontal transmission of the Unioeste 04 strain through contaminated living A. diaperinus and cadavers was also observed. In field experiments in commercial poultry houses, a significant level of A. diaperinus mortality was observed in Unioeste 04-treated arenas. The results show that the A. diaperinus aggregation pheromone can be used as an attractant in a device impregnated with infective fungal propagules, increasing adult infection and enhancing disease spread. In addition, the use of the microbial control agent inside",https://doi.org/10.1016/j.biocontrol.2020.104326,0,doi
5397,rayyan-628425286,Dissemination of microbial agents using an autoinoculating device and several insect species as vectors,1995,"Vega, FE;Dowd, PF;Bartelt, RJ",10.1006/bcon.1995.1064,"[""http://europepmc.org/abstract/AGR/IND20598545"", ""https://doi.org/10.1006/bcon.1995.1064""]",Biological Control.,03-autodissemination-social,03-autodissemination-social|02c_formulation_delivery|02a_efficacy,autodissemination|formulation-delivery|efficacy,Autodissemination/disseminator/SIT or vectoring pathway; Trap/bait/lure/electrostatic delivery pathway,wave2_gap_03_horizontal+gap_bait_trap,high,accepted,,"A device for autoinoculating insects with marker dye and active agents, such as biocompetitors of plant pathogens (e.g., Trichoderma harzianum, Trichoderma polysporum, Bacillus subtilis) and entomopathogens (e.g., Bacillus thuringiensis, Beauveria bassiana) is described. Laboratory tests using a powdered dye indicated that the device worked for sap beetles, house flies, pomace dies, and moths. Quantitative studies with blue dye (as an indicator of dispersal) and some bioactive agents demonstrated that a high percentage of sap beetles became contaminated with the material placed inside the autoinoculator in a short period of time (minutes). In the laboratory, sap beetles carried B. bassiana from the autoinoculator to unexposed sap beetles, causing high mortality. In the field, sap beetles entered the baited traps attached to the autoinoculator, became contaminated with the dye, and carried it to damaged corn or apples.",https://doi.org/10.1006/bcon.1995.1064,0,doi
5039,rayyan-628424243,Dual suppression of Glossina pallidipes using entomopathogenic fungal-based biopesticides and sterile insect technique.,2024,Ombura FLO;Abd-Alla AMM;Akutse KS;Runo S;Mireji PO;Bateta R;Otiwi JE;Ajene IJ;Khamis FM,10.3389/fmicb.2024.1472324,https://pubmed.ncbi.nlm.nih.gov/39717267/,Frontiers in microbiology,03-autodissemination-social,03-autodissemination-social,autodissemination,Autodissemination/disseminator/SIT or vectoring pathway,wave1_narrow_signal,high,accepted,,"Tsetse flies and trypanosomosis significantly impact bovine production and human health in sub-Saharan Africa, exacerbating underdevelopment, malnutrition, and poverty. Despite various control strategies, long-term success has been limited. This study evaluates the combined use of entomopathogenic fungi (EPF) and the sterile insect technique (SIT) to combat tsetse flies. Eleven EPF isolates were tested against teneral males of Glossina pallidipes, focusing on mortality rates, radial growth, and impacts on fly fitness. Temperature effects on conidial growth, sporulation, and spore yield of SIT-compatible/tolerant strains were also assessed. The fungal isolates significantly influenced mortality rates in both unirradiated and irradiated (SIT-treated) males (p 0.0001). Metarhizium anisopliae strains ICIPE 20, ICIPE 32, ICIPE 41, ICIPE 62, ICIPE 78, and Beauveria bassiana ICIPE 603 showed higher SIT compatibility/tolerance with LT(50) values of 11-30 days, compared to other more virulent isolates with LT(50) values of 4-9 days. Temperature significantly affected the radial growth of SIT-compatible EPF strains (p 0.0001), with M. anisopliae ICIPE 78 exhibiting the fastest conidia growth at 25C. Spore yield varied significantly across temperatures (15-40C), and the thermal range for conidia germination of SIT-compatible strains was 8.1-45.4C, with an optimal range of 26.7-31.1C. Moreover, infected unirradiated females and irradiated males (donors) successfully transmitted",https://doi.org/10.3389/fmicb.2024.1472324,0,doi
1976,rayyan-628420771,Effect of bee-vectored Beauveria bassiana on greenhouse beneficials under greenhouse cage conditions,2012,"Shipp, Les;Kapongo, Jean Pierre;Park, Hong-Hyun;Kevan, Peter",10.1016/j.biocontrol.2012.07.008,"[""http://europepmc.org/abstract/AGR/IND601120470"", ""https://doi.org/10.1016/j.biocontrol.2012.07.008""]",Biological Control.,03-autodissemination-social,03-autodissemination-social|02c_formulation_delivery|04-nontarget-ecotox|01-existing-products,existing-products|autodissemination|formulation-delivery|nontarget,Named commercial Bb product or registry/approval product record; Autodissemination/disseminator/SIT or vectoring pathway; Formulation/carrier with trap/bait/device framing; Pollinator exposure or bee-related Bb biocontrol/nontarget context,wave1_narrow_signal,high,accepted,,"Beauveria bassiana ([Balsamo] Vuillemin [Ascomycota: Hypocreales] Botanigard 22WP(R) formulation]) shows potential as a bee-vectored microbial control agent for control of insect pests on greenhouse tomato and sweet pepper. To integrate this control strategy with existing beneficials used in greenhouse vegetable production, it is important to determine the impact of bee vectored Beauveria on commonly used biocontrol agents in greenhouse crops. Therefore, greenhouse trials were conducted to investigate the impact of bee-vectored B. bassiana on the survivorship and parasitism/predation level of Encarsia formosa Gahan (Hymenoptera: Aphelinidae), Eretmocerus eremicus Rose & Zolnerowich (Hymenoptera: Aphelinidae), Aphidius colemani Viereck (Hymenoptera: Braconidae), Orius insidiosus (Say) (Heteroptera: Anthocoridae) and Amblyseius swirskii (Athias-Henriot) (Acari: Phytoseiidae). Two treatments were evaluated: (bee-vectored inoculum [1.371010conidia/g of inoculum] and a control [bees but no inoculum]). The experimental design was a completely randomized block design with three to four replications per treatment over time. The commercial bumblebee pollinator, Bombus impatiens (Cresson) (Hymenoptera: Apidae), was used to vector the microbial control agent to the crop. Over 95% of the flower and leaf samples from the tomato and sweet pepper crops contained detectable levels of Beauveria spores. No significant differences in mortalities were found between the two treatments for the para",https://doi.org/10.1016/j.biocontrol.2012.07.008,0,doi
6103,rayyan-628432083,Effect of entomopathogenic fungus Beauveria bassiana on behavior of termite Reticulitermes chinensis.,2025,Hassan H;Hassan A;Raza T;Ding J;Ali A;Huang Q;Lu M,10.1016/j.jip.2025.108419,https://pubmed.ncbi.nlm.nih.gov/40780392/,Journal of invertebrate pathology,03-autodissemination-social,03-autodissemination-social,horizontal-spore-transfer,Horizontal/social spore transfer pathway,wave1_narrow_signal,high,accepted,,"Termites play a dual ecological role as vital decomposers and significant pests that cause economic damage globally. In China, Reticulitermes chinensis is a prevalent subterranean termite species managed primarily through chemical termiticides, which pose environmental and health risks. Entomopathogenic fungi (EPF), particularly Beauveria bassiana, offer a promising alternative due to their eco-friendly targeted approach to pest control. This study investigated the effects of B. bassiana on various behaviors (allogrooming, trophallaxis, vibration, cannibalism, burial, locomotion, and foraging) and the survival of R. chinensis. Termites exposed to higher fungal concentrations (10(8) conidia/ml) showed significantly increased allogrooming and vibration behaviors, while trophallaxis remained unaffected. Burial behavior was significantly more pronounced in response to fungus-killed termites compared to controls (cadavers killed by freezing), though cannibalism showed no significant difference between the two dead cadaver types. Locomotion analysis revealed that exposure to B. bassiana reduced distance moved and velocity, while increasing turn angle and angular velocity, as measured at 24 and 48 h after fungal exposure. Foraging activity after infection was notably disrupted, with reduced time spent and fewer visits to food zones. Mortality was dose-dependent in individually caged termites, but no significant survival differences were observed when termites were caged with nestma",https://doi.org/10.1016/j.jip.2025.108419,0,doi
563,rayyan-628416045,Efficacy of Beauveria bassiana strain GHA spray applications against coffee berry borer Hypothenemus hampei on Hawai'i Island [Erratum: 2022 ; p.105038],2021,"Wraight, SP;Galaini-Wraight, S;Howes, RL;Castrillo, LA;Griggs, MH;Carruthers, RI;Smith, RH;Matsumoto, TK;Keith, LM",10.1016/j.biocontrol.2021.104587,"[""http://europepmc.org/abstract/AGR/IND607305384"", ""https://doi.org/10.1016/j.biocontrol.2021.104587""]",Biological Control.,03-autodissemination-social,03-autodissemination-social|02c_formulation_delivery|02a_efficacy|01-existing-products,existing-products|formulation-delivery|efficacy|horizontal-spore-transfer,Named commercial Bb product or registry/approval product record; Trap/bait/lure/electrostatic delivery pathway; Horizontal/social spore transfer pathway,wave1_narrow_signal,high,accepted,,"Beauveria bassiana (Bb) strain GHA is a major component of an integrated pest management (IPM) program for coffee berry borer (CBB) in Hawai'i. Efforts to measure effectiveness of GHA spray applications have been complicated by activity of naturally-occurring Bb. Studies were thus designed to provide more accurate efficacy assessments by accounting for this natural activity. BotaniGard(R) ES + Widespread Max(R) (WSM) surfactant (2.3 + 0.6 L/ha) were applied in commercial coffee fields. Live CBB were collected at various times post spray and monitored for infection. GHA killed 12-15% of founder females collected 1-3 days post spray and 9-10% collected after 10 days (infections attributed to secondary transmission); each spray thus resulted in 20-25% mortality. Results were comparable at high- and low-elevation sites in summer-wet climate zones. Sprays applied May-August produced similar rates of infection. Peak counts of CBB recently killed by GHA were recorded 4-5 and 12-16 days post spray (reflecting infection by sprayed conidia vs. conidia produced in the field). Cumulative mortality assessed by counts of GHA-killed CBB plateaued at 50-60%, even after numerous sprays, and was attributed to factors unrelated to efficacy. Half rates of BotaniGard/WSM were nearly as effective as full rates. Sprays on intermediate-elevation fields in a summer-dry climate zone were less effective, but efficacy varied with crop-architecture. GHA spray residues infected 30-40% of host-seeking CBB trap",https://doi.org/10.1016/j.biocontrol.2021.104587,0,doi
5052,rayyan-628424282,"Efficacy of Entomopathogenic Fungi as Prevention against Early Life Stages of the Red Palm Weevil, Rhynchophorus ferrugineus (Coleoptera: Curculionidae) in Laboratory and Greenhouse Trials.",2023,Ment D;Levy N;Allouche A;Davidovitz M;Yaacobi G,10.3390/insects14120918,https://pubmed.ncbi.nlm.nih.gov/38132592/,Insects,03-autodissemination-social,03-autodissemination-social|01-existing-products,existing-products|horizontal-spore-transfer,Named commercial Bb product or registry/approval product record; Horizontal/social spore transfer pathway,wave1_narrow_signal,high,accepted,,"The red palm weevil (RPW) Rhynchophorus ferrugineus is a highly destructive invasive pest for palms whose management is mainly by application of synthetic pesticides. As a key pest of date palm plantations, it is necessary to integrate environmentally safe measures for its management. Entomopathogenic fungi (EPF) have been primarily studied as a preventative control measure due to the horizontal transfer of conidia within the RPW population. We previously demonstrated the horizontal transmission of fungal conidia from an egg-laying surface to the female weevil and then to the eggs and larvae. Based on that strategy, this study aimed to evaluate the virulence of commercial EPF products and laboratory EPF preparations to RPW females and their progeny, and their ability to protect palms against infestation. As such, it serves as a screening platform for field experiments. Mortality rates of females and eggs depended on the applied treatment formulation and fungal strain. Velifer((R)), a Beauveria bassiana product, and Metarhizium brunneum (Mb7) resulted in 60-88% female mortality. Mb7-as a conidial suspension or powder-resulted in 18-21% egg-hatching rates, approximately 3 times less than in the non-treated control. Treating palms with Mb7 suspension or dry formulation significantly inhibits infestation signs and results in protection. These results lay the foundation for investigating the protective rate of EPF products against RPW in date plantations.",https://doi.org/10.3390/insects14120918,0,doi
925,rayyan-628419627,Epidemiology of Beauveria bassiana in Controlled Populations of Bactericera cockerelli1,2017,"Suarez-Nunez, Janette;Alberto Margarito Garcia-Munguia;Hipolito Cortez-Madrigal",,http://europepmc.org/abstract/AGR/IND605947294,Southwestern Entomologist,03-autodissemination-social,03-autodissemination-social,autodissemination|horizontal-spore-transfer,Autodissemination/disseminator/SIT or vectoring pathway; Horizontal/social spore transfer pathway,wave2_gap_03_horizontal,high,accepted,,"The effect of four variables -- ratio of infected/healthy individuals, sex, interference from healthy males, and transmission time - was evaluated to know the potential of horizontal transmission of Beauveria bassiana (Balsamo) Vuillemin strain Bb-M to induce epizootics in controlled populations of tomato/potato psyllid, Bactericera cockerelli (Sulc). In addition, the time in which 50% of the conidia germinated (GT50) and response to humidity were evaluated. The Bb-M strain required high humidity to sporulate ( 93%) and had a GT50 of 12.7 hours. The proportion of infected/healthy insects was very correlated (r = 0.804, p 0.05) with dissemination of the entomopathogen, suggesting a larger number of infected insects increased the spread of the entomopathogen. The sex effect was not consistent in transmission of the entomopathogen, with tendency toward greater infection (94%) when only males were infected. Transmission by males fluctuated from 15 to 96.66%, with greatest transmission having a ratio of 1:10 (infected males:healthy females). The mean transmission time (Tt50) was 5.8 days. The results showed the evaluated strain by the auto-dissemination technique has potential for use in management of tomato psyllid; however, future studies are needed to design and evaluate strategies for application in the field.",http://europepmc.org/abstract/AGR/IND605947294,0,title
1770,rayyan-628420544,Estimating Contact Rates Between Metarhizium anisopliae-Exposed Males With Female Aedes aegypti,2021,"Reyes-Villanueva, Filiberto;Russell, Tanya L;Rodriguez-Perez, Mario A",10.3389/fcimb.2021.616679,"[""http://europepmc.org/abstract/MED/33996617"", ""https://www.frontiersin.org/articles/10.3389/fcimb.2021.616679/pdf""]",Frontiers in cellular and infection microbiology,03-autodissemination-social,03-autodissemination-social,autodissemination,Autodissemination/disseminator/SIT or vectoring pathway,wave2_gap_03_horizontal,high,accepted,,"IntroductionEffective control of Aedes aegypti will reduce the frequency and severity of outbreaks of dengue, chikungunya, and Zika; however, control programs are increasingly threatened by the rapid development of insecticide resistance. Thus, there is an urgent need for novel vector control tools, such as auto-dissemination of the entomopathogenic fungi Metarhizium anisopliae and Beauveria bassiana. The aim of this study was to estimate contact rates of M. anisopliae-exposed males with wild female Ae. aegypti. As a control the contact rates of untreated males with wild females was contrasted.MethodsThe study was conducted in Reynosa, Mexico. The treatment and control households (n = 15 per group) were geographically separated by an arid and hot area that naturally prevented the flight of males between arms. In each control household, 40 M. anisopliae-exposed male Ae. aegypti were released per week for 8 weeks (specimens were exposed to a concentration of 5.96 107 conidia/cm2 for 24 h; n = 4,800 males). In each control household, 40 untreated males were released per week for 8 weeks (n = 4,800 males). All specimens were dust-marked prior to release. Mosquito abundance was monitored with human landing collections, and captured Ae. aegypti were examined for any dust-marking.ResultsIn the treatment households, the contact rate of Ae. aegypti females with marked, fun",https://doi.org/10.3389/fcimb.2021.616679,0,doi
5692,rayyan-628426219,"Evaluating the Vector Control Potential of the In2Care(R) Mosquito Trap Against Aedes aegypti and Aedes albopictus Under Semifield Conditions in Manatee County, Florida.",2017,Buckner EA;Williams KF;Marsicano AL;Latham MD;Lesser CR,10.2987/17-6642R.1,https://pubmed.ncbi.nlm.nih.gov/28854105/,Journal of the American Mosquito Control Association,03-autodissemination-social,03-autodissemination-social|02c_formulation_delivery|02a_efficacy,autodissemination|formulation-delivery|efficacy,Autodissemination/disseminator/SIT or vectoring pathway; Trap/bait/lure/electrostatic delivery pathway,wave1_narrow_signal,high,accepted,,"Successful integrated vector management programs may need new strategies in addition to conventional larviciding and adulticiding strategies to target Aedes aegypti and Ae. albopictus, which can develop in small, often cryptic, artificial and natural containers. The In2Care(R) mosquito trap was recently developed to target and kill larval and adult stages of these invasive container-inhabiting Aedes mosquitoes by utilizing autodissemination. Gravid females that visit the trap pick up pyriproxyfen (PPF) that they later transfer to nearby larval habitats as well as Beauveria bassiana spores that slowly kill them. We assessed the efficacy of the In2Care mosquito trap in a semifield setting against locally sourced strains of Ae. aegypti and Ae. albopictus. We found that the In2Care mosquito trap is attractive to gravid Ae. aegypti and Ae. albopictus females and serves as an egg sink, preventing any adult emergence from the trap (P = 0.0053 for both species). Adult females successfully autodisseminated PPF to surrounding water-filled containers, leading to a statistically significant reduction in new mosquito emergence (P 0.0002 for both species). Additionally, we found effective contamination with Beauveria bassiana spores, which significantly reduced the survivorship of exposed Ae. aegypti and Ae. albopictus (P 0.008 for both species in all experimental setups). In summary, the In2Care mosquito trap successfully killed multiple life stages of 2 main mosquito vector species fo",https://doi.org/10.2987/17-6642R.1,0,doi
6145,rayyan-628433031,"Evaluation of In2Care mosquito stations for suppression of the Australian backyard mosquito, Aedes notoscriptus (Diptera: Culicidae)",2023,"Paris, Veronique;Bell, Nicholas;Schmidt, Thomas L;Endersby-Harshman, Nancy M;Hoffmann, Ary A",10.1093/jme/tjad099,"[""http://europepmc.org/abstract/MED/37535973"", ""https://doi.org/10.1093/jme/tjad099""]",Journal of medical entomology,03-autodissemination-social,03-autodissemination-social,autodissemination,Autodissemination/disseminator/SIT or vectoring pathway,wave1_narrow_signal,high,accepted,,"Aedes notoscriptus (Skuse) is a container-inhabiting mosquito endemic to Australia that vectors arboviruses and is suspected to transmit Mycobacterium ulcerans, the cause of Buruli ulcer. We evaluated the effectiveness of the In2Care station, which suppresses mosquito populations via the entomopathogenic fungus, Beauveria bassiana, and the insect growth regulator pyriproxyfen, the latter of which is autodisseminated among larval habitats by contaminated mosquitoes. A field trial was conducted using 110 In2Care stations in a 50,000 m2 area and results were compared to 4 control areas that did not receive the treatment. Efficacy was evaluated by comparing egg counts and measuring larvicidal impact in surrounding breeding sites. Laboratory experiments validated the effect of B. bassiana on adult survival. Results of this field trial indicate that, 6 wk after the In2Care stations were deployed, treatment site ovitraps contained 43% fewer eggs than control site ovitraps, and 33% fewer eggs after 10 wk, suggesting that the In2Care station was able to reduce the egg density of Ae. notoscriptus. Population reduction remained evident for up to 3 wk after In2Care stations were removed. Treatment site ovitraps had significantly fewer Ae. notoscriptus eclosing than control site ovitraps, confirming the pyriproxyfen autodissemination feature of the stations. An average reduction of 50% in adult eclosion was achieved. Exposure to B. bassiana resulted in four-times higher mortality among ad",https://doi.org/10.1093/jme/tjad099,0,doi
2837,rayyan-628421742,Evaluation of Locally Isolated Entomopathogenic Fungi against Multiple Life Stages of Bactrocera zonata and Bactrocera dorsalis (Diptera: Tephritidae): Laboratory and Field Study,2021,"Usman, Muhammad;Wakil, Waqas;Pinero, Jaime C;Wu, Shaohui;Toews, Michael D;Shapiro-Ilan, David Ian",10.3390/microorganisms9081791,"[""http://europepmc.org/abstract/MED/34442870"", ""https://doi.org/10.3390/microorganisms9081791""]",Microorganisms,03-autodissemination-social,03-autodissemination-social,horizontal-spore-transfer,Horizontal/social spore transfer pathway,wave2_gap_03_horizontal,high,accepted,,"Fruit flies including Bactrocera zonata and B. dorsalis (Diptera: Tephritidae) are considered major pests of orchard systems in Pakistan. This study evaluated the laboratory virulence, sub-lethal effects, horizontal transmission, greenhouse, and field-cage efficacy of locally isolated entomopathogenic fungi (EPF) against B. zonata and B. dorsalis. In virulence assays against third instars and adults, all 21 EPF isolates (Beauveria bassiana and Metarhizium anisopliae) tested were pathogenic and caused varying levels of mortality to the fruit flies. Based on the initial screening, four isolates (B. bassiana WG-21 and WG-18 and M. anisopliae WG-07 and WG-02) were selected for further study. The isolate WG-18 was the most virulent against larvae and adults of B. zonata and B. dorsalis followed by WG-21, WG-02, and WG-07. In both species, adults were more susceptible than larvae to all isolates, and pupae were the least susceptible. Isolates WG-18 and WG-21 strongly decreased female fecundity and fertility, the highest adult and larval mortality, and longest developmental time of larvae and pupae. Fungal conidia were disseminated passively from infected to healthy adults and induced significant mortality, particularly from infected males to non-infected females. In greenhouse and field-cage experiments, WG-18 and WG-21 were the most effective isolates in reducing adult emergence when applied to larvae and pupae",https://doi.org/10.3390/microorganisms9081791,0,doi
2592,rayyan-628421435,Evaluation of the In2care Mosquito Station against Culex quinquefasciatus mosquitoes (Diptera: Culicidae) under semifield conditions,2025,"Buckner, Eva A;Romero-Weaver, Ana L;Schluep, Sierra M;Bellamy, Shawna K;Zimler, Rebecca A;Kendziorski, Natalie L;Ramirez, Daviela;Whitehead, Shelley A",10.1093/jme/tjae124,"[""http://europepmc.org/abstract/MED/39373161"", ""https://doi.org/10.1093/jme/tjae124""]",Journal of medical entomology,03-autodissemination-social,03-autodissemination-social,autodissemination,Autodissemination/disseminator/SIT or vectoring pathway,wave1_narrow_signal,high,accepted,,"Culex quinquefasciatus is an important mosquito vector responsible for the transmission of filarial worms, arthropod-borne viruses like Oropouche, St. Louis encephalitis, and West Nile and protozoans that cause avian malaria. Due to insecticide resistance documented in Cx. quinquefasciatus populations worldwide, integrated vector management programs can benefit from new strategies to control this species. The In2Care Mosquito Station (In2Care station), a commercially available dissemination station containing pyriproxyfen (PPF) and Beauveria bassiana spores, has been shown to be effective against skip-ovipositing Aedes aegypti and Aedes albopictus in previously conducted semifield and field trials. To determine the potential of Cx. quinquefasciatus adult females to autodisseminate PPF and if the In2Care station could be used for Cx. quinquefasciatus control, we assessed its efficacy in a semifield setting against wild Cx. quinquefasciatus. We found that the In2Care station was attractive to gravid Cx. quinquefasciatus females, with a significantly higher percentage of egg rafts laid in the In2Care station compared to alternative ovipots. Adult females successfully autodisseminated PPF from the In2Care station to surrounding ovipots, leading to a significant increase in mosquito emergence inhibition. Additionally, adult Cx. quinquefasciatus exposure to B. bassiana spores significantly reduced mosquito survivorship. These results suggest that the In2Care station may be effectiv",https://doi.org/10.1093/jme/tjae124,0,doi
4878,rayyan-628423830,Foster carers influence brood pathogen resistance in ants,2014,"Purcell, Jessica;Chapuisat, Michel",10.1098/rspb.2014.1338,"[""http://europepmc.org/abstract/MED/25143036"", ""https://doi.org/10.1098/rspb.2014.1338""]",Proceedings. Biological sciences,03-autodissemination-social,03-autodissemination-social,horizontal-spore-transfer,Horizontal/social spore transfer pathway,wave1_narrow_signal,high,accepted,,"Social organisms face a high risk of epidemics, and respond to this threat by combining efficient individual and collective defences against pathogens. An intriguing and little studied feature of social animals is that individual pathogen resistance may depend not only on genetic or maternal factors, but also on the social environment during development. Here, we used a cross-fostering experiment to investigate whether the pathogen resistance of individual ant workers was shaped by their own colony of origin or by the colony of origin of their carers. The origin of care-giving workers significantly influenced the ability of newly eclosed cross-fostered Formica selysi workers to resist the fungal entomopathogen Beauveria bassiana. In particular, carers that were more resistant to the fungal entomopathogen reared more resistant workers. This effect occurred in the absence of post-infection social interactions, such as trophallaxis and allogrooming. The colony of origin of eggs significantly influenced the survival of the resulting individuals in both control and pathogen treatments. There was no significant effect of the social organization (i.e. whether colonies contain a single or multiple queens) of the colony of origin of either carers or eggs. Our experiment reveals that social interactions during development play a central role in moulding the resistance of emerging workers.",https://doi.org/10.1098/rspb.2014.1338,0,doi
5450,rayyan-628425380,Horizontal Transmission of Beauveria bassiana (Hypocreales: Cordycipitaceae) and Metarhizium anisopliae (Hypocreales: Clavicipitaceae) in Musca domestica (Diptera: Muscidae),2015,"Carcamo, MC;Felchicher, F;Duarte, JP;Bernardi, E;Ribeiro, PB",10.1093/jee/tov163,"[""http://europepmc.org/abstract/MED/26470298"", ""https://doi.org/10.1093/jee/tov163""]",Journal of economic entomology,03-autodissemination-social,03-autodissemination-social,horizontal-spore-transfer,Horizontal/social spore transfer pathway,reaudit_prior_relevant,high,accepted,1,"Beauveria bassiana Vuillemin and Metarhizium anisopliae (Metschnikoff) Sorokin are fungi with potential for controlling Musca domestica L. However, the impact on this dipteral may vary depending on the fungal isolates and the methodology used. This study evaluated the pathogenicity of direct application and horizontal transmission of B. bassiana (CG240) and M. anisopliae (CG34) on adult M. domestica individuals. The impact of B. bassiana and M. anisopliae on M. domestica was evaluated at the concentrations 2 10(4), 2 10(5), 2 10(6), and 2 10(7) conidia/ml. Horizontal transmission was also estimated between sexes at different infection periods of the vector insect. The mortality of adult M. domestica individuals directly infected with B. bassiana was above 90%, and the mortality of those infected with M. anisopliae ranged from 25.50 to 97.78%. Horizontal transmission of B. bassiana caused the death of 100% of individuals, in turn, that of M. anisopliae killed 55% of male and 100% of female individuals. Horizontal transmission of fungi was negatively influenced by time. This study shows the potential of these fungi for controlling M. domestica, both with the direct implementation strategy and horizontal transmission. However, field studies are needed to evaluate the capacity to decrease the M. domestica population using these alternatives.",https://doi.org/10.1093/jee/tov163,0,doi
6144,rayyan-628433030,"Horizontal Transmission of the Entomopathogenic Fungal Isolate INRS-242 of Beauveria bassiana (Hypocreales: Cordycipitaceae) in Emerald Ash Borer, Agrilus planipennis (Coleoptera: Buprestidae)",2020,"Srei, Narin;Lavallee, Robert;Guertin, Claude",10.1093/jee/toz256,"[""http://europepmc.org/abstract/MED/31579922"", ""https://doi.org/10.1093/jee/toz256""]",Journal of economic entomology,03-autodissemination-social,03-autodissemination-social,autodissemination|horizontal-spore-transfer,Autodissemination/disseminator/SIT or vectoring pathway; Horizontal/social spore transfer pathway,wave2_gap_03_horizontal,high,accepted,,"Emerald ash borer (EAB), Agrilus planipennis Fairmaire, is an invasive and destructive beetle that causes extensive damage to ash trees in North America. The entomopathogenic fungus Beauveria bassiana Vuillemin is considered as an effective biological control agent for EAB adult populations. Using an autodissemination device with a fungal isolate of B. bassiana, our research aims to investigate the possibility of horizontal transmission of the fungal disease from infected to uninfected EAB adults during mating. Results show that the efficiency of fungal transmission is significantly related to the sex of EAB carrying the fungal pathogen. EAB males are the promising vector to transmit mycosis to their partners during mating. Results strengthen the potential of the fungal autodissemination device as a powerful biological strategy to control EAB populations.",https://doi.org/10.1093/jee/toz256,0,doi
6111,rayyan-628432283,Horizontal transmission of Beauveria bassiana (Bals.) Vuill,2000,"Long, DW;Groden, E;Drummond, FA",10.1046/j.1461-9563.2000.00046.x,"[""http://europepmc.org/abstract/AGR/IND22047371"", ""https://doi.org/10.1046/j.1461-9563.2000.00046.x""]",Agricultural and Forest Entomology,03-autodissemination-social,03-autodissemination-social,horizontal-spore-transfer,Horizontal/social spore transfer pathway; Include from title only; abstract missing; Title-only include; abstract missing; to be verified; Human QA 2026-08-08: accepted from uncertain (title-only),reaudit_prior_relevant,high,accepted,1,"Factors influencing horizontal transmission of the entomopathogen Beauveria bassiana in the Colorado potato beetle (CPB) were examined through a series of laboratory studies. Cadaver density, cadaver life stage, ambient temperature and conidial density were the factors manipulated. Mortality and sporulation of burrowing CPB prepupae both increased significantly with increased sporulating second-instar cadaver density on the soil surface. Mortality rates were significantly higher when prepupae were released into laboratory arenas containing third-instar cadavers compared to second-instar cadavers. Mortality and sporulation decreased significantly as temperature increased from 15 C to 30 C, however, no temperature-dependent behavioural response by prepupae could be identified as a potential cause. An 86.1% decrease in conidial density per cadaver had no significant effect on mortality or sporulation of prepupae, indicating that this level of environmental degradation of cadavers may not significantly reduce the probability of horizontal transmission.",https://doi.org/10.1046/j.1461-9563.2000.00046.x,0,doi+manual_user
5453,rayyan-628425448,Horizontal transmission of Beauveria bassiana in Anastrepha ludens (Diptera: Tephritidae) under laboratory and field cage conditions,2007,"Toledo, Jorge;Campos, Sergio E;Flores, Salvador;Liedo, Pablo;Barrera, Juan F;Villasenior, Antonio;Montoya, Pablo",10.1603/0022-0493(2007)100[291:htobbi]2.0.co;2,"[""http://europepmc.org/abstract/MED/17461049"", ""https://academic.oup.com/jee/article-pdf/100/2/291/7020352/jee100-0291.pdf""]",Journal of economic entomology,03-autodissemination-social,03-autodissemination-social,autodissemination|horizontal-spore-transfer,Autodissemination/disseminator/SIT or vectoring pathway; Horizontal/social spore transfer pathway,wave1_narrow_signal,high,accepted,,"The virulence of two products of the fungus Beauveria bassiana (LCPP and Bassianil) on adult Anastrepha ludens (Loew) (Diptera: Tephritidae) and their effect on the mating performance of infected males was evaluated in laboratory and field cage tests. The horizontal transmission capacity of the fungus during copulation or attempted copulation also was quantified using inoculated males as well as the impact of infection on female fecundity and longevity. Both fungal products were found to be highly virulent (LCPP, mortality = 98.7% at 1 x 10(8) conidia per ml, LT50 = 4.20 d, LC50 = 9.35 x 10(5) conidia per ml; Bassianil, mortality = 99.3% at 1 X 10(8) conidia per ml, LT50 = 4.04 d, LC50 = 2.69 x 10(7) conidia per ml). Mating success of inoculated males was not affected compared with the control group during the 3 d postinoculation. Horizontal transmission to females during the first day was 80.6 and 84.3% through mating and 15.4 and 21.6% through attempts to mate and contact during courtship for the LCPP and Bassianil products, respectively. The fertility of infected females was notably reduced, and longevity did not extend beyond 15 d. Our results suggest the possibility of using sterile flies as fungus vectors in sterile insect technique programs, but the potential benefits and shortcomings of this approach require further investigation.",https://doi.org/10.1603/0022-0493(2007)100[291:htobbi]2.0.co;2,0,doi
5814,rayyan-628426567,Horizontal transmission of Beauveria bassiana spores using infected males and inoculation device: impact on survival and fecundity of Ceratitis capitata (Diptera: Tephritidae),2022,"Galvez, Cesar;Flores, Salvador;Campos, Sergio;Ramirez, Francisco Ramirez;Rosas-Quijano, Raymundo;Montoya, Pablo",10.21203/rs.3.rs-2180398/v1,"[""http://europepmc.org/abstract/PPR/PPR566541"", ""https://www.researchsquare.com/article/rs-2180398/latest.pdf""]",,03-autodissemination-social,03-autodissemination-social,autodissemination|horizontal-spore-transfer,Autodissemination/disseminator/SIT or vectoring pathway; Horizontal/social spore transfer pathway,wave2_gap_03_horizontal,high,accepted,,"The mode of transmission of fungus spores (horizontal transmission or assisted auto-dissemination) directly influences the effectiveness of a fungal pathogen when used as a control agent. Fungal infections cause physiological alterations leading to the host's death. During this process, the fungus uses the energy reserves in the hemolymph of insects, affecting the development and performance of individuals and, therefore, the demographic features of their populations. In this work, we evaluated topical inoculation and an auto-disseminator device in the transmission of Beauveria bassiana (Balsamo) Vuillemin conidia to Ceratitis capitata Wiedemann (Diptera: Tephritidae). Survival and fecundity were negatively affected by the action of the fungus, and mortality was influenced by the inoculation method. Inoculated sterile males were as competitive as untreated males and reduced the fecundity and survival of females. We conclude that the pathogenic action of B. bassiana reduces the survival and fecundity parameters of C. capitata infected by horizontal transmission, while the behavioral response of treated sterile males is similar to that of sterile-fertile untreated males. We discuss the potential use of this strategy as part of the pest management of C. capitata .",https://doi.org/10.21203/rs.3.rs-2180398/v1,0,doi
4917,rayyan-628423950,Horizontal transmission of entomopathogenic fungi by the diamondback moth,2001,"Furlong, MJ;Pell, JK",10.1006/bcon.2001.0981,"[""http://europepmc.org/abstract/AGR/IND23262599"", ""https://doi.org/10.1006/bcon.2001.0981""]",Biological Control.,03-autodissemination-social,03-autodissemination-social,autodissemination|horizontal-spore-transfer,Autodissemination/disseminator/SIT or vectoring pathway; Horizontal/social spore transfer pathway,wave2_gap_03_horizontal,high,accepted,,"The relative potential of the pathogenic fungi Beauveria bassiana and Zoophthora radicans for use as autodisseminated biological control agents of the diamondback moth (Plutella xytostella) was compared. The LC50 of B. bassiana conidia to third instar larvae was 499 conidia/mm2 of leaf surface and individual cadavers of mycosed fourth instar larvae yielded a mean of 67.5 x 10(6) (+/-7.5 x 10(6)) conidia. All concentrations of B. bassiana tested in inoculation chambers (0.24, 2.4, and 6.2 micrograms/mm2) induced 100% mortality in adult male moths within 7 days. The times to death and sporulation were concentration and exposure duration dependent. A standard procedure for inoculating male moths resulted in 85% mortality from Z. radicans and 93% mortality from B. bassiana. Pairing of inoculated males with clean moths of both sexes yielded higher rates of passive transmission of B. bassiana than Z. radicans, but there was no evidence for sexual transmission of either pathogen. Similarly, B. bassiana was more effectively transmitted from inoculated male moths to larvae foraging on whole plants. Single sporulating cadavers producing B. bassiana or Z. radicans conidia placed on plants infested with larvae resulted in a similar rate of transmission for both pathogens. However, an increase of the density of sporulating cadavers from one to three/plant increased Z. radicans transmission (greater than fourfold) but had no effect on B. bassiana transmission. Simultaneous inoculations o",https://doi.org/10.1006/bcon.2001.0981,0,doi
4911,rayyan-628423899,"Horizontal transmission of the entomopathogenic fungus Beauveria bassiana among the spruce bark beetle, Ips typographus (Col., Scolytidae) in the laboratory and under field conditions",2004,"Kreutz, J;Zimmermann, G;Vaupel, O",10.1080/788222844,"[""http://europepmc.org/abstract/AGR/IND43673592"", ""https://doi.org/10.1080/788222844""]",Biocontrol science and technology.,03-autodissemination-social,03-autodissemination-social,horizontal-spore-transfer,Horizontal/social spore transfer pathway,wave2_gap_03_horizontal,high,accepted,,"In laboratory and field cage experiments, the horizontal transmission of the entomopathogenic fungus Beauveria bassiana (Boverol) between adults of the spruce bark beetle Ips typographus was examined. In a laboratory experiment, conidia transfer between treated and untreated beetles at different ratios resulted in 96% mortality (MST 4.3 days) at a ratio of 1:1 and 90% mortality (MST 4.5 days) at a ratio of 1:2. At ratios of 1:5, 1:10 and 1:20, the mortalities at 7 days were 83, 77 and 75%, respectively. In a second laboratory experiment, the efficacy of B. bassiana was investigated after transmission from contaminated to healthy beetles over a period of 5 days. Two weeks later, the mortality of treated and untreated beetles was 99% (control mortality was 44%), while the rate of mycosis was 79% in the treatment compared to 10% in the control beetles. A single contact between one treated male (2.0 x 10(5) conidia/beetle) and an untreated female was found to be sufficient to transmit a lethal dose of B. bassiana of about 1.2 x 10(4) conidia. Two experiments in field cages in a spruce stand demonstrated horizontal transmission of B. bassiana (Boverol) between beetles. In the first experiment the transmission was investigated following the introduction of B. bassiana-inoculated beetles into a population of untreated beetles. Significant reductions were observed in the length of maternal galleries, and the number of larvae and pupae. In the second field cage experiment, natural pop",https://doi.org/10.1080/788222844,0,doi
4708,rayyan-628423659,"Identity, Prevalence, and Pathogenicity of Entomopathogenic Fungi Infecting Invasive Polistes (Vespidae: Polistinae) Paper Wasps in New Zealand",2022,"Reason, Aiden;Bulgarella, Mariana;Lester, Philip J",10.3390/insects13100922,"[""http://europepmc.org/abstract/MED/36292870"", ""https://www.mdpi.com/2075-4450/13/10/922/pdf?version=1665634143""]",Insects,03-autodissemination-social,03-autodissemination-social,seed-vespideae,Vespidae/Vespa/hornet with Bb,wave1_narrow_signal,high,accepted,,"Two species of entomogenous fungi were discovered infecting the invasive paper wasp Polistes chinensis during an ecological study on Farewell Spit, New Zealand. We sequenced two nuclear ribosomal RDNA genes, the internal transcribed spacer (ITS) and the small ribosomal subunit 18S, and one protein-coding gene, the translation elongation factor 1-alpha (ef1 ). Combining sequence information with morphological examination, we identified these species as Beauveria malawiensis and Ophiocordyceps humbertii. We estimated that these fungi produce infection in approximately 3.3% of colonies in our study population. In bioassays, we successfully infected P. chinensis individuals from healthy colonies with B. malawiensis, with significant effects on adult mortality. This is the first record of both B. malawiensis and O. humbertii from Polistine hosts in New Zealand, and the first investigation into disease causality by these pathogens in P. chinensis. Our findings may contribute to the future development of biological control agents for paper wasps in New Zealand and elsewhere around the world.",https://doi.org/10.3390/insects13100922,0,doi
5087,rayyan-628424478,Indigenous strains of Beauveria and Metharizium as potential biological control agents against the invasive hornet Vespa velutina.,2018,Poidatz J;Lopez Plantey R;Thiery D,10.1016/j.jip.2018.02.021,https://pubmed.ncbi.nlm.nih.gov/29501664/,Journal of invertebrate pathology,03-autodissemination-social,03-autodissemination-social,seed-vespideae|seed-vespa-velutina,Vespidae/Vespa/hornet with Bb,reaudit_prior_relevant,high,accepted,1,"Alien species often miss parasites in their invaded area, and this is the case in Vespa velutina. This invasive hornet predator of bees was accidentally introduced in Europe from East China in 2004. The control of this species is still problematic. Indeed to destroy nests, applicators currently use large spectrum insecticides, which is too costly or dangerous to applicators and also to the environment, affecting non-targeted arthropods (one period). Studying the potential interest of biological control methods may help to propose alternatives in V. velutina control. We present here the bioassays in which we assessed the potential control efficiency of different indigenous French isolates of entomopathogenic fungi. We inoculated adults V. velutina by different ways: being directly, by walking on a contaminated surface, in the food, or by inter-individual transfers. We tested differences between the isolates and the application methods using two parameters mortality and LT50. The direct inoculation method was the most efficient modality, then the contact, transfer and food. Considering all contamination methods, there was no difference on susceptibility or mortality among different isolates. Still the LT50 was quite short in all isolates (average 5.80.44d), and their virulence was quite high: we conclude that there is high potential in using such entomopathogens as a biological control agent against V. velutina.",https://doi.org/10.1016/j.jip.2018.02.021,0,doi
94,rayyan-628415251,"Investigating the potential of an autodissemination system for managing populations of vine weevil, Otiorhynchus sulcatus (Coleoptera: Curculionidae) with entomopathogenic fungi",2018,"Pope, Tom W;Hough, Gemma;Arbona, Charlotte;Roberts, Harriet;Bennison, Jude;Buxton, John;Prince, Gill;Chandler, Dave",10.1016/j.jip.2018.04.002,https://app.dimensions.ai/details/publication/pub.1103243582,Journal of Invertebrate Pathology,03-autodissemination-social,03-autodissemination-social,autodissemination,Autodissemination/disseminator/SIT or vectoring pathway,wave2_gap_03_horizontal,high,accepted,,"Vine weevil, also known as black vine weevil, (Otiorhynchus sulcatus) is an economically important pest affecting soft fruit and nursery stock in temperate regions. We used laboratory and polytunnel experiments to investigate a novel control system based on autodissemination of spores of an entomopathogenic fungus to populations of adult vine weevils. The fungus was applied as a conidial powder, used on its own or formulated with talc, to a simple plastic refuge for vine weevils. The potential for adult weevils to disseminate the fungus was investigated first in polytunnel experiments using fluorescent powders applied to the refuge in lieu of fungal conidia. In this system, 88% of adult weevils came in contact with the powder within 48 h. When the powder was applied to five adult weevils that were then placed within a population of 35 potential recipients, it was transmitted on average to 75% of the recipient population within 7 days. Three isolates of entomopathogenic fungi (Beauveria bassiana isolate codes 433.99 and 1749.11 and Metarhizium brunneum isolate code 275.86), selected from a laboratory virulence screen. These three isolates were then investigated for efficacy when applied as conidial powders in artificial refuges placed among populations of adult weevils held in experimental boxes in the laboratory at 20 C. Under this regime, the fungal isolates caused 70-90% mortality of adult weevils over 28 days. A final polytunnel experiment tested the efficacy of conidial",https://doi.org/10.1016/j.jip.2018.04.002,0,doi
5070,rayyan-628424415,"Laboratory and field evaluation of an autoinoculation device as a tool to manage poultry red mite, Dermanyssus gallinae, infestations with Beauveria bassiana.",2020,Nascimento MM;Alves LFA;de Oliveira DGP;Lopes RB;Guimaraes ATB,10.1007/s10493-020-00466-6,https://pubmed.ncbi.nlm.nih.gov/31950300/,Experimental & applied acarology,03-autodissemination-social,03-autodissemination-social|02c_formulation_delivery|02a_efficacy,autodissemination|formulation-delivery|efficacy,Autodissemination/disseminator/SIT or vectoring pathway; Trap/bait/lure/electrostatic delivery pathway,wave1_narrow_signal,high,accepted,,"The poultry red mite, Dermanyssus gallinae, is a cosmopolitan ectoparasite in hens and has been considered an important threat to the egg production industry. This study evaluated an alternative to manage poultry red mite populations as a complement to conventional chemical treatments and other control strategies in poultry houses. A simple autoinoculation device prepared with corrugated cardboard (CB) or loofah sponge (LS) as inert supports to anchor Beauveria bassiana conidia was used to aggregate and infect mites from infested poultry houses. In the laboratory, mites gathered inside the traps and the average mortalities by the fungus were higher than 70% in CB and LS traps after 5 and 4 days of exposure, respectively. Conidial viability was around 80% in CB and LS traps after 14 and 60 days under unrefrigerated conditions (26 C), respectively. Both trap types tied to hen cages efficiently captured fed mites after blood meal, and fungal infection was observed in 65-90% of the mites in field tests. Between 5 and 25% of the mites recaptured in monitoring cardboard traps installed immediately after CB and LS removal were infected by B. bassiana. According to our results, the use of B. bassiana in an autoinoculation strategy is a potential alternative method for D. gallinae control.",https://doi.org/10.1007/s10493-020-00466-6,0,doi
5811,rayyan-628426494,"Metarhizium anisopliae and Beauveria bassiana: Pathogenicity, Horizontal Transmission, and Their Effects on Reproductive Potential of Thaumatotibia leucotreta (Lepidoptera: Tortricidae).",2020,Mkiga AM;Mohamed SA;du Plessis H;Khamis FM;Akutse KS;Ekesi S,10.1093/jee/toz342,https://pubmed.ncbi.nlm.nih.gov/31913470/,Journal of economic entomology,03-autodissemination-social,03-autodissemination-social,horizontal-spore-transfer,Horizontal/social spore transfer pathway,wave2_gap_03_horizontal,high,accepted,,"The polyphagous moth, Thaumatotibia leucotreta (Meyrick) is among the major constraints to the horticultural industry in East Africa. In a search of sustainable control methods, the pathogenicity of the dry conidia of 17 Metarhizium anisopliae (Metschn.) and five Beauveria bassiana (Bals.) (Vuill.) isolates were tested against T. leucotreta moths. The conidial uptake by a single moth, horizontal transmission, and effect of fungal inoculant on egg-laying and hatchability for the pest were also assessed. The findings from this study showed that tested fungi were virulent to the moths, with 12 isolates causing mortality that ranged between 58.8 and 94.2% for M. anisopliae and three isolates between 57.6 and 84.6% for B. bassiana. The entomopathogenic fungi isolates, M. anisopliae ICIPE 69 and B. bassiana ICIPE 279 were highly virulent with low lethal times to 50% mortality (LT50) of 3.81 and 5.13 d, respectively. The isolate, ICIPE 69 conidia acquisition by a single moth were approximately 4.58 106 and 3.51 106 for males and females, respectively. The lowest survival rate (3.33 %) caused by inoculum transmission was recorded in donor males compared to 16.67% in recipient males. Fecundity was reduced by 33.6 and 25.9% for donor and recipient females, respectively. The pest can acquire conidia from the treated substrate and transmission is then possible between adults. ICIPE 69 is virulent and reduces the reproduction potential of the pest after transmission. The findings are",https://doi.org/10.1093/jee/toz342,0,doi
6146,rayyan-628433046,Microbial Control of the Emerald Ash Borer (Coleoptera: Buprestidae) Using Beauveria bassiana (Hypocreales: Cordycipitaceae) by the Means of an Autodissemination Device,2020,"Srei, Narin;Guertin, Claude;Lavallee, Robert;Lajoie, Marie-Eve;Brousseau, Christian;Bergevin, Rejean;Miller, Fredric;McMillin, Kendra;Trudel, Richard",10.1093/jee/toaa226,"[""http://europepmc.org/abstract/MED/33089312"", ""https://doi.org/10.1093/jee/toaa226""]",Journal of economic entomology,03-autodissemination-social,03-autodissemination-social|02c_formulation_delivery|02a_efficacy,autodissemination|formulation-delivery|efficacy,Autodissemination/disseminator/SIT or vectoring pathway; Trap/bait/lure/electrostatic delivery pathway,wave2_gap_03_horizontal+gap_bait_trap,high,accepted,,"The FraxiProtec, an autodissemination device loaded with the fungus Beauveria bassiana isolate CFL-A, was tested in the field to evaluate its potential to infect emerald ash borer adults and reduce their populations. During the 2-yr experimental period, the dispersion of B. bassiana-infected adults was also documented to assess the dissemination capacity of the biocontrol agent beyond the treated areas. The mean percentage of infected emerald ash borer in 2017 and 2018 in 15 treated sites was 43.3 2.9% and 39.7 3.9%, respectively, and no significant variation was observed over the tested years. Furthermore, a 40% significant reduction of the mean emerald ash borer population growth per tree in treated sites was recorded when compared to the control sites. Emerald ash borer infected with B. bassiana isolate CFL-A were collected from baited sticky traps in the sentinel stations in the area surrounding the FraxiProtec-treated sites. Even at a distance of 125 m, an average of 9.4 2.6% infected emerald ash borer were collected. Finally, exploratory analyzes were carried out on parameters such as the area to be treated, ash tree density, and FraxiProtec density to document potential relationships, which could be used in the determination of a prescription.",https://doi.org/10.1093/jee/toaa226,0,doi
6112,rayyan-628432284,Modelling Beauveria bassiana horizontal transmission,2000,"Long, DW;Drummond, FA;Groden, E;Donahue, DW",10.1046/j.1461-9563.2000.00047.x,"[""http://europepmc.org/abstract/AGR/IND22047374"", ""https://doi.org/10.1046/j.1461-9563.2000.00047.x""]",Agricultural and Forest Entomology,03-autodissemination-social,03-autodissemination-social,horizontal-spore-transfer,Horizontal/social spore transfer pathway; Include from title only; abstract missing; Title-only include; abstract missing; to be verified; Human QA 2026-08-08: accepted from uncertain (title-only),wave2_gap_03_horizontal,high,accepted,,"We modelled horizontal transmission of Beauveria bassiana in Colorado potato beetle (CPB) between larval cadavers and soil inhabiting prepupae. The rate of disease transmission, based on the probability of a prepupa contacting sporulating cadavers on the soil surface, is a non-linear function of cadaver density and also dependent upon temperature. The spatial pattern of cadavers is needed to estimate prepupal contacts with cadavers. Observational field studies determined Johnson distributions to model the spatial pattern of cadavers and prepupae in the field. The model also implicitly incorporates within-field larval spatial pattern into estimates of field-level horizontal transmission. Potential for horizontal transmission is higher in simulations using weather data from the warmer year of 1995, than in simulations of the cooler growing season of 1993. Simulations of CPB populations under northern Maine climatic conditions recorded in 1993 and 1995 suggest that horizontal transmission can range from 3 to 24% depending upon the timing of primary infection of larvae in the field. Two simulated sequential applications of B. bassiana targeted at peak first instars resulted in maximum horizontal infection in both years. Sensitivity analysis suggests that horizontal transmission is most sensitive to changes in the proportion of cadavers that sporulate and least sensitive to changes in the time between larval death and the onset of cadaver sporulation. Field validation of the model indicates good prediction of one measure of horizontal infection, the proportion of prepupae which eventually sporulated after being released in controlled field experiments.",https://doi.org/10.1046/j.1461-9563.2000.00047.x,0,doi+manual_user
1066,rayyan-628419778,"Mycosis inhibits cannibalism by Melanoplus sanguinipes, M. differentialis, Schistocerca americana, and Anabrus simplex",2013,"Jaronski, Stefan T",10.1673/031.013.12201,"[""http://europepmc.org/abstract/MED/24786183"", ""https://doi.org/10.1673/031.013.12201""]",Journal of insect science (Online),03-autodissemination-social,03-autodissemination-social,horizontal-spore-transfer,Horizontal/social spore transfer pathway,wave2_gap_03_horizontal,high,accepted,,"Cannibalism is common among the Acrididae and the Mormon cricket, Anabrus simplex Haldeman (Orthoptera: Tettigoniidae). This behavior has been proposed as a mechanism for the horizontal transmission of Microsporida and entomopathogenic fungi. Aanecdotal observations suggested that the migratory grasshopper, Melanoplus sanguinipes Fabricius (Acrididae), and A. simplex did not eat cadavers that had been killed by insect pathogenic fungi. The hypothesis tested was that A. simplex or M. sanguinipes would not cannibalize individuals freshly killed by the entomopathogenic fungi, Beauveria bassiana Bals.-Criv. (Vuill.) (Hypocreales: Clavicipitaceae), or Metarhizium acridum (Driver and Milner) Bischoff, Rehner, and Humber. Cannibalism was examined in a series of no-choice tests with individual insects. Test insects included healthy adults of M. sanguinipes; the differential grasshopper, M. differentialis (Thomas); the American grasshopper, Schistocerca americana (Drury) (Acrididae); and A. simplex. Individual, starved Acrididae or A. simplex were confined in small cages with either a fungus-killed (but unsporulated) or uninfected cadaver. The insects were then observed periodically for the first 4 hr. After 24 hr, the cadavers were scored for the degree to which they had been consumed. Very few mycotic cadavers were fed upon by the healthy insects, and, at most only the tarsi were eaten. All four species generally refused to eat fungus-infected cadavers. In contrast, freeze-killed ca",https://doi.org/10.1673/031.013.12201,0,doi
1521,rayyan-628420270,Natural biocide disrupts nestmate recognition in honeybees,2019,"Cappa, Federico;Petrocelli, Iacopo;Dani, Francesca Romana;Dapporto, Leonardo;Giovannini, Michele;Silva-Castellari, Jeferson;Turillazzi, Stefano;Cervo, Rita",10.1038/s41598-019-38963-3,"[""http://europepmc.org/abstract/MED/30816211"", ""https://www.nature.com/articles/s41598-019-38963-3.pdf""]",Scientific reports,03-autodissemination-social,03-autodissemination-social|04-nontarget-ecotox,horizontal-spore-transfer|nontarget,Horizontal/social spore transfer pathway; Pollinator exposure or bee-related Bb biocontrol/nontarget context,wave2_gap_03_horizontal+gap_04_pollinator,high,accepted,,"Honeybee colonies are under the threat of many stressors, biotic and abiotic factors that strongly affect their survival. Recently, great attention has been directed at chemical pesticides, including their effects at sub-lethal doses on bee behaviour and colony success; whereas the potential side effects of natural biocides largely used in agriculture, such as entomopathogenic fungi, have received only marginal attention. Here, we report the impact of the fungus Beauveria bassiana on honeybee nestmate recognition ability, a crucial feature at the basis of colony integrity. We performed both behavioural assays by recording bee guards' response towards foragers (nestmate or non-nestmate) either exposed to B. bassiana or unexposed presented at the hive entrance, and GC-MS analyses of the cuticular hydrocarbons (CHCs) of fungus-exposed versus unexposed bees. Our results demonstrated that exposed bees have altered cuticular hydrocarbons and are more easily accepted into foreign colonies than controls. Since CHCs are the main recognition cues in social insects, changes in their composition appear to affect nestmate recognition ability at the colony level. The acceptance of chemically unrecognizable fungus-exposed foragers could therefore favour forager drift and disease spread across colonies.",https://doi.org/10.1038/s41598-019-38963-3,0,doi
379,rayyan-628415693,Optimization and efficacy of an autoinoculation device for managing Liriomyza sativae with Beauveria bassiana,2025,"Zhang, Qikai;Wang, Dengjie;Liang, Xinghui;Wang, Haihong;Lyu, Baoqian",,http://europepmc.org/abstract/AGR/IND609241699,Biological Control.,03-autodissemination-social,03-autodissemination-social|02c_formulation_delivery|02a_efficacy,autodissemination|formulation-delivery|efficacy,Autodissemination/disseminator/SIT or vectoring pathway; Trap/bait/lure/electrostatic delivery pathway; Formulation/carrier with trap/bait/device framing,wave1_narrow_signal,high,accepted,,"The leafminer Liriomyza sativae Blanchard (Diptera: Agromyzidae) is a significant pest damaging various agricultural and ornamental crops. Control is hindered by its resistance to multiple insecticides. This study aimed to develop and optimize an autoinoculation device specifically for controlling L. sativae and to assess the device's efficacy in field applications. The initial phase involved screening to identify a strain of Beauveria bassiana (Balsamo-Crivelli) Vuillemin that was highly virulent to L. sativae. After selection of the optimal strain, the attractant formulation was refined and the device design was optimized to maximize pest attraction and infection rates. Short- and long-term field trials were then conducted to evaluate the device's effectiveness in the control of pest populations. Results showed that the XJWLMQ-1 strain of B. bassiana had the highest rates of spore production, pest infection, and lethality to the targeted leafminer. The most effective attractant was a blend of trans-2-hexenal, cis-3-hexenol, 1-octen-3-ol, cis-3-hexenyl acetate, and -ionone in a 4:1:1:3:1 ratio at 0.8 g/L concentration. Optimal efficacy was achieved by positioning the attractant 20 cm from the fungal spores and 20 cm above the cowpea canopy. Both short- and long-term trials confirmed that the autoinoculation device was effective in controlling L. sativae populations, suggesting its effective use for biological control of the target pest.",http://europepmc.org/abstract/AGR/IND609241699,0,title
6151,rayyan-628433188,Pathogenicity of entomopathogenic fungi Metarhizium anisopliae and Beauveria bassiana (Hypocreales: Clavicipitaceae) isolates to the adult pea leafminer (Diptera: Agromyzidae) and prospects of an autoinoculation device for infection in the field,2010,"Migiro, LN;Maniania, NK;Chabi-Olaye, A;Vandenberg, J",10.1603/en09359,"[""http://europepmc.org/abstract/MED/20388276"", ""http://www.bioone.org/bioone/?request=get-abstract&issn=0046-225X&volume=039&issue=02&page=0468""]",Environmental entomology,03-autodissemination-social,03-autodissemination-social,autodissemination,Autodissemination/disseminator/SIT or vectoring pathway,reaudit_prior_relevant,high,accepted,1,"Seventeen isolates of Metarhizium anisopliae (Metschnikoff) Sorokin and three isolates of Beauveria bassiana (Balsamo) Vuillemin (Hypocreales: Clavicipitaceae) were evaluated for their pathogenicity to the adult pea leafminer, Liriomyza huidobrensis (Blanchard) (Diptera: Agromyzidae), in the laboratory. Flies were contaminated with dry conidia through a velvet material wrapped around the inner side of a cylindrical plastic tube. All the isolates were pathogenic to the pea leafminer, causing mortality between 40 and 100% at 5 d after exposure. The lethal time for 50% mortality (LT(50)) ranged from 2.6 to 5.4 d, whereas the LT(90) values varied between 3.2 and 9.1 d depending on the isolate. An autoinoculation device was evaluated in cage field experiments using only one of the virulent isolates, M. anisopliae ICIPE 20. The device was loaded with 2-3 g of dry conidia. Mortality of up to 100% was observed in flies captured from fungus-treated cages held under laboratory conditions. The average number of spores picked up by a single fly visiting the device increased with days after inoculation. One day after the inoculation, adults picked up an average of 4.1 +/- 0.7 x 10(5) conidia and 39.6 +/- 4.0 x 10(5) conidia 5 d after inoculation. Depending on the sampling date, the LT(50) varied between 1.8 and 3.4 d. Results indicate that some isolates of B. bassiana and M. anisopliae are highly pathogenic to L. huidobrensis, suggesting a potential for their use in the control of this pe",https://doi.org/10.1603/en09359,0,doi
1355,rayyan-628420086,Pathogenicity of three formulations of Beauveria bassiana and efficacy of autoinoculation devices and sterile fruit fly males for dissemination of conidia for the control of Ceratitis capitata,2017,"Toledo, Jorge;Flores, Salvador;Campos, Sergio;Villasenor, Antonio;Enkerlin, Walther;Liedo, Pablo;Valle, Alvaro;Montoya, Pablo",10.1111/eea.12608,"[""http://europepmc.org/abstract/AGR/IND605836419"", ""https://doi.org/10.1111/eea.12608""]",Entomologia Experimentalis et Applicata.,03-autodissemination-social,03-autodissemination-social,autodissemination,Autodissemination/disseminator/SIT or vectoring pathway,reaudit_prior_relevant,high,accepted,1,"This study reports the pathogenicity of three formulations of Beauveria bassiana (Balsamo) Vuillemin (Hypocreales) - Bb-ET, GHA, and Bb-AES - and their application in panel-type and cylinder-type autoinoculation devices, and using sterile males as vectors for the control of Ceratitis capitata (Wiedemann) (Diptera: Tephritidae) in coffee-producing areas of the Central Highlands of Guatemala. Using sterile adults of C. capitata under laboratory bioassays, mean lethal concentrations (LC50) of 1.4 107, 2.4 106, and 8.2 105 conidia ml1, and median survival times of 4.1 0.1, 4.2 0.1, and 3.8 0.1 days, were recorded for the strains GHA, Bb-AES, and Bb-ET, respectively. These values indicate that the three strains were sufficiently pathogenic and that their period of biological activity was considered adequate for using sterile flies as vectors of the inoculum. Observed percentages of sporulated wild C. capitata flies were 57.3, 44.7, and 44.3% for sterile fly vectors, panel devices, and cylinder devices, respectively. The total population reduction at the end of the study period was over 90% for the three treatments. Our results show that sterile males used as vectors or disseminator devices may represent a new control method for area-wide integrated management of Mediterranean fruit flies. The potential of this new approach and its integration with other control methods, including the sterile insect technique, is discussed.",https://doi.org/10.1111/eea.12608,0,doi
6147,rayyan-628433094,Physiological and Pathogenical Characterization of Beauveria bassiana and Metarhizium anisopliae Isolates for Management of Adult Spodoptera frugiperda,2019,"Guti??rrez-C??rdenas, Oscar Giovanni;Cortez-Madrigal, Hipolito;Malo, Edi A;G??mez-Ru??z, Jaime;Nord, Rineaud",,http://europepmc.org/abstract/AGR/IND606489546,Southwestern Entomologist,03-autodissemination-social,03-autodissemination-social,autodissemination|horizontal-spore-transfer,Autodissemination/disseminator/SIT or vectoring pathway; Horizontal/social spore transfer pathway,wave1_narrow_signal,high,accepted,,"To know the potential of entomopathogenic fungi for management of adults of Spodoptera frugiperda J.E. Smith (Lepidoptera: Noctuidae) using the auto-dissemination technique, three isolates of Beauveria bassiana (Balsamo-Crivelli) Vuillemin and six isolates of Metarhizium anisopliae (Metschnikoff) (Hypocreales: Clavicipitaceae) were characterized physiologically and pathogenically. At the time 50% of conidia germinated (GT50), pathogenicity, effect of relative humidity, and horizontal transmission of the entomopathogen male-female in three ratios (1:5, 1:10, 1:15) were evaluated. In addition, a preliminary device for auto-dissemination of the entomopathogen was evaluated. All isolates were pathogenic (33.3-100%) toward adults of the insect. Pathogenicity and TG50 were very correlated (r = 0.8) and fluctuated from 14.1 to 20.3 hours. Because of intermediate pathogenicity (68.7%) and varying response to humidity (62-100%), isolation of M. anisopliae Ma-San Rafel-2 was used for auto-dissemination bioassays. Transmission of the entomopathogen was a function of the number of females exposed. After 11 days, a male transmitted the fungus to 15 healthy females. The males released in devices prepared with fungus + synthetic sex pheromone were attracted, infected, and killed 5 to 8 days later. Our results are fundamental for management of S. frugiperda through auto-dissemination of entomopathogenic fungi.",http://europepmc.org/abstract/AGR/IND606489546,0,title
330,rayyan-628415621,Semifield evaluation of autodissemination systems in Aedes notoscriptus and Culex quinquefasciatus and laboratory analysis of In2Care formulation effects,2026,"Paris, Veronique;Bell, Nicholas;Hoffmann, Ary A",10.1093/jme/tjag078,"[""http://europepmc.org/abstract/MED/42228545"", ""https://doi.org/10.1093/jme/tjag078""]",Journal of medical entomology,03-autodissemination-social,03-autodissemination-social|02c_formulation_delivery,autodissemination|formulation-delivery,Autodissemination/disseminator/SIT or vectoring pathway; Formulation/carrier with trap/bait/device framing,wave2_gap_03_horizontal,high,accepted,,"Urban mosquito control needs targeted tools that suppress population breeding in cryptic container habitats while reducing reliance on broad-spectrum insecticides. Autodissemination devices exploit oviposition behavior to transfer the insect growth regulator pyriproxyfen to larval sites and may be enhanced by adulticidal agents such as the entomopathogenic fungus Beauveria bassiana. We compared semifield efficacy of In2Care(R) Mosquito Stations and INZECTO Mosquito OviTraps + INZECTO pyriproxyfen chips against Aedes notoscriptus and Culex quinquefasciatus. We subsequently quantified the adult survival effects of pyriproxyfen, B. bassiana, and their combined formulation (In2Mix) in Ae. notoscriptus. Semifield trials used 4 4 m mesh tents in replicate blocks; 50 females per tent were exposed to In2Care stations, INZECTO OviTraps + INZECTO pyriproxyfen chips, or untreated controls with four surrounding oviposition cups. Cup water was bioassayed for emergence inhibition and analyzed with beta-binomial GLMMs. Adult females were force-exposed to treated nettings (pyriproxyfen-only, B. bassiana-only, In2Mix, control) and survival was analyzed with Cox regression. In semifield trials, In2Care reduced adult emergence relative to controls (logit estimate = 1.892, P 0.0001) and was more effective than INZECTO (estimate = -0.990, P = 0.024); INZECTO also reduced adult emergence compared to controls (estimate = 0.902, P = 0.041). In laboratory assays, B. bassiana substantially increased",https://doi.org/10.1093/jme/tjag078,0,doi
2595,rayyan-628421438,Sexual performance and survival of males of Ceratitis capitata VIENNA 8 (Diptera: Tephritidae) inoculated with a commercial formulation of Beauveria bassiana,2022,"Ramirez y Ramirez, Francisco;Salvador-Figueroa, Miguel;Rosas-Quijano, Raymundo;Cruz-Lopez, Leopoldo;Toledo, Jorge;Quintero-Fong, Luis",,http://europepmc.org/abstract/AGR/IND607628548,Journal of Applied Entomology,03-autodissemination-social,03-autodissemination-social|02c_formulation_delivery,autodissemination|formulation-delivery,Autodissemination/disseminator/SIT or vectoring pathway; Formulation/carrier with trap/bait/device framing,wave1_narrow_signal,high,accepted,,"The Mediterranean fruit fly, Ceratitis capitata (Wiedemann) (Diptera: Tephritidae), is a polyphagous pest that feeds upon more than 300 host plants, including fruits and vegetables. To eradicate this pest, the Mexican program (Programa Moscamed) targeting fruit flies applied a novel approach that works with the sterile insect technique (SIT) by inoculating sterile flies with fungal spores of a commercial formulation of Beauveria bassiana (Balsamo) Vuillemin. Dissemination occurs through contact with the sterile insect with wild populations. However, the fungus is known to reduce the homeostatic condition of the vector (sexual and aggressive interactions) to the point that it affects physical contact with the receptor. The objective was to evaluate the effect of B. bassiana on the sexual performance and survival of sterile males of the C. capitata strain VIENNA 8. Mating competition, induction of sterility, production of the sexual pheromone and survival were compared between inoculated and non-inoculated sterile males. The parameters evaluated were fundamental to evaluate the success in the SIT. The results of the study indicated that the inoculated males with B. bassiana showed a gradual decrease in sexual performance (mating, induction of sterility and production of the sexual pheromone) and survival after treatment. We conclude that for SIT release programs, the effectiveness of targeted males is up to 5 days post-inoculation. The implications of this biological control me",http://europepmc.org/abstract/AGR/IND607628548,0,title
1175,rayyan-628419892,Simultaneous use of SIT plus disseminator devices of Beauveria bassiana enhances horizontal transmission in Anastrepha ludens,2020,"Montoya, Pablo;Flores, Salvador;Campos, Sergio;Liedo, Pablo;Toledo, Jorge",10.1111/jen.12766,"[""http://europepmc.org/abstract/AGR/IND607049243"", ""https://doi.org/10.1111/jen.12766""]",Journal of Applied Entomology,03-autodissemination-social,03-autodissemination-social|02c_formulation_delivery|02a_efficacy|04-nontarget-ecotox,autodissemination|formulation-delivery|efficacy|horizontal-spore-transfer|nontarget,Autodissemination/disseminator/SIT or vectoring pathway; Trap/bait/lure/electrostatic delivery pathway; Horizontal/social spore transfer pathway; Nontarget risk in delivery/product/horizontal Bb context,wave1_narrow_signal,high,accepted,,"Beauveria bassiana is an entomopathogenic fungus widely used to control different insect pests including Anastrepha ludens (Diptera: Tephritidae), a key pest of citrus and mangoes. Currently, to control this pest, sterile A. ludens males of the Tap-7 genetic sexing strain are released weekly by aircraft at a density of 1,000 males/ha as part of an integrated pest management programme (IPM) in Southern Mexico. Our objective here was to determine whether the sterile insect technique (SIT) could be enhanced by augmenting it with horizontal transmission of fungus conidia by using Beauveria bassiana disseminator devices (DBb) designed to distribute it with minimal impact on non-target species. Four treatments were established: DBb only, DBb + SIT, SIT only and untreated control, and fruit fly populations were monitored using two Multilure traps baited with 250 ml of CeraTrap per plot. We found that the presence of B. bassiana disseminator devices in areas where A. ludens sterile males were released resulted in higher proportions of infected wild fruit flies in the field, and that high relative humidity (rainy season) played an important role in the efficiency of horizontal conidia transmission to the wild populations. We conclude that the simultaneous use of both strategies (SIT + DBb) increases the conidia transmission to wild populations, and that this approach could be incorporated to an integrated pest management for the better suppression of fruit fly populations.",https://doi.org/10.1111/jen.12766,0,doi
6129,rayyan-628432686,"Sterile Male Peach Fruit Flies, Bactrocera zonata (Saunders) (Diptera: Tephritidae), as a Potential Vector of the Entomopathogen Beauveria bassiana (Balsamo) Vuillemin in a SIT Programme",2014,"Sookar, P;Alleck, M;Ahseek, N;Bhagwant, S",,http://europepmc.org/abstract/AGR/IND601242556,African entomology,03-autodissemination-social,03-autodissemination-social,autodissemination,Autodissemination/disseminator/SIT or vectoring pathway,wave1_narrow_signal,high,accepted,,"Tephritid fruit flies are serious pests in Mauritius, of which Bactrocera zonata (Saunders) (Diptera: Tephritidae) is one. One of the pathogens of fruit flies is Beauveria bassiana (Balsamo) Vuillemin; the introduction of this entomopathogen into the wild fly population would be beneficial for suppression of fruit fly populations. Five releases were made to study the dispersal behaviour and survival of sterile B. zonata males either treated or untreated with dry conidia of B. bassiana, in vegetable plantations bordered with papaya and mango trees in northern Mauritius from April 2010 to December 2012. The flies used were reared for 172 generations in the laboratory. Results showed that the dispersal behaviour and post-release survival were different for the two types of sterile males. Recapture rates of B. bassiana-treated sterile males (2.0 1.4 %) were significantly lower than those of untreated flies (6.2 5.5 %). However, the recapture rates for both types of males were within acceptable limits for release-recapture studies with mass-reared and irradiated fruit flies. Up to day 4 after release the percentage recovery of sterile B. zonata males untreated and treated with B. bassiana was 76 % and 81 %, respectively; 90 % of the recovered sterile flies from both groups were recovered up to 100 m from the release point, and only 4 % at a distance between 150 m and 200 m from the release point. Our results suggest that sterile B. zonata males could potentially be used as ve",http://europepmc.org/abstract/AGR/IND601242556,0,title
5452,rayyan-628425406,Susceptibility of Dendroctonus simplex to Hypocreales fungi: towards the development of a biological control strategy,2017,"Srei, N;Lavallee, R;Guertin, C",10.1111/jen.12361,"[""http://europepmc.org/abstract/AGR/IND605720477"", ""https://doi.org/10.1111/jen.12361""]",Journal of Applied Entomology,03-autodissemination-social,03-autodissemination-social,autodissemination,Autodissemination/disseminator/SIT or vectoring pathway,wave2_gap_03_horizontal,high,accepted,,"The use of Hypocreales fungi against bark beetles is an attractive alternative strategy for biological control in forestry. However, fungal inoculation methods remain a major challenge due to the cryptic behaviour of these beetles. Experiments were conducted to evaluate the susceptibility of adult eastern larch beetles, Dendroctonus simplex, to different isolates of Hypocreales fungi and to assess the efficiency of direct inoculation of fungal conidia using an assisted autodissemination device. Among the nine fungal isolates tested, Beauveria bassiana INRS-242 was selected as the utmost isolate causing a mortality rate of 64.4% of D. simplex adults within 10 days and having a high conidial viability of 81.7%. Using an assisted autodissemination device, a fungal-coated pouch was a promising contamination chamber. Once it had fallen onto the fungal-coated pouch, each D. simplex adult loaded an average lethal dose of 2.1 109 conidia, which induced a mortality rate of 98.0%. Our results demonstrated the fungal pathogenicity of B. bassiana INRS-242 against the eastern larch beetles and pointed out the potential of the assisted autodissemination device as an effective method of conidia inoculation. These findings represent the first step to develop a biological control strategy against D. simplex populations.",https://doi.org/10.1111/jen.12361,0,doi
234,rayyan-628415450,Temperature Effects on the Virulence and Horizontal Transmission of Beauveria bassiana Against Zeugodacus cucurbitae with SIR Model Analysis,2026,"Fu, Ying;Xie, Jingpeng;Zhou, Zhongshi;Fu, Lang;Wen, Jian;Cao, Fengqin",10.3390/insects17050475,https://app.dimensions.ai/details/publication/pub.1201238932,Insects,03-autodissemination-social,03-autodissemination-social,horizontal-spore-transfer,Horizontal/social spore transfer pathway,wave2_gap_03_horizontal,high,accepted,,"Entomopathogenic fungi are vital components of integrated pest management; however, environmental temperature is one of the key factors that limits their individual-level virulence, population-level transmission dynamics, and field efficacy. In this study, we isolated an indigenous fungal strain from a naturally infected Zeugodacus cucurbitae cadaver, and evaluated its biological characteristics, virulence, and horizontal transmission efficiency against Z. cucurbitae across 20-35 C. A temperature-driven Susceptible-Infected-Removed (SIR) epidemiological model was developed to simulate infection dynamics and predict its epizootic potential. Morphological and molecular (ITS) analyses identified the isolate as Beauveria bassiana, designated as strain WZS5. WZS5 exhibited notable thermotolerance. At 30 C, the strain displayed a short median germination time (7.7 h), high sporulation yield (1.1 108 conidia mL-1), and fast radial growth (4.8 mm d-1). Additionally, it showed substantial virulence with a median lethal concentration (LC50) of 1.32 107 conidia mL-1 and a median lethal time (LT50) of 5.28 days at a concentration of 1.0 108 conidia mL-1. Baseline biological activity was maintained even at 35 C. At 30 C, horizontal transmission was effective, yielding a cadaver sporulation rate of approximately 70.0%, a 4.0-day sporulation lag, and viable F sub",https://doi.org/10.3390/insects17050475,0,doi
2045,rayyan-628420845,"The Entomopathogenic Fungi Metarhizium anisopliae and Beauveria bassiana for Management of the Melon Fly Zeugodacus cucurbitae: Pathogenicity, Horizontal Transmission, and Compatability with Cuelure",2022,"Onsongo, Susan K;Mohamed, Samira A;Akutse, Komivi S;Gichimu, Bernard M;Dubois, Thomas",10.3390/insects13100859,"[""http://europepmc.org/abstract/MED/36292807"", ""https://www.mdpi.com/2075-4450/13/10/859/pdf?version=1663809200""]",Insects,03-autodissemination-social,03-autodissemination-social,horizontal-spore-transfer,Horizontal/social spore transfer pathway,wave1_narrow_signal,high,accepted,,"In the laboratory, the pathogenicity of thirteen isolates of Metarhizium anisopliae (Metschnikoff) Sorokin and two isolates of Beauveria bassiana (Balsamo) Vuillemin against the melon fly Zeugodacus cucurbitae (Coquillett) were assessed by exposing adults to 0.3 g of dry conidia (~3 109 conidia) of each isolate for 5 min and monitoring mortality for up to 5 days. Compatibility with a male pheromone, cuelure, (4-(p-acetoxyphenyl)-2-butanone), was determined by testing conidial germination and germ tube growth of the most promising isolate, M. anisopliae ICIPE 69, in the presence of cuelure at different temperatures. For horizontal transmission, the flies were separated by sex, separately exposed to M. anisopliae ICIPE 69, and subsequently mixed with non-exposed flies from the other sex. The most pathogenic isolates were M. anisopliae ICIPE 69, 18, and 30, causing mortalities of 94, 87, and 81%, with 5 days post-exposure, respectively. Metarhizium anisopliae ICIPE 69 caused the highest pupal mortality of 74%, with 15 days post-exposure. Horizontal transmission of M. anisopliae ICIPE 69 among male and female Z. cucurbitae was confirmed by 59 and 67% mortality after exposure to infected donor males and females, respectively. Metarhizium anisopliae ICIPE 69 affected the oviposition, but not hatchability, of infected Z. cucurbitae females. Metarhizium anisopliae ICIPE 69 is, ther",https://doi.org/10.3390/insects13100859,0,doi
1450,rayyan-628420192,Transmission of Metarhizium anisopliae and Beauveria bassiana to adults of Kuschelorhynchus macadamiae (Coleoptera: Curculionidae) from infected adults and conidiated cadavers,2021,"Khun, Kim Khuy;Ash, Gavin J;Stevens, Mark M;Huwer, Ruth K;Wilson, Bree A L",10.1038/s41598-021-81647-0,"[""http://europepmc.org/abstract/MED/33500474"", ""https://www.nature.com/articles/s41598-021-81647-0.pdf""]",Scientific reports,03-autodissemination-social,03-autodissemination-social,horizontal-spore-transfer,Horizontal/social spore transfer pathway,wave2_gap_03_horizontal,high,accepted,,"Kuschelorhynchus macadamiae is a major pest of macadamias in Australia, causing yield losses of up to 15%. Our previous studies have shown the weevil is susceptible to Beauveria bassiana and Metarhizium anisopliae. The aim of this study was to investigate horizontal transmission of both fungal species to healthy weevils from both infected adults and weevil cadavers. In a confined environment the mortality of healthy adults caused by the transmission of conidia from live fungus-infected adults was 50%. Under similar experimental conditions, the mortality of healthy adults reached 100% when exposed to conidiated cadavers. However, when conidiated cadavers were used in more spacious environments (insect cages), the mortality of adults was 80%. Using scanning electron microscopy, it was observed that all healthy adults had conidia attached to all external parts of the body. This suggests that although the conidia were readily transferred to the adults, the lower mortality in the larger insect cages could be the result of an unfavourable environmental factor such as low humidity. The presence of conidia attached to all the adults indicated that they did not show any discriminatory behaviour such as avoidance of conidiated cadavers infected by these two fungal species. The results from this study show that there is potential for enhanced control of adult K. macadamiae via transmission from either fungus-infected adults or conidiated cadavers and this could strengthen sustainabl",https://doi.org/10.1038/s41598-021-81647-0,0,doi
1957,rayyan-628420751,Virulence and horizontal transmission of Metarhizium anisopliae by the adults of the greenhouse whitefly Trialeurodes vaporariorum (Hemiptera: Aleyrodidae) and the efficacy of oil formulations against its nymphs,2021,"Paradza, Vongai M;Khamis, Fathiya M;Yusuf, Abdullahi A;Subramanian, Sevgan;Akutse, Komivi S",10.1016/j.heliyon.2021.e08277,"[""http://europepmc.org/abstract/MED/34765790"", ""https://doi.org/10.1016/j.heliyon.2021.e08277""]",Heliyon,03-autodissemination-social,03-autodissemination-social,horizontal-spore-transfer,Horizontal/social spore transfer pathway,wave2_gap_03_horizontal,high,accepted,,"The pathogenicity of dry conidia and fungal suspensions of 16 entomopathogenic fungal isolates (10 Metarhizium anisopliae and six Beauveria bassiana) was evaluated against adults and second instar nymphs of the greenhouse whitefly, Trialeurodes vaporariorum respectively. All the tested isolates were pathogenic to T. vaporariorum and caused mortality of 45-93% against the adults and 24-89% against the nymphs. However, M. anisopliae strains showed higher virulence to both developmental stages as compared to B. bassiana strains. The three most virulent isolates that caused high mortalities in adults were M. anisopliae ICIPE 18, ICIPE 62 and ICIPE 69, with cumulative mortalities of 82, 91 and 93%, and median lethal times (LT50) of 5.20, 5.05 and 4.78 days, respectively. These isolates were further assessed for spore acquisition and retention by the adult insects at 0, 24, 48 and 72 h after exposure to dry conidia spores. There was no significant difference among isolates on their acquisition by the insects, although the effect of time on the number of spores retained by each insect was significant. For M. anisopliae ICIPE 62 and ICIPE 69, spore number was significantly higher immediately after exposure at 0 h than at 24, 48 and 72 h, whereas for M. anisopliae ICIPE 18, the spore number remained constant for all the days. The infected 'donor' insects were able to horizontally transmit the acquired spores to",https://doi.org/10.1016/j.heliyon.2021.e08277,0,doi
6104,rayyan-628432098,dsRNA-mediated interference with RcGRPs significantly reduced the resistance of Reticulitermes chinensis Snyder (Blattodea: Termitidae) to pathogens.,2026,Xiong Y;Jiang D;Tang F,10.1002/ps.71081,https://pubmed.ncbi.nlm.nih.gov/42415550/,Pest management science,03-autodissemination-social,03-autodissemination-social,horizontal-spore-transfer,Horizontal/social spore transfer pathway,wave2_gap_03_horizontal,high,accepted,,"BACKGROUND: Reticulitermes chinensis Snyder (Blattodea: Termitidae) is a highly destructive social insect. In comparison with traditional chemical control, pathogen-based microbial control provides benefits, including environmental friendliness, although its application is frequently constrained by the robust immune system of termites. -1,3-glucan recognition proteins (GRPs), a key class of pattern recognition receptors, play a central role in initiating insect immune responses. Therefore, we investigated the functions of RcGRPs in R. chinensis against infection by three pathogenic microbes, aiming to elucidate the molecular mechanism by which RcGRPs mediate the immune defense of this termite against pathogen invasion. RESULTS: This study investigated the functions of RcGRP1 and RcGRP2 in R. chinensis regarding defense against infections caused by Bacillus thuringiensis (Bt), Serratia marcescens (SM1), and Beauveria bassiana (Bb). The results showed that pathogenic infections induced upregulation of RcGRP1 and RcGRP2. Following interference with these two genes, the expression of multiple immune genes downstream of the Toll pathway was variably altered. Additionally, interference with RcGRPs resulted in a significant decrease in the frequency of mutual allogrooming behavior among termites. Furthermore, as RcGRPs were interfered with, the resistance of R. chinensis to pathogens significantly decreased. CONCLUSION: These findings suggest that the functions of RcGRPs",https://doi.org/10.1002/ps.71081,0,doi
475,rayyan-628415890,A laboratory evaluation to determine the compatibility of microbiological control agents with the pollinator Bombus terrestris,2009,"Mommaerts, Veerle;Sterk, Guido;Hoffmann, Lucien;Smagghe, Guy",10.1002/ps.1778,https://app.dimensions.ai/details/publication/pub.1036735186,Pest Management Science,04-nontarget-ecotox,04-nontarget-ecotox|01-existing-products,existing-products|nontarget,Named commercial Bb product or registry/approval product record; Pollinator exposure or bee-related Bb biocontrol/nontarget context,wave1_narrow_signal,high,accepted,,"BACKGROUND: This study was undertaken to identify any potential adverse side effects of the use of seven microbiological control agents (MCAs) on the bumblebee, Bombus terrestris L., in the context of combined use in integrated pest management (IPM). AQ10 (Ampelomyces quisqualis), Binab-T-vector (Hypocrea parapilulifera + T. atroviride; 1/1), Prestop-Mix (Gliocladium catenulatum J1446), Serenade (Bacillus subtilis QST713), Trianum-P (Trichoderma harzianum T22), Botanigard (Beauveria bassiana GHA) and Granupom (Cydia pomonella granulovirus), comprising five biofungicides and two bioinsecticides, were investigated. Bumblebee workers were exposed under laboratory conditions to each MCA at its maximum field recommended concentration (MFRC) via three different routes of exposure: dermal contact and orally via either treated sugar water or pollen.",https://doi.org/10.1002/ps.1778,0,doi
4365,rayyan-628423313,Antimicrobial activity of a honeybee (Apis cerana) venom Kazal-type serine protease inhibitor,2013,"Kim, Bo Yeon;Lee, Kwang Sik;Zou, Feng Ming;Wan, Hu;Choi, Yong Soo;Yoon, Hyung Joo;Kwon, Hyung Wook;Je, Yeon Ho;Jin, Byung Rae",10.1016/j.toxicon.2013.09.017,"[""http://europepmc.org/abstract/MED/24076031"", ""https://doi.org/10.1016/j.toxicon.2013.09.017""]",Toxicon : official journal of the International Society on Toxinology,04-nontarget-ecotox,04-nontarget-ecotox,nontarget,Pollinator exposure or bee-related Bb biocontrol/nontarget context,wave1_narrow_signal,high,accepted,,"Insect-derived Kazal-type serine protease inhibitors exhibit thrombin, elastase, plasmin, proteinase K, or subtilisin A inhibition activity, but so far, no functional roles for bee-derived Kazal-type serine protease inhibitors have been identified. In this study, a bee (Apis cerana) venom Kazal-type serine protease inhibitor (AcKTSPI) that acts as a microbial serine protease inhibitor was identified. AcKTSPI contained a single Kazal domain that displayed six conserved cysteine residues and a P1 threonine residue. AcKTSPI was expressed in the venom gland and was present as a 10-kDa peptide in bee venom. Recombinant AcKTSPI Kazal domain (AcKTSPI-Kd) expressed in baculovirus-infected insect cells demonstrated inhibitory activity against subtilisin A (Ki 67.03 nM) and proteinase K (Ki 91.53 nM), but not against -chymotrypsin or trypsin, which implies a role for AcKTSPI as a microbial serine protease inhibitor. However, AcKTSPI-Kd exhibited no detectable inhibitory effects on factor Xa, thrombin, tissue plasminogen activator, or elastase. Additionally, AcKTSPI-Kd bound directly to Bacillus subtilis, Bacillus thuringiensis, Beauveria bassiana, and Fusarium graminearum but not to Escherichia coli. Consistent with these findings, AcKTSPI-Kd showed antibacterial activity against Gram-positive bacteria and antifungal activity against both plant-pathogenic and entomopathogenic fungi. These findings constitute molecular evidence that AcKTSPI acts as an inhibitor of microbial serine prot",https://doi.org/10.1016/j.toxicon.2013.09.017,0,doi
3781,rayyan-628422714,Apolipophorin III from honeybees (Apis cerana) exhibits antibacterial activity,2015,"Kim, Bo Yeon;Jin, Byung Rae",10.1016/j.cbpb.2014.11.010,"[""http://europepmc.org/abstract/MED/25483322"", ""https://doi.org/10.1016/j.cbpb.2014.11.010""]","Comparative biochemistry and physiology. Part B, Biochemistry & molecular biology",04-nontarget-ecotox,04-nontarget-ecotox,nontarget,Pollinator exposure or bee-related Bb biocontrol/nontarget context,wave1_narrow_signal,high,accepted,,"Apolipophorin III (apoLp-III) is involved in lipid transport and innate immunity in insects. In this study, an apoLp-III protein that exhibits antibacterial activity was identified in honeybees (Apis cerana). A. cerana apoLp-III cDNA encodes a 193 amino acid sequence that shares high identity with other members of the hymenopteran insect apoLp-III family. A. cerana apoLp-III is expressed constitutively in the fat body, epidermis, and venom gland and is detected as a 23-kDa protein. A. cerana apoLp-III expression is induced in the fat body after injection with Escherichia coli, Bacillus thuringiensis, or Beauveria bassiana. However, recombinant A. cerana apoLp-III (expressed in baculovirus-infected insect cells) binds directly to E. coli and B. thuringiensis but not to B. bassiana. Consistent with these findings, A. cerana apoLp-III exhibited antibacterial activity against both Gram-negative and Gram-positive bacteria. These results provide insight into the role of A. cerana apoLp-III during the innate immune response following bacterial infection.",https://doi.org/10.1016/j.cbpb.2014.11.010,0,doi
5140,rayyan-628424756,"Bio-pesticide applications may impair the pollination services and survival of foragers of honey bee, Apis cerana Fabricius in oilseed brassica.",2019,Challa GK;Firake DM;Behere GT,10.1016/j.envpol.2019.03.048,https://pubmed.ncbi.nlm.nih.gov/30933757/,"Environmental pollution (Barking, Essex : 1987)",04-nontarget-ecotox,04-nontarget-ecotox,nontarget,Pollinator exposure or bee-related Bb biocontrol/nontarget context,wave1_narrow_signal,high,accepted,,"Honey bees and brassica plants are co-evolved and due to the peculiar floral characters, mustard (Brassica juncea) plants are strongly dependent on bees for survival. Mustard is one of the most important oilseeds across the world. Insect pests often cause huge economic losses in mustard and their management, especially during flowering stage is very crucial to achieve maximum yield, although this step often displays undesirable effects on the foraging bees. Effects of synthetic pesticides on bees are widely documented and extensively reported. Although the numbers of pesticides/bio-pesticides are widely used in oilseed brassica's, the reports are mostly focused on neonicotinoids. To identify the bee-friendly pesticides, the study was conducted in two tier approach (i.e. laboratory and field conditions) and determined the potential impacts of widely used biopesticides on Asiatic honey bees, Apis cerana Fabricius. The LC(50), LC(90) and LD(50) were determined for four destructive pests and honey bees, to assess their risk against honey bees. In laboratory studies, LC(50's) of pesticides to the honey bee was in the order of Beauveria bassiana 1.5L (4.79%) Bacillus thuriengiensis 8SP (1.67%) Azadirachtin 0.03 EC (1.64%) Annonin 1 EC (1.22%) Spinosad 2.5 SC (0.006%) Imidacloprid 17.8SL (0.005%). Based on three essential risk assessment criteria's (viz., Selectivity ratio, Probit substitution method (%) and Hazard Ratio/Risk quotient); the Azadirachtin, Anonnin, B. bassi",https://doi.org/10.1016/j.envpol.2019.03.048,0,doi
6128,rayyan-628432676,Biological control of Lygus lineolaris (Hemiptera: Miridae) and Frankliniella occidentalis (Thysanoptera: Thripidae) by Bombus impatiens (Hymenoptera: Apidae) vectored Beauveria bassiana in greenhouse sweet pepper,2006,"Al-mazra'awi, MS;Shipp, L;Broadbent, B;Kevan, P",10.1016/j.biocontrol.2005.11.014,"[""http://europepmc.org/abstract/AGR/IND43803075"", ""http://atrium.lib.uoguelph.ca/xmlui/bitstream/10214/2403/4/2006_Al-mazraawi_et_al_2006_Biological_Control.pdf""]",Biological Control.,04-nontarget-ecotox,04-nontarget-ecotox,nontarget,Pollinator exposure or bee-related Bb biocontrol/nontarget context,wave1_narrow_signal,high,accepted,,"The ability of bumble bees to disseminate conidia of Beauveria bassiana (Balsamo) Vuillemin from hive-mounted dispensers to greenhouse sweet peppers for the control of tarnished plant bug (TPB) and western flower thrips (WFT) was investigated in greenhouse trials using large screened enclosures. Samples collected from the enclosures (four treatments) on two sampling dates showed that 97, 90, 91, and 42% of the collected bees, flowers, leaves, and TPB, respectively, showed detectable densities of B. bassiana on the first sampling date. On the second sampling date, 99, 96, 87, and 30% of collected bees, flowers, leaves, and TPB, respectively, showed detectable densities of the fungus. Mean mortalities of TPB collected from cages treated with B. bassiana were 34 and 45% compared to 9 and 15% in the controls on the first and second sampling dates, respectively. Mean infection rates of WFT were 40 and 34% compared to 3% in the controls on the first and second sampling dates, respectively. These results indicate that bumble bees are an effective means of vectoring the fungal conidia to the crop. The pollinator vector technology is a novel example of integrating agro-ecosystem processes of pollination and pest management, that reduces the reliance on insecticides and increases crop yields and quality.",https://doi.org/10.1016/j.biocontrol.2005.11.014,0,doi
1259,rayyan-628419984,Co-vectoring of Beauveria bassiana and Clonostachys rosea by bumble bees (Bombus impatiens) for control of insect pests and suppression of grey mould in greenhouse tomato and sweet pepper,2008,"Kapongo, JP;Shipp, L;Kevan, P;Sutton, JC",10.1016/j.biocontrol.2008.05.008,"[""http://europepmc.org/abstract/AGR/IND44119713"", ""https://doi.org/10.1016/j.biocontrol.2008.05.008""]",Biological Control.,04-nontarget-ecotox,04-nontarget-ecotox|01-existing-products,existing-products|nontarget,Named commercial Bb product or registry/approval product record; Pollinator exposure or bee-related Bb biocontrol/nontarget context,wave1_narrow_signal,high,accepted,,"Greenhouse cage trials were conducted to assess the effectiveness of bumble bee pollinators for the co-vectoring of two fungi (Beauveria bassiana [Balsamo] Vuillemin [BotaniGard 22WP(R) formulation] and Clonostachys rosea Lnk: Fr. [Endofine(R)]), in greenhouse tomato and sweet pepper for control of insect pests (greenhouse whitefly, Trialeurodes vaporariorum Westwood; and tarnished plant bug, Lygus lineolaris [Palisot de Beauvois]), and grey mould (Botrytis cinerea Pers: Fr.). Three treatments were evaluated: 6.24 x 10(10) conidia of B. bassiana + 1.38 x 10(7) conidia of C. rosea/g of inoculum vectored by bees (active inoculum); heat-inactivated inoculum vectored by bees; and a control with no inoculum and no bees. In each crop, the treatments were arranged in a completely randomized block design with four replications. When applied in the tomato crop, the active inoculum killed 49% of the T. vaporariorum and suppressed grey mould by 57% and 46%, respectively, on the flowers and leaves. In sweet pepper, mortality of L. lineolaris was 73% and grey mould was suppressed by 59% and 47%, respectively, on the flowers and leaves in the active inoculum treatment. The incidence of grey mould in sweet pepper and tomatoes treated with the heat-inactivated inoculum or no inoculum (control) was approximately 80% on the flowers and leaves. Thus, the combined inoculum of B. bassiana and C. rosea can potentially control T. vaporariorum and L. lineolaris, and suppress grey mould in greenhouse tom",https://doi.org/10.1016/j.biocontrol.2008.05.008,0,doi
212,rayyan-628415421,Colony heating protects honey bee populations from a risk of contact with wide-spectrum Beauveria bassiana insecticides applied in the field,2020,"Peng, Guoxiong;Tong, Sen-Miao;Zeng, Deyu;Xia, Yuxian;Feng, Ming-Guang",10.1002/ps.5803,https://app.dimensions.ai/details/publication/pub.1125106622,Pest Management Science,04-nontarget-ecotox,04-nontarget-ecotox,nontarget,Pollinator exposure or bee-related Bb biocontrol/nontarget context,wave2_gap_04_pollinator,high,accepted,,"BACKGROUND: The safety of fungal insecticides to apiculture is a public concern but remains poorly understood. This study seeks to evaluate whether, how and why wide-spectrum Beauveria bassiana insecticides are safe to honey bees in a novel assessment system.",https://doi.org/10.1002/ps.5803,0,doi
4283,rayyan-628423230,Development of Beauveria bassiana dry formulation for vectoring by honey bees Apid mellifera (Hymenoptera: Apidae) to the flowers of crops for pest control,2007,"Al-Mazra'Awi, MS;Kevan, PG;Shipp, L",10.1080/09583150701484759,"[""http://europepmc.org/abstract/AGR/IND43975270"", ""https://doi.org/10.1080/09583150701484759""]",Biocontrol science and technology.,04-nontarget-ecotox,04-nontarget-ecotox,nontarget,Pollinator exposure or bee-related Bb biocontrol/nontarget context,wave1_narrow_signal,high,accepted,,"Using bee pollinators as a means for the dissemination of microbial control agents, such as Beauveria bassiana, against insect pests of agricultural crops is a novel and interesting approach to biological control. In four laboratory trials, one in Canada and three in Jordan, factors affecting the acquisition of B. bassiana by honey bees were evaluated using hive-mounted inoculum dispensers. The numbers of conidia carried by bees emerging from the dispensers differed according to the type of carrier used. Bees that passed through corn flour acquired more inoculum than did those that walked through wheat flour, durum semolina, corn meal, potato starch, potato flakes, oat flour or barley flour. The numbers of conidia acquired by the bees increased with decreasing particle size and moisture content of the carrier, and with increasing density of B. bassiana conidia in the formulation. Time required for a bee to pass through the dispenser did not significantly affect the acquisition of conidia. This study indicated that honeybees (Apis mellifera carnica) have a great potential for vectoring B. bassiana in crop systems. It also opens more avenues for studies on bee delivery of other microbial biological control agents.",https://doi.org/10.1080/09583150701484759,0,doi
5049,rayyan-628424274,"Different toxic and hormetic responses of Bombus impatiens to Beauveria bassiana, Bacillus subtilis and spirotetramat.",2013,Ramanaidu K;Cutler GC,10.1002/ps.3456,https://pubmed.ncbi.nlm.nih.gov/23281229/,Pest management science,04-nontarget-ecotox,04-nontarget-ecotox,nontarget,Pollinator exposure or bee-related Bb biocontrol/nontarget context,wave1_narrow_signal,high,accepted,,"BACKGROUND: Pollinator exposure to pesticides is a concern in agricultural systems that depend on pollinators for crop production. However, not all pesticides elicit toxic effects, and response to a pesticide will vary depending on dose and exposure route. The effects of biopesticide formulations of Bacillus subtilis and Beauveria bassiana and of the tetramic acid insecticide spirotetramat on the common eastern bumblebee, Bombus impatiens, were evaluated. Microcolonies of bees were exposed to field-rate or lower concentrations, and data were collected over 60 days. RESULTS: When ingested, field rates of spirotetramat caused high mortality after 10 days, and B. subtilis significantly reduced drone production, number of days to oviposition and number of days to drone emergence. Converse to effects observed following ingestion, topical applications of B. subtilis at concentrations less than the recommended field rate resulted in a hormetic response, with significantly increased drone production. Topical application of spirotetramat and oral or topical application of B. bassiana had no effects on bees. CONCLUSIONS: Spirotetramat and B. subtilis can induce adverse effects on B. impatiens, but hormetic effects following B. subtilis treatment can also occur, depending on exposure route. Additional experiments are required to determine whether similar toxic or hormetic effects occur under more realistic field conditions.",https://doi.org/10.1002/ps.3456,0,doi
3089,rayyan-628422003,"Duration and spread of an entomopathogenic fungus, Beauveria bassiana (Deuteromycota: Hyphomycetes), used to treat varroa mites (Acari: Varroidae) in honey bee (Hymenoptera: Apidae) hives",2007,"Meikle, WG;Mercadier, G;Holst, N;Nansen, C;Girod, V",10.1603/0022-0493(2007)100[1:dasoae]2.0.co;2,"[""http://europepmc.org/abstract/MED/17370802"", ""https://doi.org/10.1093/jee/100.1.1""]",Journal of economic entomology,04-nontarget-ecotox,04-nontarget-ecotox,nontarget,Pollinator exposure or bee-related Bb biocontrol/nontarget context,reaudit_prior_relevant,high,accepted,1,"A strain of the fungus Beauveria bassiana (Balsamo) Vuillemin (Deuteromycota: Hyphomycetes) isolated from varroa mites, Varroa destructor Anderson & Trueman (Acari: Varroidae), was used to treat honey bees, Apis mellifera L. (Hymenoptera: Apidae), against varroa mites in southern France. Fungal treatment caused a significant increase in the percentage of infected varroa mites compared with control treatments in two field experiments. In the first experiment, hives were treated with a formulation containing 0.37 g of B. bassiana conidia per hive and in the second experiment with a dose of 1.0 g of conidia per hive. The percentage of infected varroa mites also increased in the nontreated (control) hives, suggesting a movement of conidia, probably via bee drift, among the hives. Mite fall was significantly higher among treated hives compared with control hives on the sixth and eighth days after treatment in the first experiment. These days correspond to previously published data on the median survivorship of mites exposed to that fungal solate. The interaction of treatment and date was significant in the second experiment with respect to mite fall. Increases in colony-forming unit (cfu) density per bee were observed in all treatments but were significantly higher among bees from treated hives than control hives for at least a week after treatment. The relationship between cfu density per bee and proportion infected was modeled using a sigmoid curve. High levels of infection ( 80",https://doi.org/10.1603/0022-0493(2007)100[1:dasoae]2.0.co;2,0,doi
2667,rayyan-628421531,Effect of Bee-Borne Entomopathogenic Fungi and Essential Oils in Controlling Cyclamen Mite on Strawberries,2024,"KOTOMALE, Morel Libere Comlan;Kapongo, Jean Pierre;Lubusu, Alphonsine Muzinga Bin;Simo Nana, Romuald;Tokam, Donald Rostand Fopie;Mboussou, Grace Suzert Nottin",10.20944/preprints202408.0225.v1,"[""http://europepmc.org/abstract/PPR/PPR895311"", ""https://doi.org/10.20944/preprints202408.0225.v1""]",,04-nontarget-ecotox,04-nontarget-ecotox,nontarget,Pollinator exposure or bee-related Bb biocontrol/nontarget context,wave1_narrow_signal,high,accepted,,"The cyclamen mite, Phytonemus pallidus, is one of the important pests in strawberry cultivation in Canada. This insect pest hides on young strawberry leaves that have not yet opened, which limits their control. In addition, the fight against the latter involves the use of synthetic chemicals that are not without effect on the environment, human health and beneficial organisms. We hypothesized that vectorization by bees could reduce the number of applications, product runoff and provide targeted control of these pathogens. To do this, field trials were conducted to evaluate the effectiveness of bumblebees Bombus terrestris in propagating Beauveria bassiana to control this pest. Our results showed that bumblebees were able to disseminate the inoculum on strawberry plants. Also, all the products used (B. bassiana and neem oil) were effective on P. pallidus. It should be noted that high mortality has been noted on this pest thanks to the application of this entomopathogen by spraying. In addition, neither of the two products tested had a significant effect on lady beetles C. septempunctata. These results therefore suggest the use of bee vectoring and neem essential oils in the sustainable management of strawberry mites.",https://doi.org/10.20944/preprints202408.0225.v1,0,doi
5120,rayyan-628424683,Effect of Three Entomopathogenic Fungi on Three Species of Stingless Bees (Hymenoptera: Apidae) Under Laboratory Conditions.,2016,Toledo-Hernandez RA;Ruiz-Toledo J;Toledo J;Sanchez D,10.1093/jee/tow064,https://pubmed.ncbi.nlm.nih.gov/27151469/,Journal of economic entomology,04-nontarget-ecotox,04-nontarget-ecotox,nontarget,Pollinator exposure or bee-related Bb biocontrol/nontarget context,wave1_narrow_signal,high,accepted,,"Development of alternative strategies for pest control with reduced effect on beneficial organisms is a priority given the increasing global loss of biodiversity. Biological control with entomopathogenic fungi arises as a viable option to control insect pests. However, few studies have focused on the consequences of using these organisms on pollinators other than the honey bee ( Apis mellifera L.) or bumble bees ( Bombus spp). We evaluated the pathogenicity of commercial formulations of three widely used entomopathogenic fungi, Metarhizium anisopliae (Metschnikoff) Sorokin, Beauveria bassiana Vuillemin, and Isaria fumosorosea (Wize), to three species of stingless bees: Tetragonisca angustula Latreille, Scaptotrigona mexicana Guerin-Meneville, and Melipona beecheii Bennett. Bioassays consisted of exposing groups of bees to the recommended field concentration of each fungus using a microspray tower under laboratory conditions. Susceptibility to fungi varied greatly among species . Isaria fumosorosea (strain Ifu-lu 01) and the two formulations of B. bassiana (Bea-TNK and BotanicGard) caused 30.3% mortality in all bee species. Metarhizium anisopliae (Meta-TNK and strain Ma-lu 01) was highly active against T. angustula (94.2% mortality) and moderately active against M. beecheii (53.0% mortality) and S. mexicana (38.9% mortality). Though our laboratory-derived results suggest a moderate to high impact of these entomopathogenic fungi on stingless bees, further field studies are re",https://doi.org/10.1093/jee/tow064,0,doi
1281,rayyan-628420007,"Efficacy of two fungus-based biopesticide against the honeybee ectoparasitic mite, Varroa destructor",2013,"Ahmed, Abdelaal A;Abd-Elhady, Hany K",10.3923/pjbs.2013.819.825,"[""http://europepmc.org/abstract/MED/24498835"", ""https://doi.org/10.3923/pjbs.2013.819.825""]",Pakistan journal of biological sciences : PJBS,04-nontarget-ecotox,04-nontarget-ecotox,nontarget,Pollinator exposure or bee-related Bb biocontrol/nontarget context,wave1_narrow_signal,high,accepted,,"The varroa mite, Varroa destructor (Anderson and Trueman) (Acari: Varroidae), is known as the most serious ectoparasitic mite on honeybee, Apis mellifera (Hymenoptera: Apidae) in the world. Based on the spores of entomopathogenic fungi, two commercial preparations; Bioranza (Metarhizium anisopliae) and Biovar (Beauveria bassiana) were evaluated through application into the hives against varroa mite. Data showed significant differences between treatments with Bioranza and Biovar, the results were significant after 7 and 14 days post-treatment. Mean a daily fallen mite individual was significantly different between the hives before and after the applications of the two biopesticides and wheat flour. Also, mites' mortality was, significantly, different between the hives before and after treatments. There were significant differences between treatments with the two biopesticides in worker's body weight. Bioranza and Biovar did not infect the honeybee in larval, prepupal, pupal and adult stages. Scanning and transmission electron microscopy images showed spores and hyphae penetration through stigma and wounds on varroa. The results suggest that Bioranza and Biovar are potentially are effective biopesticides against V. destructor in honeybee colonies.",https://doi.org/10.3923/pjbs.2013.819.825,0,doi
4436,rayyan-628423387,"Entomopathogenic fungi as potential biocontrol agents of the ecto-parasitic mite, Varroa destructor, and their effect on the immune response of honey bees (Apis mellifera L.)",2012,"Hamiduzzaman, Mollah Md;Sinia, Alice;Guzman-Novoa, Ernesto;Goodwin, Paul H",10.1016/j.jip.2012.09.001,"[""http://europepmc.org/abstract/MED/23000027"", ""https://doi.org/10.1016/j.jip.2012.09.001""]",Journal of invertebrate pathology,04-nontarget-ecotox,04-nontarget-ecotox,nontarget,Pollinator exposure or bee-related Bb biocontrol/nontarget context,wave1_narrow_signal,high,accepted,,"Three isolates of each of the entomopathogenic fungi, Metarhizium anisopliae, Beauveria bassiana and Clonostachys rosea, were assessed for their pathogenicity to the honey bee parasitic mite, Varroa destructor. The fungi were applied to varroa mites by immersing them in a spore solution, and then the inoculated mites were placed on honey bee brood inside capped cells. At 7 days post inoculation (dpi), the three fungi caused significant varroa mortality compared to non-inoculated mites. In brood treated only with varroa mites, expression of the honey bee genes, hymenoptaecin and poly U binding factor 68 Kd (pUf68), decreased over time, while expression of blue cheese (BlCh) and single minded (SiMd) was not affected. In brood inoculated directly only with M. anisopliae or B. bassiana, the emerged adults showed reduced weight indicating infection by the fungi, which was confirmed by observation of hyphae in the brood. Fungal infection of the brood resulted in increased expression of hymenoptaecin, pUf68 and BlCh, but not SiMd. In brood treated with varroa mites that had been inoculated with the fungi, expression of hymenoptaecin, pUf68 and BlCh, but not SiMd, was even more up-regulated. While varroa mites can suppress gene expression in honey bee brood, varroa mites infected with entomopathogenic fungi induced their expression. This may be due to a low level of fungal infection of the bee, which negated the immunosuppression by the mites. Therefore, entomopathogenic fungi could",https://doi.org/10.1016/j.jip.2012.09.001,0,doi
6081,rayyan-628431886,"Evaluation of Oregano (Lippia berlandieri) Essential Oil and Entomopathogenic Fungi for Varroa destructor1 Control in Colonies of Honey Bee, Apis mellifera2",2016,"Romo-Chacon, Alejandro;Martinez-Contreras, Liz J;Molina-Corral, F Javier;Acosta-Muniz, Carlos H;Rios-Velasco, Claudio;Leon-Door, Adrian Ponce de;Rivera, Raul",,http://europepmc.org/abstract/AGR/IND605588787,Southwestern Entomologist,04-nontarget-ecotox,04-nontarget-ecotox,nontarget,Pollinator exposure or bee-related Bb biocontrol/nontarget context,wave1_narrow_signal,high,accepted,,"Potential of organic compounds to control Varroa destructor Anderson & Trueman, on honey bee, Apis mellifera L. colonies was evaluated at Cuauhtemoc, Chihuahua, Mexico (282653N, 1064946W). Treatments were 1.16, 1.33, and 1.50 ml of oregano pure oil (carvacrol 60%); a mixture of oregano oil (7, 8, and 9% carvacrol) with canola oil (v/v); and as a biological control agent, native strains of Beauveria bassiana and Metarhizium anisopliae (108 CFU/g). The efficacy of organic compounds and biological agents was compared with that of amitraz (1%) to eliminate mites from infested colonies of honey bees. In two assays, amitraz was significantly (P 0.01) the most effective acaricide, with a mean efficacy of 97% in eliminating V. destructor from infested honey bee colonies. However, the most effective organic compound after amitraz in killing V. destructor was 1.16 and 1.5 ml of oregano pure oil, with efficacies of 57 to 74% (P 0.01). Results suggested that oregano pure oil should be considered a viable alternative to synthetic acaricides for controlling V. destructor in honey bee colonies. The amount of carvacrol in honey produced by bees treated with oregano essential oil did not exceed the taste detection threshold of 0.1 ppm, and therefore, did not pose a risk of taste modification of natural honey.",http://europepmc.org/abstract/AGR/IND605588787,0,title
4977,rayyan-628424082,Evaluation of toxicity of biorational insecticides against larvae of the alfalfa weevil.,2016,Reddy GVP;Antwi FB;Shrestha G;Kuriwada T,10.1016/j.toxrep.2016.05.003,https://pubmed.ncbi.nlm.nih.gov/28959570/,Toxicology reports,04-nontarget-ecotox,04-nontarget-ecotox|01-existing-products,existing-products|nontarget,Named commercial Bb product or registry/approval product record; Pollinator exposure or bee-related Bb biocontrol/nontarget context,wave1_narrow_signal,high,accepted,,"The alfalfa weevil, Hypera postica (Coleoptera: Curculionidae), is a major pest of alfalfa Medicago sativa L. (Fabaceae). While H. postica usually causes the most damage before the first cutting, in summer of 2015 damaging levels of the pest persisted in Montana well after the first harvest of alfalfa. Although conventional insecticides can control H. postica, these chemicals have adverse effects on non-target organisms including pollinators and natural enemy insects. In this context, use of biorational insecticides would be the best alternative options, as they are known to pose less risk to non-target organisms. We therefore examined the six commercially available biorational insecticides against H. postica under laboratory condition: Mycotrol((R)) ESO (Beauveria bassiana GHA), Aza-Direct((R)) (Azadirachtin), Met52((R)) EC (Metarhizium brunneum F52), Xpectro OD((R)) (B. bassiana GHA + pyrethrins), Xpulse OD((R)) (B. bassiana GHA + Azadirachtin) and Entrust WP((R)) (spinosad 80%). Concentrations of 0.1, 0.5, 1.0, and 2.0 times the lowest labelled rates were tested for all products. However, in the case of Entrust WP, additional concentrations of 0.001 and 0.01 times the lowest label rate were also assessed. Mortality rates were determined at 1-9 days post treatment. Based on lethal concentrations and relative potencies, this study clearly showed that Entrust was the most effective, causing 100% mortality within 3 days after treatment among all the tested materials. With regard to other",https://doi.org/10.1016/j.toxrep.2016.05.003,0,doi
1564,rayyan-628420317,Exposure to a biopesticide interferes with sucrose responsiveness and learning in honey bees,2020,"Carlesso, Daniele;Smargiassi, Stefania;Sassoli, Lara;Cappa, Federico;Cervo, Rita;Baracchi, David",10.1038/s41598-020-76852-2,"[""http://europepmc.org/abstract/MED/33199794"", ""https://www.nature.com/articles/s41598-020-76852-2.pdf""]",Scientific reports,04-nontarget-ecotox,04-nontarget-ecotox,nontarget,Pollinator/bee-related Bb biocontrol or nontarget context,wave_full_remainder_strict,high,accepted,,"The entomopathogenic fungus Beauveria bassiana is a widely used biopesticide that is considered as an effective alternative to classical agrochemicals. B. bassiana is thought to be safe for pollinators although little is known about its side-effects on pollinators' behaviour and cognition. Here, we focused on honey bees and used the proboscis extension response (PER) protocol to assess whether B. bassiana affects individual sucrose responsiveness, non-associative and associative olfactory learning and memory. Fungus-treated bees displayed an enhanced sucrose responsiveness, which could not be explained by metabolic alterations. Strikingly, exposed bees were twice as inconsistent as controls in response to sucrose, showing PER to lower but not to higher sucrose concentrations. Exposed bees habituated less to sucrose and had a better acquisition performance in the conditioning phase than controls. Further, neither mid- nor long-term memory were affected by the fungus. As sucrose responsiveness is the main determinant of division of foraging labour, these changes might unsettle the numerical ratio between the sub-castes of foragers leading to suboptimal foraging. Although the use of biocontrol strategies should be preferred over chemical pesticides, careful assessment of their side-effects is crucial before claiming that they are safe for pollinators.",https://doi.org/10.1038/s41598-020-76852-2,0,doi
338,rayyan-628415636,"Impact of Commercial Beauveria bassiana Application on Okra (Abelmoschus esculentus) Insect Pests, Pollinator Densities and Some Growth and Fruit Parameters",2026,"I, Babayemi Hannah;T, Ayangbemi Busola;O, Filani Caroline;R, Pitan Olufemi;A, Kehinde Iyabode",10.21203/rs.3.rs-9264759/v1,"[""http://europepmc.org/abstract/PPR/PPR1172266"", ""https://doi.org/10.21203/rs.3.rs-9264759/v1""]",,04-nontarget-ecotox,04-nontarget-ecotox,nontarget,Pollinator exposure or bee-related Bb biocontrol/nontarget context,wave1_narrow_signal,high,accepted,,"Abstract Insect pest infestation severely constrains okra ( Abelmoschus esculentus L. Moench) production globally, prompting reliance on chemical insecticides with associated environmental and human health risks. This study evaluated the bio-efficacy of commercial Beauveria bassiana (Fixit-GATM) on pest density, pollinator abundance, agronomic characteristics, and fruit quality. Field trials were conducted across late (2021) and early (2022) growing seasons using a 43 factorial Randomized Complete Block Design. Treatments comprised four fungal concentrations (2.00-8.00 kg/ha) and three spray frequencies (weekly to tri-weekly). Weekly application at 8.00 kg/ha exhibited optimal efficacy, significantly (pPodagrica spp., Dysdercus cingulatus , Nezara viridula ) by 78-98% compared to untreated controls. Consequently, fruit damage decreased from 96.7% in controls to 15.47% in treated plots, substantially mitigating relative yield loss. Ecologically, B. bassiana treatment correlated with higher densities of the pollinator Apis mellifera (5.33 vs. 1.00 in control), contrasting with the reduction observed in the predatory coccinellid Cheilomenes lunata . Proximate analysis revealed no significant differences (p 0.05) in nutritional composition (moisture, protein, fiber, ash) between treated an",https://doi.org/10.21203/rs.3.rs-9264759/v1,0,doi
5107,rayyan-628424641,Impact of two treatments of a formulation of Beauveria bassiana (Deuteromycota: Hyphomycetes) conidia on Varroa mites (Acari: Varroidae) and on honeybee (Hymenoptera: Apidae) colony health.,2008,Meikle WG;Mercadier G;Holst N;Girod V,10.1007/s10493-008-9160-z,https://pubmed.ncbi.nlm.nih.gov/18506583/,Experimental & applied acarology,04-nontarget-ecotox,04-nontarget-ecotox,nontarget,Pollinator exposure or bee-related Bb biocontrol/nontarget context,wave1_narrow_signal,high,accepted,,"Bee colonies in southern France were treated with conidia (asexual spores) from two strains of Beauveria bassiana, an entomopathogenic fungus. One strain was commercial (GHA) and the other had been isolated from Varroa mites in the region (Bb05002). Objectives were to evaluate treatment effect on colony weight, adult bee mass, capped brood, and on Varroa fall onto sticky boards. Treatments included conidia formulated with either carnauba or candelilla wax powder, candelilla wax powder alone, or control; in two treatment groups formulation was applied a second time after one week. Treatment did not affect colony health. Colonies treated twice with Bb05002 conidia and carnauba wax powder had significantly higher mite fall compared to colonies treated with blank candelilla wax powder. The proportion of fallen mites that were infected in both conidia treatments was higher than controls for 18 days after the second treatment. The number of fungal propagules on the bees themselves remained elevated for about 14 days after the second treatment. These results were compared to published results from previous experiments with regard to infection duration.",https://doi.org/10.1007/s10493-008-9160-z,0,doi
5197,rayyan-628424977,Laboratory Risk Assessment of Three Entomopathogenic Fungi Used for Pest Control toward Social Bee Pollinators.,2022,Leite MOG;Alves DA;Lecocq A;Malaquias JB;Delalibera I Jr;Jensen AB,10.3390/microorganisms10091800,https://pubmed.ncbi.nlm.nih.gov/36144402/,Microorganisms,04-nontarget-ecotox,04-nontarget-ecotox,nontarget,Pollinator exposure or bee-related Bb biocontrol/nontarget context,wave1_narrow_signal,high,accepted,,"The use of fungal-based biopesticides to reduce pest damage and protect crop quality is often considered a low-risk control strategy. Nevertheless, risk assessment of mycopesticides is still needed since pests and beneficial insects, such as pollinators, co-exist in the same agroecosystem where mass use of this strategy occurs. In this context, we evaluated the effect of five concentrations of three commercial entomopathogenic fungi, Beauveria bassiana, Metarhizium anisopliae, and Cordyceps fumosorosea, by direct contact and ingestion, on the tropical stingless bees Scaptotrigona depilis and Tetragonisca angustula, temperate bee species, the honey bee Apis mellifera, and the bumble bee Bombus terrestris, at the individual level. Furthermore, we studied the potential of two infection routes, either by direct contact or ingestion. In general, all three fungi caused considerable mortalities in the four bee species, which differed in their response to the different fungal species. Scaptotrigona depilis and B. terrestris were more susceptible to B. bassiana than the other fungi when exposed topically, and B. terrestris and A. mellifera were more susceptible to M. anisopliae when exposed orally. Interestingly, increased positive concentration responses were not observed for all fungal species and application methods. For example, B. terrestris mortalities were similar at the lowest and highest fungal concentrations for both exposure methods. This study demonstrates that under labo",https://doi.org/10.3390/microorganisms10091800,0,doi
1687,rayyan-628420447,Leaf microbiota of strawberries as affected by biological control agents,2013,"Sylla, Justine;Alsanius, Beatrix W;Kruger, Erika;Reineke, Annette;Strohmeier, Stephan;Wohanka, Walter",10.1094/phyto-01-13-0014-r,"[""http://europepmc.org/abstract/MED/24020904"", ""https://apsjournals.apsnet.org/doi/pdf/10.1094/PHYTO-01-13-0014-R""]",Phytopathology,04-nontarget-ecotox,04-nontarget-ecotox|01-existing-products,existing-products|nontarget,Named commercial Bb product or registry/approval product record; Nontarget risk in delivery/product/horizontal Bb context,wave1_narrow_signal,high,accepted,,"The increasing use of biological control agents (BCAs) against Botrytis cinerea in strawberry raises the question of whether there are any undesirable impacts of foliar applications of BCAs on nontarget microorganisms in the phyllosphere. Therefore, our objective was to investigate this issue within a field study. Strawberry plants were repeatedly sprayed with three BCAs-namely, RhizoVital 42 fl. (Bacillus amyloliquefaciens FZB42), Trianum-P (Trichoderma harzianum T22), and Naturalis (Beauveria bassiana ATCC 74040)-to suppress Botrytis cinerea infections. Microbial communities of differentially treated leaves were analyzed using plate counts and pyrosequencing and compared with the microbial community of nontreated leaves. Plate count results indicate that the applied Bacillus and Trichoderma spp. survived in the strawberry phyllosphere throughout the strawberry season. However, no significant impacts on the leaf microbiota could be detected by this culture-dependent technique. Pyrosequencing of internal transcribed spacer ribosomal RNA and 16S RNA sequences revealed a change in fungal composition and diversity at class level after the introduction of T. harzianum T22 to the phyllosphere, whereas the bacterial composition and diversity was not affected by either this Trichoderma preparation or the other two BCAs. Our results suggest that pyrosequencing represents a useful method for studying microbial interactions in the phyllosphere.",https://doi.org/10.1094/phyto-01-13-0014-r,0,doi
460,rayyan-628415859,Lethal and sublethal toxicity assessment of Bacillus thuringiensis var. israelensis and Beauveria bassiana based bioinsecticides to the aquatic insect Chironomus riparius,2019,"Bordalo, M.D.;Gravato, C.;Beleza, S.;Campos, D.;Lopes, I.;Pestana, J.L.T.",10.1016/j.scitotenv.2019.134155,https://app.dimensions.ai/details/publication/pub.1120743950,Science of The Total Environment,04-nontarget-ecotox,04-nontarget-ecotox|01-existing-products,existing-products|nontarget,Named commercial Bb product or registry/approval product record; Nontarget risk in delivery/product/horizontal Bb context,wave1_narrow_signal,high,accepted,,"Despite being considered environmentally safe, a deeper environmental risk assessment is needed for microbial insecticides; special attention should be devoted to their sublethal toxicity to non-target species. This study evaluated effects of VectoBac(R) 12AS - VB (based on the bacterium Bacillus thurigiensis var. israelensis) and Naturalis(R)-L - NL (based on the fungus Beauveria bassiana) on the aquatic insect Chironomus riparius life-history and biochemical responses. Acute tests estimated a 48 h-LC50 (median lethal concentration) of 1.85 g/L (VB) and 34.7 mg/L (NL). Under sublethal exposure, VB decreased adults' emergence (LOEC - lowest observed effect concentration of 80 ng/L) while NL impaired larval growth (LOEC of 0.32 mg/L) and delayed emergence (LOEC of 2 mg/L for males and 0.8 mg/L for females). Despite not being monotonic, phenoloxidase activity increased (LOEC of 20 ng/L (VB) and 2 mg/L (NL)), suggesting activation of the immune system. There were no indications of oxidative damage nor neurotoxicity. Catalase activity was stimulated with all VB treatments, possibly associated with detoxification of immune response products. Under NL exposure, glutathione-S-transferase activity increased but did not show a dose-dependent response and, total glutathione decreased in the highest concentration. Exposure to both formulations caused the increase in protein content, while carbohydrate and lipids were not altered. This study revealed the susceptibility of C. ripa",https://doi.org/10.1016/j.scitotenv.2019.134155,0,doi
2026,rayyan-628420823,Lethality of the Entomogenous Fungus Beauveria bassiana Strain NI8 on Lygus lineolaris (Hemiptera:Miridae) and its Possible Impact on Beneficial Arthropods,2017,"Portilla, Maribel;Luttrell, Randall;Snodgrass, Gordon;Zhu, Yu Cheng;Riddick, Eric",,http://europepmc.org/abstract/AGR/IND605922757,Journal of Entomological Science,04-nontarget-ecotox,04-nontarget-ecotox,nontarget,Pollinator exposure or bee-related Bb biocontrol/nontarget context,wave1_narrow_signal,high,accepted,,"Bioassays were conducted to examine the pathogenicity of the fungus Beauveria bassiana (Balsamo) Vuillemin (Ascomycota: Hypocreales), strain NI8, against Lygus lineolaris (Palisot de Beauvois) and its impact on beneficial arthropods including Apis mellifera L., Crysoperla rufrilabris Burmeister, Orius insidiosus Say, Hippodamia convergens Gue rin-Me neville, Harmonia axyridis (Pallas), Coleomegilla maculata De Geer, and fieldcollected Aranea spiders Salticidae and Thomisidae. Insects were treated with four concentrations of NI8 (3.9 x 10(4), 2.3 x 10(5), 4.2 x 10(6), and 1.5 x 10(7) spores/ml) directly via topical spray. Median lethal concentration (LC50), sporulation response, and resistance ratio were estimated for all species except for the two groups of spiders. No significant differences in mortality (10 d after application) were observed among L. lineolaris, A. mellifera, and C. rufilabris, and all three species were highly affected when exposed to the highest concentrations of B. bassiana with 99.0, 98.2, and 90.0% mortality, respectively. Between 35 and 45% of the tested populations of O. insidiosus, H. convergens, field-collected crab spiders, and C. maculata were killed at 1.5 x 10(7) spores/ml; whereas only 22 and 27%, respectively, of the field-collected jumping spiders and H. axyridis were killed at 10 d with the same concentration. No significant differences were found between the LC50s measured for L. lineolaris and C. rufilabris 10 d after application. Result",http://europepmc.org/abstract/AGR/IND605922757,0,title
3815,rayyan-628422749,Pseudomonas contamination of a fungus-based biopesticide: Implications for honey bee (Hymenoptera: Apidae) health and Varroa mite (Acari: Varroidae) control,2012,"Meikle, William G;Mercadier, Guy;Guermache, Fatiha;Bon, Marie-Claude",10.1016/j.biocontrol.2011.12.004,"[""http://europepmc.org/abstract/AGR/IND44870809"", ""https://doi.org/10.1016/j.biocontrol.2011.12.004""]",Biological Control.,04-nontarget-ecotox,04-nontarget-ecotox,nontarget,Pollinator exposure or bee-related Bb biocontrol/nontarget context,wave2_gap_04_pollinator,high,accepted,,"The ectoparasitic mite Varroa destructor is a major honey bee pest, and its control using pathogen-based biopesticides would resolve many of the problems, such as contamination and pesticide resistance, experienced with chemical control. A biopesticide, formulated with commercially-prepared conidia of a strain of Beauveria bassiana isolated from V. destructor was tested against the mites in bee colonies in southern France. The impact of treatment on hive survivorship, weight and mite infestation levels were very different from those of previous experiments using laboratory-prepared conidia: bee hives treated with the biopesticide died at a higher rate, lost more weight, and had higher mite densities at the end of the study than control hives. The biopesticide was subsequently found to be contaminated with bacteria. Two strains of bacteria were identified, by biotyping and sequencing data of the 16S rRNA and rpoB regions, and while the strains were distinct both were Pseudomonas sp. belonging to the P. fluorescens group. In dual cultures B. bassiana growth was slowed or suppressed when bacterial cfu density was about equal or greater than that of B. bassiana. Experiments using caged adult bees showed that bees ingesting diet and sugar solution treated with B. bassiana and kept at 30AC had significantly lower survival times than those treated with one of the bacterial strains, but the opposite was true at 33AC. Because one arthropod (honey bees) was treated for infestation by",https://doi.org/10.1016/j.biocontrol.2011.12.004,0,doi
4437,rayyan-628423388,Review on safety of the entomopathogenic fungi Beauveria bassiana and Beauveria brongniartii,2007,"Zimmermann, G",10.1080/09583150701309006,"[""http://europepmc.org/abstract/AGR/IND43948321"", ""https://doi.org/10.1080/09583150701309006""]",Biocontrol science and technology.,04-nontarget-ecotox,04-nontarget-ecotox,nontarget,Pollinator exposure or bee-related Bb biocontrol/nontarget context,wave1_narrow_signal,high,accepted,,"The commercial use of entomopathogenic fungi and their products as mycoinsecticides necessitates their registration. Worldwide, several registration guidelines are available, however, most of them focus on similar or even the same safety issues. With respect to the two entomopathogenic fungi, Beauveria bassiana (Bals.-Criv.) Vuill. and Beauveria brongniartii (Sacc.) Petch, many commercial products have been developed, and numerous papers on different biological, environmental, toxicological and other safety aspects have been published during the past 30-40 years. The aim of the present review is to summarise these data. The following safety issues are presented: (1) identity of Beauveria spp.; (2) biological properties of Beauveria spp. (history, natural occurrence and geographical distribution, host range, mode of action, production of metabolites/toxins, effect of environmental factors); (3) analytical methods to determine and quantify residues; (4) fate and behaviour in the environment (mobility and persistence in air, water and soil); (5) effects on non-target organisms (non-target microorganisms, plants, soil organisms, aquatic organisms, predators, parasitoids, honey bees, earth worms and nontarget arthropods); (6) effects on vertebrates (fish, amphibia, reptiles and birds); and (7) effects on mammals and human health. Based on the present knowledge it is concluded that both Beauveria species are considered to be safe.",https://doi.org/10.1080/09583150701309006,0,doi
5637,rayyan-628426091,"Selection of entomopathogenic fungus Beauveria bassiana (Deuteromycotina: Hyphomycetes) for the biocontrol of Dendroctonus ponderosae (Coleoptera: Curculionidae, Scolytinae) in Western Canada.",2021,Rosana ARR;Pokorny S;Klutsch JG;Ibarra-Romero C;Sanichar R;Engelhardt D;van Belkum MJ;Erbilgin N;Bohlmann J;Carroll AL;Vederas JC,10.1007/s00253-021-11172-7,https://pubmed.ncbi.nlm.nih.gov/33590267/,Applied microbiology and biotechnology,04-nontarget-ecotox,04-nontarget-ecotox,nontarget,Pollinator exposure or bee-related Bb biocontrol/nontarget context,wave1_narrow_signal,high,accepted,,"The mountain pine beetle, Dendroctonus ponderosae, has infested over ~16 Mha of pine forests in British Columbia killing 50% of mature lodgepole pine, Pinus contorta, trees in affected stands. At present, it is functionally an invasive species in Alberta, killing and reproducing in evolutionarily naive populations of lodgepole pine (P. contorta), novel jack pine (P. banksiana), and their hybrids. The entomopathogenic fungus Beauveria bassiana has shown some potential as a biocontrol agent of several bark beetle species. In this study, nine isolates of B. bassiana were examined for insect virulence characteristics, including conidiation rate, pigmentation, and infection rate in laboratory-reared D. ponderosae, to assess for their potential as biocontrol agents. The strains were categorized into three phenotypic groups based on pigmentation, conidial density, and myceliation rate. Virulence screening utilizing insect-based agar medium (D. ponderosae and European honeybee Apis mellifera carcasses) revealed no difference in selection of fungal growth. However, infection studies on D. ponderosae and A. mellifera showed contrasting results. In vivo A. mellifera infection model revealed ~5% mortality, representing the natural death rate of the hive population, whereas laboratory-reared D. ponderosae showed 100% mortality and mycosis. The LT(50) (median lethal time 50) ranges from 2 to 5 0.33 days, and LT(100) ranges from 4 to 6 0.5 days. We discuss the selective advantages of",https://doi.org/10.1007/s00253-021-11172-7,0,doi
2274,rayyan-628421087,Side effects of a fungus-based biopesticide on stingless bee guarding behaviour,2022,"Almeida, Felipe Chagas Rocha;Magalhaes, Diego Martins;Favaris, Arodi Prado;Rodriguez, Jonathan;Azevedo, Kamila Emmanuella Xavier;Bento, Jose Mauricio Simoes;Alves, Denise Araujo",10.1016/j.chemosphere.2021.132147,"[""http://europepmc.org/abstract/MED/34492415"", ""https://doi.org/10.1016/j.chemosphere.2021.132147""]",Chemosphere,04-nontarget-ecotox,04-nontarget-ecotox,nontarget,Pollinator exposure or bee-related Bb biocontrol/nontarget context,wave2_gap_03_horizontal,high,accepted,,"Pathogenic fungi have been used worldwide to control crop pests and are assumed to pose negligible threats to the survival of pollinators. Although eusocial stingless bees provide essential pollination services and might be exposed to these biopesticides in tropical agroecosystems, there is a substantial knowledge gap regarding the side effects of fungal pathogens on behavioural traits that are crucial for colony functioning, such as guarding behaviour. Here, we evaluated the effect of Beauveria bassiana on the sophisticated kin recognition system of Tetragonisca angustula, a bee with morphologically specialized entrance guards. By combining behavioural assays and chemical analyses, we show that guards detect pathogen-exposed nestmates, preventing them from accessing nests. Furthermore, cuticular profiles of pathogen-exposed foragers contained significantly lower amounts of linear alkanes than the unexposed ones. Such chemical cues associated with fungal conidia may potentially trigger aggression towards pathogen-exposed bees, preventing pathogen spread into and among colonies. This is the first demonstration that this highly abundant native bee seems to respond in a much more adaptive way to a potentially infectious threat, outweighing the costs of losing foraging workforce when reducing the chances of fungal pathogen outbreaks within their colonies, than honeybees do.",https://doi.org/10.1016/j.chemosphere.2021.132147,0,doi
5012,rayyan-628424160,"Soil application of Beauveria bassiana GHA against apple sawfly, Hoplocampa testudinea (Hymenoptera: Tenthredinidae): Field mortality and fungal persistence.",2016,Swiergiel W;Meyling NV;Porcel M;Ramert B,10.1111/1744-7917.12233,https://pubmed.ncbi.nlm.nih.gov/25959579/,Insect science,04-nontarget-ecotox,04-nontarget-ecotox|01-existing-products,existing-products|nontarget,Named commercial Bb product or registry/approval product record; Nontarget risk in delivery/product/horizontal Bb context,wave1_narrow_signal,high,accepted,,"Low impact alternatives to synthetic insecticides for the control of apple sawfly (Hoplocampa testudinea Klug) are scarce encumbering pest management in organic apple orchards. We investigated the soil persistence and field efficacy of the entomopathogenic fungus Beauveria bassiana (Balsamo) Vuillemin (BotaniGard) against apple sawfly under common organic orchard practices. We also assessed the efficacy of B. bassiana GHA and Metarhizium brunneum Petch (indigenous strain) against sawfly in the laboratory. Larvae treated with either fungus in the laboratory died faster than control larvae and displayed 49.4%-68.4% mycosis. In the field, B. bassiana density remained high in the week after application, during larval descent to the soil. Fungal density decreased to 25% at 49 d after application and to 0.4% after 55 weeks. Molecular markers revealed that the majority of fungal isolates recovered comprised the applied B. bassiana strain GHA. Larvae pupating in soil cages in the orchard for 49 d displayed 17% mycosis. The high efficacy under laboratory conditions was not seen in the field. B. bassiana application resulted in densities above the upper natural background level during the growing season, but reversion to background levels occurred within a year. It remains to be investigated whether this has a detrimental effect on nontarget organisms. Additional work is needed to bridge the knowledge gap between laboratory and field efficacy in orchards.",https://doi.org/10.1111/1744-7917.12233,0,doi
3283,rayyan-628422200,Susceptibility of adult Aethina tumida (Coleoptera: Nitidulidae) to entomopathogenic fungi,2006,"Muerrle, TM;Neumann, P;Dames, JF;Hepburn, HR;Hill, MP",10.1093/jee/99.1.1,"[""http://europepmc.org/abstract/MED/16573316"", ""https://doi.org/10.1603/0022-0493(2006)099[0001:SOAATC]2.0.CO;2""]",Journal of economic entomology,04-nontarget-ecotox,04-nontarget-ecotox,nontarget,Pollinator exposure or bee-related Bb biocontrol/nontarget context,wave1_narrow_signal,high,accepted,,"Aethina tumida Murray (Coleoptera: Nitidulidae) is an invasive parasite species in populations of honey bees, Apis mellifera L. Aiming toward substitution of chemical control, we here identified a naturally occurring fungal pathogen of adult A. tumida from its endemic range in South Africa [Metarhizium anisopliae (Metschnikoff) Sorokin variety anisopliae strain FI-203]. The susceptibility of adult beetles (n = 400) to this fungus and to three other generalist entomopathogenic fungal isolates [Metarhizium anisopliae, Beauveria bassiana (Balsamo) Vuillemin, and Hirsutella illustris Minter & Brady] was assessed using spore suspension bioassays. The data revealed significantly increased mortality in the B. bassiana (74.00 +/- 8.94%) and M. anisopliae variety anisopliae (28.00 +/- 16.43%) tests but not in the H. illustris (2.00 +/- 4.47%) and M. anisopliae (12.00 +/- 8.37%) groups. The results indicate a potential for entomopathogenic fungi as an alternative control of A. tumida.",https://doi.org/10.1093/jee/99.1.1,0,doi
2295,rayyan-628421110,Susceptibility of the Western Honey Bee Apis mellifera and the African Stingless Bee Meliponula ferruginea (Hymenoptera: Apidae) to the Entomopathogenic Fungi Metarhizium anisopliae and Beauveria bassiana,2022,"Omuse, Evanson R;Niassy, Saliou;Wagacha, John M;Ong'amo, George O;Lattorff, H Michael G;Kiatoko, Nkoba;Mohamed, Samira A;Subramanian, Sevgan;Akutse, Komivi S;Dubois, Thomas",10.1093/jee/toab211,"[""http://europepmc.org/abstract/MED/35139218"", ""https://doi.org/10.1093/jee/toab211""]",Journal of economic entomology,04-nontarget-ecotox,04-nontarget-ecotox,nontarget,Pollinator exposure or bee-related Bb biocontrol/nontarget context,wave1_narrow_signal,high,accepted,,"This study assessed the nontarget effect of entomopathogenic fungi on the Western honey bee Apis mellifera L. and the African stingless bee Meliponula ferruginea Cockrell (Hymenoptera: Apidae). Pathogenicity of five Metarhizium anisopliae (ICIPE 7, ICIPE 20, ICIPE 62, ICIPE 69, and ICIPE 78) (Metschnikoff) Sorokin (Hypocreales: Clavicipitaceae) and one of Beauveria bassiana (ICIPE 284) (Balsamo) Vuillemin (Hypocreales: Cordicipitaceae) isolates were evaluated on bees at 108 conidia/ml. Conidial acquisition was evaluated immediately after exposure. Apis mellifera acquired more conidia (2.8 104-1.3 105 conidia per bee) compared to M. ferruginea (1.1 104-2.3 104 conidia per bee). In the bioassay with A. mellifera, ICIPE 7, ICIPE 20, and ICIPE 69 moderately reduced the survival by 16.9, 17.4, 15.3%, with lethal times LT10 = 7.4, 7.6, 8.1 d and LT25 = 8.7, 10.0, 9.9 d, respectively. The three isolates caused A. mellifera mycosis of 11.6-18.5%. None of the isolates had a significant effect on M. ferruginea. The tested isolates are nontoxic to bees according to the International Organization of Biological Control (IOBC) classification. However, the effect of ICIPE 7, ICIPE 20, and ICIPE 69 merits further studies on bee colonies, especially those of A. mellifera, under field conditions.",https://doi.org/10.1093/jee/toab211,0,doi
453,rayyan-628415847,Sustainable control of the bird cherry-oat aphid (Rhopalosiphum padi L.) in northwestern Ontario using Beauveria bassiana delivered by bumblebees,2025,"Kapongo, Jean Pierre;Kotomale, Morel Libere Comlan;Bin Lubusu, Alphonsine Muzinga;Nana, Romuald Simo;Tokam, Donald Rostand Fopie;Mboussou, Grace Suzert Nottin",10.3389/finsc.2025.1468262,https://app.dimensions.ai/details/publication/pub.1185666054,Frontiers in Insect Science,04-nontarget-ecotox,04-nontarget-ecotox,nontarget,Pollinator exposure or bee-related Bb biocontrol/nontarget context,wave1_narrow_signal,high,accepted,,"Rhopalosiphum padi is one of the main vectors of barley yellow dwarf virus (BYDV), which affects the grain yield of oats. Several biological control strategies have been studied to control this pest, one of which is Bee Vectoring Technology (BVT) using bumblebees. We tested the efficacy of Beauveria bassiana, as vectored by bumblebees, and a direct spray application of neem (a natural bio-insecticide derived from the Azadirachta indica tree) on aphids. An assessment of the pest's impact on the plots surveyed in northwestern Ontario revealed incidence rates of 80%. The use of bumblebees as a dispersal agent of B. bassiana significantly reduced the aphid population (0.542 0.147b) compared to the untreated control (0.125 0.069a). The application of diluted neem also showed a reduction in the aphid population (0.708 0.221a). Although the products used controlled the pests, they had no effect on the aphid's natural enemy, the ladybug. Therefore, the dissemination of B. bassiana by the bumblebee Bombus impatiens leads to a decrease in the vector Rhopalosiphum padi population and consequently reduces the severity of barley yellow dwarf disease in oat fields.",https://doi.org/10.3389/finsc.2025.1468262,0,doi
412,rayyan-628415753,Conclusion on the peer review of the pesticide risk assessment of the active substances Beauveria bassiana strains ATCC-74040 and GHA,2013,"Authority, European Food Safety",10.2903/j.efsa.2013.3031,https://app.dimensions.ai/details/publication/pub.1009204038,EFSA Journal,05-regulatory-policy,05-regulatory-policy|01-existing-products,regulatory-eu-approval|existing-products,EFSA/EU or regulatory Bb active-substance material; Named commercial Bb product or registry/approval product record,reaudit_prior_relevant,high,accepted,1,"The conclusions of the European Food Safety Authority (EFSA) following the peer review of the initial risk assessments carried out by the competent authority of the rapporteur Member State Germany, for the pesticide active substances Beauveria bassiana strains ATCC-74040 and GHA are reported. The context of the peer review was that required by Commission Regulation (EC) No 2229/2004, as amended by Commission Regulation (EC) No 1095/2007 and Commission Regulation (EU) No 114/2010. The conclusions were reached on the basis of the evaluation of the representative uses of Beauveria bassiana strains ATCC-74040 and GHA as an insecticide on tomatoes for strain ATCC-74040 and on tomatoes, cucumbers and ornamentals for strain GHA. The reliable endpoints concluded as being appropriate for use in regulatory risk assessment, derived from the available studies and literature in the dossier peer reviewed, are presented. Missing information identified as being required by the regulatory framework is listed. Concerns are identified.",https://doi.org/10.2903/j.efsa.2013.3031,0,doi
2554,rayyan-628421391,Peer review of the pesticide risk assessment of the active substance Beauveria bassiana IMI389521,2017,"=European Food Safety Authority (EFSA);Arena, Maria;Auteri, Domenica;Barmaz, Stefania;Bellisai, Giulia;Brancato, Alba;Brocca, Daniela;Bura, Laszlo;Byers, Harry;Chiusolo, Arianna;Court Marques, Daniele;Crivellente, Federica;De Lentdecker, Chloe;De Maglie, Marcella;Egsmose, Mark;Erdos, Zoltan;Fait, Gabriella;Ferreira, Lucien;Goumenou, Marina;Greco, Luna;Ippolito, Alessio;Istace, Frederique;Jarrah, Samira;Kardassi, Dimitra;Leuschner, Renata",10.2903/j.efsa.2017.4831,"[""http://europepmc.org/abstract/MED/32625636"", ""https://doi.org/10.2903/j.efsa.2017.4831""]",EFSA journal. European Food Safety Authority,05-regulatory-policy,05-regulatory-policy|01-existing-products,regulatory-eu-approval|existing-products,EFSA/EU or regulatory Bb active-substance material; Named commercial Bb product or registry/approval product record,reaudit_prior_relevant,high,accepted,1,"The conclusions of EFSA following the peer review of the initial risk assessments carried out by the competent authority of the rapporteur Member State, the Netherlands, for the pesticide active substance Beauveria bassiana IMI389521 are reported. The context of the peer review was that required by Regulation (EC) No 1107/2009 of the European Parliament and of the Council. The conclusions were reached on the basis of the evaluation of the representative use of Beauveria bassiana IMI389521 as an insecticide in empty post-harvest storage facilities. The reliable endpoints, appropriate for use in regulatory risk assessment are presented. Missing information identified as being required by the regulatory framework is listed. Concerns are identified.",https://doi.org/10.2903/j.efsa.2017.4831,0,doi
5493,rayyan-628425671,Peer review of the pesticide risk assessment of the active substance Beauveria bassiana strain 203.,2020,Anastassiadou M;Arena M;Auteri D;Brancato A;Bura L;Carrasco Cabrera L;Chaideftou E;Chiusolo A;Crivellente F;De Lentdecker C;Egsmose M;Fait G;Greco L;Ippolito A;Istace F;Jarrah S;Kardassi D;Leuschner R;Lostia A;Lythgo C;Magrans O;Mangas I;Miron I;Molnar T;Padovani L;Parra Morte JM;Pedersen R;Reich H;Santos M;Sharp R;Szentes C;Terron A;Tiramani M;Vagenende B;Villamar-Bouza L,10.2903/j.efsa.2020.6295,https://pubmed.ncbi.nlm.nih.gov/33209153/,EFSA journal. European Food Safety Authority,05-regulatory-policy,05-regulatory-policy|01-existing-products,regulatory-eu-approval|existing-products,EFSA/EU or regulatory Bb active-substance material; Named commercial Bb product or registry/approval product record,reaudit_prior_relevant,high,accepted,1,"The conclusions of EFSA following the peer review of the initial risk assessments carried out by the competent authority of the rapporteur Member State the Netherlands for the pesticide active substance Beauveria bassiana strain 203 are reported. The context of the peer review was that required by Regulation (EC) No 1107/2009 of the European Parliament and of the Council. The conclusions were reached on the basis of the evaluation of the representative uses of Beauveria bassiana strain 203 as an insecticide on Phoenix canariensis (field use, indoor and greenhouse applications) and Phoenix dactylifera (field use) in southern Europe. The reliable endpoints, appropriate for use in regulatory risk assessment, are presented. Missing information identified as being required by the regulatory framework is listed. Concerns are identified.",https://doi.org/10.2903/j.efsa.2020.6295,0,doi
6206,rayyan-628435603,Peer review of the pesticide risk assessment of the active substance Beauveria bassiana strain PPRI 5339.,2018,Arena M;Auteri D;Barmaz S;Brancato A;Brocca D;Bura L;Carrasco Cabrera L;Chiusolo A;Court Marques D;Crivellente F;De Lentdecker C;Egsmose M;Fait G;Ferreira L;Goumenou M;Greco L;Ippolito A;Istace F;Jarrah S;Kardassi D;Leuschner R;Lythgo C;Magrans JO;Medina P;Miron I;Molnar T;Nougadere A;Padovani L;Parra Morte JM;Pedersen R;Reich H;Sacchi A;Santos M;Serafimova R;Sharp R;Stanek A;Streissl F;Sturma J;Szentes C;Tarazona J;Terron A;Theobald A;Vagenende B;Villamar-Bouza L,10.2903/j.efsa.2018.5230,https://pubmed.ncbi.nlm.nih.gov/32625869/,EFSA journal. European Food Safety Authority,05-regulatory-policy,05-regulatory-policy|01-existing-products,regulatory-eu-approval|existing-products,EFSA/EU or regulatory Bb active-substance material; Named commercial Bb product or registry/approval product record,reaudit_prior_relevant,high,accepted,1,"The conclusions of EFSA following the peer review of the initial risk assessments carried out by the competent authority of the rapporteur Member State, the Netherlands, for the pesticide active substance Beauveria bassiana strain PPRI 5339 are reported. The context of the peer review was that required by Regulation (EC) No 1107/2009 of the European Parliament and of the Council. The conclusions were reached on the basis of the evaluation of the representative uses of Beauveria bassiana strain PPRI 5339 as an insecticide in protected Solanaceae (tomato, sweet pepper, aubergine, edible and processed fruits), in protected Cucurbitaceae (cucumber, edible and processed fruits) and in protected ornamentals. The reliable endpoints, appropriate for use in regulatory risk assessment are presented. Missing information identified as being required by the regulatory framework is listed. Concerns are identified.",https://doi.org/10.2903/j.efsa.2018.5230,0,doi
